<?xml version="1.0" encoding="ISO-8859-1"?>
<metadata>
	<idinfo>
		<citation>
			<citeinfo>
				<origin>Oregon Ocean-Coastal Management Program - Department of Land Conservation and Development.</origin>
				<pubdate>20080415.</pubdate>
				<pubtime>Unknown</pubtime>
				<title>Oregon Territorial Sea 3nm Polygon with NOAA ESI shoreline, OCMP, 2008</title>
				<geoform>vector digital data</geoform>
				<onlink>none</onlink>
				<ftname Sync="TRUE">OR_Territorial_Sea_Polygon_ESIshoreline_OCMP</ftname></citeinfo>
		</citation>
		<descript>
			<abstract>This data set shows the limit of Oregon's westward juridiction, three nautical mile into the Pacific Ocean from the westward most land (including islands).  The shoreline (eastern boundary) of the polygon was edited to match the NOAA Environmental Sensitivity Index (ESI) shoreline, except where the estuary mouths were closed.</abstract>
			<purpose>Resource management planning and mapping.</purpose>
			<langdata Sync="TRUE">en</langdata></descript>
		<timeperd>
			<timeinfo>
				<sngdate>
					<caldate>Unknown</caldate>
					<time>Unknown</time>
				</sngdate>
			</timeinfo>
			<current>Publication date.</current>
		</timeperd>
		<status>
			<progress>Complete</progress>
			<update>Periodic, as better source data become available.</update>
		</status>
		<spdom>
			<bounding>
				<westbc>-124.958731</westbc>
				<eastbc>-123.771717</eastbc>
				<northbc>46.254156</northbc>
				<southbc>41.986747</southbc>
			</bounding>
			<lboundng><leftbc Sync="TRUE">183871.737002</leftbc><rightbc Sync="TRUE">441563.625120</rightbc><bottombc Sync="TRUE">113414.844356</bottombc><topbc Sync="TRUE">1661038.856778</topbc></lboundng></spdom>
		<keywords>
			<theme>
				<themekt>None</themekt>
				<themekey>Boundary Representation</themekey>
				<themekey>Jurisdiction</themekey>
				<themekey>Oregon's Territorial Sea</themekey>
			</theme>
			<place>
				<placekt>None</placekt>
				<placekey>Oregon Coast</placekey>
				<placekey>Nearshore Ocean</placekey>
				<placekey>Territorial Sea</placekey>
			</place>
			<stratum>
				<stratkt>None</stratkt>
				<stratkey>Sea Surface</stratkey>
			</stratum>
		</keywords>
		<accconst>None.</accconst>
		<useconst>This data set was created for use by the Oregon Coastal Management Program (OCMP). Any other use/application of this information is the responsibility of the user and such use/application is at their own risk. The OCMP disclaims all liability regarding fitness of the information for any use other than OCMP business.  Users of this information should review or consult the primary data and information sources to ascertain the usability of the information.</useconst>
		<ptcontac>
			<cntinfo>
				<cntperp>
					<cntper>Tanya C. Haddad</cntper>
					<cntorg>Oregon Coastal Management Program</cntorg>
				</cntperp>
				<cntpos>Coastal Atlas Coordinator</cntpos>
				<cntaddr>
					<addrtype>mailing and physical address</addrtype>
					<address>800 NE Oregon St, #1145</address>
					<city>Portland</city>
					<state>OR</state>
					<postal>97232</postal>
					<country>USA</country>
				</cntaddr>
				<cntvoice>971-673-0962</cntvoice>
				<cntfax>971-673-0911</cntfax>
				<cntemail>tanya.haddad@state.or.us</cntemail>
			</cntinfo>
		</ptcontac>
		<native>Microsoft Windows XP Version 5.1 (Build 2600) Service Pack 2; ESRI ArcCatalog 9.2.4.1420</native>
		<natvform Sync="TRUE">Shapefile</natvform></idinfo>
	<dataqual>
		<logic>This theme was built for polygon topology.</logic>
		<complete>This theme covers all land and water within the Oregon coastal zone.</complete>
		<lineage>
			<srcinfo>
				<srccite>
					<citeinfo>
						<origin>OR/WA BLM</origin>
						<pubdate>2001</pubdate>
						<title>state_arc</title>
						<geoform>vector digital data</geoform>
						<pubinfo>
							<pubplace>Portland, OR</pubplace>
							<publish>OR BLM</publish>
						</pubinfo>
					</citeinfo>
				</srccite>
				<srcscale>24000</srcscale>
				<typesrc>online</typesrc>
				<srctime>
					<timeinfo>
						<rngdates>
							<begdate>1999</begdate>
							<begtime>Unknown</begtime>
							<enddate>2007</enddate>
							<endtime>Unknown</endtime>
						</rngdates>
					</timeinfo>
					<srccurr>publication date</srccurr>
				</srctime>
				<srccitea>BLM_OR</srccitea>
				<srccontr>Lines</srccontr>
			</srcinfo>
			<procstep>
				<procdesc>All data processed in ArcGIS, v9.2.  A selection by attribute was made on BLM_OR where "source" = 'MMS'.  Selected features were written to new shapefile in Oregon Lambert projection.</procdesc>
				<procdate>20080415</procdate>
				<proccont>
					<cntinfo>
						<cntperp>
							<cntper>Randy Dana</cntper>
							<cntorg>Oregon Ocean-Coastal Management Program - Department of Land Conservation and Development</cntorg>
						</cntperp>
						<cntpos>GIS Coordinator</cntpos>
						<cntaddr>
							<addrtype>mailing and physical address</addrtype>
							<address>800 NE Oregon Street #18</address>
							<city>Portland</city>
							<state>Oregon</state>
							<postal>97232</postal>
							<country>USA</country>
						</cntaddr>
						<cntvoice>971-673-0960</cntvoice>
						<cntfax>971-673-0911</cntfax>
						<cntemail>randy.dana@state.or.us</cntemail>
					</cntinfo>
				</proccont>
			</procstep>
			<procstep>
				<procdesc>Metadata imported.</procdesc>
			</procstep>
			<procstep><procdesc Sync="TRUE">Metadata imported.</procdesc><srcused Sync="TRUE">C:\DOCUME~1\laniera\LOCALS~1\Temp\xml3E.tmp</srcused><date Sync="TRUE">20080929</date><time Sync="TRUE">09305200</time></procstep><procstep><procdesc Sync="TRUE">Dataset copied.</procdesc><srcused Sync="TRUE">C:\ORMpa\State_Data\Human_Dimension\OR_Territorial_Sea_Poly\OR_Territorial_Sea_Polygon_ESIshoreline_OCMP</srcused><date Sync="TRUE">20090319</date><time Sync="TRUE">12294600</time></procstep><procstep><procdesc Sync="TRUE">Dataset copied.</procdesc><srcused Sync="TRUE"></srcused><date Sync="TRUE">20090326</date><time Sync="TRUE">15365900</time></procstep><procstep><procdesc Sync="TRUE">Dataset copied.</procdesc><srcused Sync="TRUE">D:\charles\soorc\data\Base\Shoreline\OR_Territorial_Sea_ESIshoreline_RESHP</srcused><procdate Sync="TRUE">20100104</procdate><proctime Sync="TRUE">13512000</proctime></procstep><procstep><procdesc Sync="TRUE">Dataset copied.</procdesc><srcused Sync="TRUE"></srcused><procdate Sync="TRUE">20100104</procdate><proctime Sync="TRUE">15080600</proctime></procstep><procstep><procdesc Sync="TRUE">Dataset copied.</procdesc><srcused Sync="TRUE"></srcused><procdate Sync="TRUE">20100115</procdate><proctime Sync="TRUE">10434600</proctime></procstep></lineage>
		<cloud>0</cloud>
	</dataqual>
	<spdoinfo>
		<direct>Vector</direct>
		<ptvctinf>
			<sdtsterm Name="OR_Territorial_Sea_Polygon_ESIshoreline_OCMP">
				<sdtstype>String</sdtstype>
				<ptvctcnt>171</ptvctcnt>
			</sdtsterm>
			<esriterm Name="OR_Territorial_Sea_Polygon_ESIshoreline_OCMP"><efeatyp Sync="TRUE">Simple</efeatyp><efeageom Sync="TRUE">Polygon</efeageom><esritopo Sync="TRUE">FALSE</esritopo><efeacnt Sync="TRUE">1</efeacnt><spindex Sync="TRUE">TRUE</spindex><linrefer Sync="TRUE">FALSE</linrefer></esriterm></ptvctinf>
	</spdoinfo>
	<spref>
		<horizsys>
			<planar>
				<planci>
					<plance>Coordinate Pair</plance>
					<coordrep>
						<absres>0</absres>
						<ordres>0</ordres>
					</coordrep>
					<plandu>international feet</plandu>
				</planci>
				<mapproj><mapprojn Sync="TRUE">Lambert Conformal Conic</mapprojn><lambertc><stdparll Sync="TRUE">43.000000</stdparll><stdparll Sync="TRUE">45.500000</stdparll><longcm Sync="TRUE">-120.500000</longcm><latprjo Sync="TRUE">41.750000</latprjo><feast Sync="TRUE">1312335.958005</feast><fnorth Sync="TRUE">0.000000</fnorth></lambertc></mapproj></planar>
			<geodetic>
				<horizdn>North American Datum of 1983</horizdn>
				<ellips>Geodetic Reference System 80</ellips>
				<semiaxis>6378137</semiaxis>
				<denflat>298.257222</denflat>
			</geodetic>
			<cordsysn><geogcsn Sync="TRUE">GCS_North_American_1983</geogcsn><projcsn Sync="TRUE">OGIC</projcsn></cordsysn></horizsys>
	</spref>
	<eainfo>
		<detailed Name="OR_Territorial_Sea_Polygon_ESIshoreline_OCMP">
			<enttyp>
				<enttypl>tersea_line</enttypl>
				<enttypt Sync="TRUE">Feature Class</enttypt><enttypc Sync="TRUE">1</enttypc></enttyp>
			<attr>
				<attrlabl>FID</attrlabl>
				<attrdef>Internal feature number.</attrdef>
				<attrdefs>ESRI</attrdefs>
				<attrdomv>
					<udom>Sequential unique whole numbers that are automatically generated.</udom>
				</attrdomv>
				<attrtype Sync="TRUE">OID</attrtype><attwidth Sync="TRUE">4</attwidth><attalias Sync="TRUE">FID</attalias><atprecis Sync="TRUE">0</atprecis><attscale Sync="TRUE">0</attscale></attr>
			<attr>
				<attrlabl>Shape</attrlabl>
				<attrdef>Feature geometry.</attrdef>
				<attrdefs>ESRI</attrdefs>
				<attrdomv>
					<udom>Coordinates defining the features.</udom>
				</attrdomv>
				<attrtype Sync="TRUE">Geometry</attrtype><attwidth Sync="TRUE">0</attwidth><attalias Sync="TRUE">Shape</attalias><atprecis Sync="TRUE">0</atprecis><attscale Sync="TRUE">0</attscale></attr>
			<attr><attrlabl Sync="TRUE">AREA</attrlabl><attalias Sync="TRUE">AREA</attalias><attrtype Sync="TRUE">Float</attrtype><attwidth Sync="TRUE">19</attwidth><atnumdec Sync="TRUE">11</atnumdec></attr><attr><attrlabl Sync="TRUE">PERIMETER</attrlabl><attalias Sync="TRUE">PERIMETER</attalias><attrtype Sync="TRUE">Float</attrtype><attwidth Sync="TRUE">19</attwidth><atnumdec Sync="TRUE">11</atnumdec></attr><attr><attrlabl Sync="TRUE">TSEAESIP2_</attrlabl><attalias Sync="TRUE">TSEAESIP2_</attalias><attrtype Sync="TRUE">Number</attrtype><attwidth Sync="TRUE">9</attwidth></attr><attr><attrlabl Sync="TRUE">TSEAESIP21</attrlabl><attalias Sync="TRUE">TSEAESIP21</attalias><attrtype Sync="TRUE">Number</attrtype><attwidth Sync="TRUE">9</attwidth></attr><attr><attrlabl Sync="TRUE">Shape_Leng</attrlabl><attalias Sync="TRUE">Shape_Leng</attalias><attrtype Sync="TRUE">Float</attrtype><attwidth Sync="TRUE">19</attwidth><atnumdec Sync="TRUE">11</atnumdec></attr><attr><attrlabl Sync="TRUE">Shape_Area</attrlabl><attalias Sync="TRUE">Shape_Area</attalias><attrtype Sync="TRUE">Float</attrtype><attwidth Sync="TRUE">19</attwidth><attrdef Sync="TRUE">Area of feature in internal units squared.</attrdef><attrdefs Sync="TRUE">ESRI</attrdefs><attrdomv><udom Sync="TRUE">Positive real numbers that are automatically generated.</udom></attrdomv><atnumdec Sync="TRUE">11</atnumdec></attr></detailed>
	</eainfo>
	<distinfo>
		<distrib>
			<cntinfo>
				<cntaddr>
					<addrtype>physical address</addrtype>
					<city>Menlo Park</city>
					<state>CA</state>
				</cntaddr>
			</cntinfo>
		</distrib>
		<resdesc>Downloadable Data</resdesc>
		<stdorder>
			<digform>
				<digtinfo>
					<transize>1.235</transize>
					<dssize Sync="TRUE">1.608</dssize></digtinfo>
			</digform>
		</stdorder>
		<availabl>
			<timeinfo>
				<sngdate>
					<caldate>19990101</caldate>
					<time>Unknown</time>
				</sngdate>
			</timeinfo>
		</availabl>
	</distinfo>
	<metainfo>
		<metd>20080415</metd>
		<metrd></metrd>
		<metfrd></metfrd>
		<metc>
			<cntinfo>
				<cntperp>
					<cntper>Randy Dana</cntper>
					<cntorg>Oregon Ocean-Coastal Management Program - Department of Land Conservation and Development</cntorg>
				</cntperp>
				<cntpos>GIS Coordinator</cntpos>
				<cntaddr>
					<addrtype>mailing and physical address</addrtype>
					<address>800 NE Oregon Street #18</address>
					<city>Portland</city>
					<state>Oregon</state>
					<postal>97232</postal>
					<country>USA</country>
				</cntaddr>
				<cntvoice>971-673-0960</cntvoice>
				<cntfax>971-673-0911</cntfax>
				<cntemail>randy.dana@state.or.us</cntemail>
			</cntinfo>
		</metc>
		<metstdn>FGDC Content Standards for Digital Geospatial Metadata</metstdn>
		<metstdv>FGDC-STD-001-1998</metstdv>
		<mettc>local time</mettc>
		<metextns>
			<onlink>http://www.esri.com/metadata/esriprof80.html</onlink>
			<metprof>ESRI Metadata Profile</metprof>
		</metextns>
		<metextns>
			<onlink>http://www.esri.com/metadata/esriprof80.html</onlink>
			<metprof>ESRI Metadata Profile</metprof>
		</metextns>
		<langmeta Sync="TRUE">en</langmeta><metextns><onlink Sync="TRUE">http://www.esri.com/metadata/esriprof80.html</onlink><metprof Sync="TRUE">ESRI Metadata Profile</metprof></metextns></metainfo>
	<Esri><CreaDate>20100115</CreaDate><CreaTime>10434600</CreaTime><SyncOnce>FALSE</SyncOnce><SyncDate>20090319</SyncDate><SyncTime>13223000</SyncTime><ModDate>20090319</ModDate><ModTime>13223000</ModTime><MetaID>{50F25C2D-7F80-464A-9D43-23F9EC70BAAD}</MetaID><DataProperties><lineage><Process ToolSource="C:\ArcGISdesktop\ArcGIS\ArcToolbox\Toolboxes\Data Management Tools.tbx\Project" Date="20100115" Time="104346">Project OR_coast_CA_WA K:\projects\SpatialWebSurveyTool\Oregon\BaseData\OregonRecClipRegion.shp PROJCS['NAD_1983_California_Teale_Albers',GEOGCS['GCS_North_American_1983',DATUM['D_North_American_1983',SPHEROID['GRS_1980',6378137.0,298.257222101]],PRIMEM['Greenwich',0.0],UNIT['Degree',0.0174532925199433]],PROJECTION['Albers'],PARAMETER['False_Easting',0.0],PARAMETER['False_Northing',-4000000.0],PARAMETER['Central_Meridian',-120.0],PARAMETER['Standard_Parallel_1',34.0],PARAMETER['Standard_Parallel_2',40.5],PARAMETER['Latitude_Of_Origin',0.0],UNIT['Meter',1.0]] # PROJCS['OGIC',GEOGCS['GCS_North_American_1983',DATUM['D_North_American_1983',SPHEROID['GRS_1980',6378137.0,298.257222101]],PRIMEM['Greenwich',0.0],UNIT['Degree',0.0174532925199433]],PROJECTION['Lambert_Conformal_Conic'],PARAMETER['False_Easting',1312335.958005249],PARAMETER['False_Northing',0.0],PARAMETER['Central_Meridian',-120.5],PARAMETER['Standard_Parallel_1',43.0],PARAMETER['Standard_Parallel_2',45.5],PARAMETER['Scale_Factor',1.0],PARAMETER['Latitude_Of_Origin',41.75],UNIT['Foot',0.3048]]</Process></lineage></DataProperties></Esri><distInfo><distributor><distorTran><onLineSrc><linkage Sync="TRUE">file://</linkage><protocol Sync="TRUE">Local Area Network</protocol><orDesc Sync="TRUE">002</orDesc></onLineSrc><transSize Sync="TRUE">1.608</transSize></distorTran><distorFormat><formatName Sync="TRUE">Shapefile</formatName></distorFormat></distributor></distInfo><dataIdInfo><envirDesc Sync="TRUE">Microsoft Windows XP Version 5.1 (Build 2600) Service Pack 3; ESRI ArcCatalog 9.3.1.1850</envirDesc><dataLang><languageCode Sync="TRUE" value="en"></languageCode></dataLang><idCitation><resTitle Sync="TRUE">OR_Territorial_Sea_Polygon_ESIshoreline_OCMP</resTitle><presForm><PresFormCd Sync="TRUE" value="005"></PresFormCd></presForm></idCitation><spatRpType><SpatRepTypCd Sync="TRUE" value="001"></SpatRepTypCd></spatRpType><dataExt><geoEle><GeoBndBox esriExtentType="native"><westBL Sync="TRUE">183871.737002</westBL><eastBL Sync="TRUE">441563.62512</eastBL><northBL Sync="TRUE">1661038.856778</northBL><southBL Sync="TRUE">113414.844356</southBL><exTypeCode Sync="TRUE">1</exTypeCode></GeoBndBox></geoEle></dataExt><geoBox esriExtentType="decdegrees"><westBL Sync="TRUE">-124.958731</westBL><eastBL Sync="TRUE">-123.703376</eastBL><northBL Sync="TRUE">46.256309</northBL><southBL Sync="TRUE">41.98281</southBL><exTypeCode Sync="TRUE">1</exTypeCode></geoBox></dataIdInfo><mdLang><languageCode Sync="TRUE" value="en"></languageCode></mdLang><mdStanName Sync="TRUE">ISO 19115 Geographic Information - Metadata</mdStanName><mdStanVer Sync="TRUE">DIS_ESRI1.0</mdStanVer><mdChar><CharSetCd Sync="TRUE" value="004"></CharSetCd></mdChar><mdHrLv><ScopeCd Sync="TRUE" value="005"></ScopeCd></mdHrLv><mdHrLvName Sync="TRUE">dataset</mdHrLvName><refSysInfo><RefSystem><refSysID><identCode Sync="TRUE">OGIC</identCode></refSysID></RefSystem></refSysInfo><spatRepInfo><VectSpatRep><topLvl><TopoLevCd Sync="TRUE" value="001"></TopoLevCd></topLvl><geometObjs Name="OR_Territorial_Sea_Polygon_ESIshoreline_OCMP"><geoObjTyp><GeoObjTypCd Sync="TRUE" value="001"></GeoObjTypCd></geoObjTyp><geoObjCnt Sync="TRUE">1</geoObjCnt></geometObjs></VectSpatRep></spatRepInfo><mdDateSt Sync="TRUE">20090319</mdDateSt></metadata>
