[
  {
    "pk": 15, 
    "model": "auth.user", 
    "fields": {
      "username": "skruse", 
      "first_name": "Sarah", 
      "last_name": "Kruse", 
      "is_active": true, 
      "is_superuser": true, 
      "is_staff": true, 
      "last_login": "2009-07-16 12:42:00", 
      "groups": [], 
      "user_permissions": [], 
      "password": "sha1$02d3c$578ad36cde14518a9a779c42e9fa6157bd0bba37", 
      "email": "skruse@ecotrust.org", 
      "date_joined": "2009-07-16 12:42:00"
    }
  }, 
  {
    "pk": 22, 
    "model": "auth.user", 
    "fields": {
      "username": "testadmin", 
      "first_name": "", 
      "last_name": "", 
      "is_active": true, 
      "is_superuser": true, 
      "is_staff": true, 
      "last_login": "2009-08-18 11:32:28", 
      "groups": [], 
      "user_permissions": [], 
      "password": "sha1$c2f6e$2081e09135a3439583b21845c399b4e4de516e44", 
      "email": "", 
      "date_joined": "2009-07-29 12:11:01"
    }
  }, 
  {
    "pk": 37, 
    "model": "auth.user", 
    "fields": {
      "username": "sample", 
      "first_name": "Sample User", 
      "last_name": "", 
      "is_active": true, 
      "is_superuser": false, 
      "is_staff": false, 
      "last_login": "2009-08-18 11:35:53", 
      "groups": [], 
      "user_permissions": [], 
      "password": "sha1$a38fb$b4c9ff86cfa046e55d14755f7c3032a3789ba0c1", 
      "email": "", 
      "date_joined": "2009-08-18 11:35:21"
    }
  }, 
  {
    "pk": 13, 
    "model": "auth.user", 
    "fields": {
      "username": "charles", 
      "first_name": "Charles", 
      "last_name": "Steinback", 
      "is_active": true, 
      "is_superuser": false, 
      "is_staff": false, 
      "last_login": "2009-08-05 11:10:31", 
      "groups": [], 
      "user_permissions": [], 
      "password": "sha1$9100e$35ef63fdf06e0644dfbef7fe17c25b81d69494b8", 
      "email": "charles@ecotrust.org", 
      "date_joined": "2009-07-16 12:34:20"
    }
  }, 
  {
    "pk": 14, 
    "model": "auth.user", 
    "fields": {
      "username": "jbonkoski", 
      "first_name": "Jon", 
      "last_name": "Bonkoski", 
      "is_active": true, 
      "is_superuser": true, 
      "is_staff": true, 
      "last_login": "2009-08-11 14:15:32", 
      "groups": [], 
      "user_permissions": [], 
      "password": "sha1$3b6ab$e9957ce4b6834200e678702207f7b80b6ddd3554", 
      "email": "jbonkoski@ecotrust.org", 
      "date_joined": "2009-07-16 12:40:36"
    }
  }, 
  {
    "pk": 1, 
    "model": "auth.user", 
    "fields": {
      "username": "ken", 
      "first_name": "", 
      "last_name": "", 
      "is_active": true, 
      "is_superuser": true, 
      "is_staff": true, 
      "last_login": "2009-08-11 16:49:34", 
      "groups": [], 
      "user_permissions": [], 
      "password": "sha1$a4475$a288560222f949e68985d76550dce47203e01ed7", 
      "email": "k@e.org", 
      "date_joined": "2009-05-21 10:51:22"
    }
  }, 
  {
    "pk": 45, 
    "model": "auth.user", 
    "fields": {
      "username": "test", 
      "first_name": "Sample User", 
      "last_name": "", 
      "is_active": true, 
      "is_superuser": false, 
      "is_staff": false, 
      "last_login": "2009-08-22 16:07:10", 
      "groups": [], 
      "user_permissions": [], 
      "password": "sha1$a4299$63b5445c58cce66ee9186f36beba914914c94c5e", 
      "email": "", 
      "date_joined": "2009-08-22 16:05:59"
    }
  }, 
  {
    "pk": 12, 
    "model": "auth.user", 
    "fields": {
      "username": "twelch", 
      "first_name": "", 
      "last_name": "", 
      "is_active": true, 
      "is_superuser": true, 
      "is_staff": true, 
      "last_login": "2009-09-21 03:05:25", 
      "groups": [], 
      "user_permissions": [], 
      "password": "sha1$27391$54af43a321920966da0cc5d5931fe311bfcf09ec", 
      "email": "", 
      "date_joined": "2009-07-01 13:21:23"
    }
  }, 
  {
    "pk": 2, 
    "model": "gwst_app.region", 
    "fields": {
      "code": "ORCC", 
      "name": "Oregon Central Coast", 
      "bounds": null
    }
  }, 
  {
    "pk": 1, 
    "model": "gwst_app.region", 
    "fields": {
      "code": "NCCA", 
      "name": "California North Coast", 
      "bounds": null
    }
  }, 
  {
    "pk": 1, 
    "model": "gwst_app.resource", 
    "fields": {
      "shape_color": "00FFFF", 
      "select_description": "", 
      "code": "sal", 
      "name": "Salmon"
    }
  }, 
  {
    "pk": 4, 
    "model": "gwst_app.resource", 
    "fields": {
      "shape_color": "00FF00", 
      "select_description": "", 
      "code": "dcrb", 
      "name": "Dungeness Crab"
    }
  }, 
  {
    "pk": 5, 
    "model": "gwst_app.resource", 
    "fields": {
      "shape_color": "0000FF", 
      "select_description": "", 
      "code": "phal", 
      "name": "Pacific Halibut"
    }
  }, 
  {
    "pk": 9, 
    "model": "gwst_app.resource", 
    "fields": {
      "shape_color": "888800", 
      "select_description": "", 
      "code": "shray", 
      "name": "Sharks/Rays"
    }
  }, 
  {
    "pk": 10, 
    "model": "gwst_app.resource", 
    "fields": {
      "shape_color": "008888", 
      "select_description": "", 
      "code": "atna", 
      "name": "Albacore Tuna"
    }
  }, 
  {
    "pk": 11, 
    "model": "gwst_app.resource", 
    "fields": {
      "shape_color": "FF8888", 
      "select_description": "", 
      "code": "hsqd", 
      "name": "Humboldt Squid"
    }
  }, 
  {
    "pk": 7, 
    "model": "gwst_app.resource", 
    "fields": {
      "shape_color": "8888FF", 
      "select_description": "", 
      "code": "oflt", 
      "name": "Other Flatfish (soles, turbots)"
    }
  }, 
  {
    "pk": 15, 
    "model": "gwst_app.resource", 
    "fields": {
      "shape_color": "88FF88", 
      "select_description": "", 
      "code": "abl", 
      "name": "Abalone"
    }
  }, 
  {
    "pk": 16, 
    "model": "gwst_app.resource", 
    "fields": {
      "shape_color": "FFFF88", 
      "select_description": "", 
      "code": "urch", 
      "name": "Urchin"
    }
  }, 
  {
    "pk": 17, 
    "model": "gwst_app.resource", 
    "fields": {
      "shape_color": "FF88FF", 
      "select_description": "", 
      "code": "rscl", 
      "name": "Rock Scallops"
    }
  }, 
  {
    "pk": 14, 
    "model": "gwst_app.resource", 
    "fields": {
      "shape_color": "88FFFF", 
      "select_description": "", 
      "code": "sndb", 
      "name": "Sanddabs"
    }
  }, 
  {
    "pk": 6, 
    "model": "gwst_app.resource", 
    "fields": {
      "shape_color": "666666", 
      "select_description": "", 
      "code": "chal", 
      "name": "California Halibut"
    }
  }, 
  {
    "pk": 18, 
    "model": "gwst_app.resource", 
    "fields": {
      "shape_color": "FF0033", 
      "select_description": "Represents your pre-RCA fishing grounds.  See instructions above.", 
      "code": "rckpr", 
      "name": "Rockfish A - (Pre-RCA)"
    }
  }, 
  {
    "pk": 19, 
    "model": "gwst_app.resource", 
    "fields": {
      "shape_color": "FFCC00", 
      "select_description": "Represents your Post-RCA fishing grounds.  See instructions above.", 
      "code": "rckpo", 
      "name": "Rockfish B - (Post-RCA)"
    }
  }, 
  {
    "pk": 3, 
    "model": "gwst_app.resource", 
    "fields": {
      "shape_color": "FF00FF", 
      "select_description": "Represents what your rockfish grounds would be if closure areas were removed.  See instructions above.", 
      "code": "rock", 
      "name": "Rockfish C - (Cumulative)"
    }
  }, 
  {
    "pk": 20, 
    "model": "gwst_app.resource", 
    "fields": {
      "shape_color": "FFFF00", 
      "select_description": "", 
      "code": "clm", 
      "name": "Clams"
    }
  }, 
  {
    "pk": 21, 
    "model": "gwst_app.resource", 
    "fields": {
      "shape_color": "FF6600", 
      "select_description": "", 
      "code": "pch", 
      "name": "Perch"
    }
  }, 
  {
    "pk": 8, 
    "model": "gwst_app.resource", 
    "fields": {
      "shape_color": "880088", 
      "select_description": "", 
      "code": "bait", 
      "name": "Anchovy/Herring/Smelt (bait fish)"
    }
  }, 
  {
    "pk": 2, 
    "model": "gwst_app.interview", 
    "fields": {
      "code": "ORRrecfish", 
      "name": "ORCC rec fisherman", 
      "region": 2, 
      "resource_name_plural": "species", 
      "draw_shape_text": "", 
      "resource_action": "target", 
      "resource_name": "species", 
      "active": false, 
      "organization": "Ecotrust", 
      "assign_groups_text": "", 
      "group_status_text": "", 
      "interview_complete_text": "", 
      "description": "Oregon central coast rec fishermen"
    }
  }, 
  {
    "pk": 1, 
    "model": "gwst_app.interview", 
    "fields": {
      "code": "NCrecfish", 
      "name": "MLPA North Coast Recreational Fishing Survey", 
      "region": 1, 
      "resource_name_plural": "species", 
      "draw_shape_text": "<div id=\"help_panel\">\r\n\r\n<b> Getting Started </b>\r\n\r\n<p>Take the time to learn how to use this drawing tool before you dive in.  The instructions and videos provided will quickly show you through the entire process</p>\r\n\r\n<b>How It Works</b>\r\n\r\n<p>The way the drawing process works is <b>for each species group</b> you target, you are given an imaginary bag of <b>100 pennies</b>.  You will draw shapes on the map representing your fishing grounds and then place some number of pennies on those shapes. The more pennies you place on a shape, the more value or importance you are placing on it. Keep doing this until you have drawn all your shapes and used all your pennies.  This process may seem overly complicated but it will allow the potential impact of MPA's on each fishery and each region to be measured much more accurately.</p>\r\n\r\n<p>How many shapes you draw and how specific you are is up to you.  Most people draw between 3 and 8 shapes per fishery per user group. </p>\r\n\r\n<b>More Help</b>\r\n\r\n<p>To get this window back after closing it, click the Help button in the upper right.  Additional help can be found on our <a href='/faq' target='_blank'>frequently asked questions</a> page. Please do not hesitate to email <a href=\"mailto:fish@ecotrust.org\">fish@ecotrust.org</a> if you need more help.\r\n</p>\r\n<br/>\r\n<button type='button' onclick='gwst.app.splashTabs.activate(gwst.app.helpScreenText)'>Go To Instructions/Videos</button>&nbsp;&nbsp;&nbsp;&nbsp;<i><b>Highly Recommended</b></i>\r\n<br/> \r\n<button type='button' onclick='gwst.app.helpWindow.hide()'>Get Started</button>\r\n</div>", 
      "resource_action": "target", 
      "resource_name": "species", 
      "active": true, 
      "organization": "Ecotrust", 
      "assign_groups_text": "<p>What percentage of time do you spend fishing in each of these user groups?</p>\r\n<p><i>[Note: You won't be surveyed for groups you don't provide a value for here.  Also these values must add up to 100%.  For example, if someone participates in both kayak angling and dive angling, they might enter 60% for kayak angling, 40% for dive angling and nothing for private vessel angling.]</i></p>", 
      "group_status_text": "Please carefully read all instructions and complete the survey.  You will be asked to answer questions and draw your fishing grounds.  The drawing portion of the survey can be technically challenging for some and you may get discouraged at the amount of time it will take you.  This is a necessary part of the survey and provides the best representation of your fishing interests so please be persistent and seek help from others if needed.  The time you'll spend on this survey is probably small compared to the time you spend fishing.  This is an opportunity for your voice to be heard.\r\n<br/><br/>\r\nIf you have questions about Ecotrust's involvement in the MLPA process and what your incentive is to reveal your fishing grounds to us, please <a target='_blank' href='http://www.ecotrust.org/mlpa/'>visit our MLPA page</a>.\r\n<br/><br/>\r\nWe are listening to your feedback. If you have technical problems please read our <a href='/faq' target='_blank'>Frequently Asked Questions</a>.  If you are finding the online interview too difficult to complete, please email us at fish@ecotrust.org or call us using the number provided in your registration email and we will find a way to get your information included into this process.", 
      "interview_complete_text": "<p>The fishing grounds you provided will be edited if necessary, using any bounding information you provided (e.g. north, south, east, and west boundaries).  Our team will then begin the analytical process where all the surveys are aggregated to create maps of important fishing grounds for different user-group/fishery combinations.</p>\r\n\r\n<p>When the initial round of analysis is complete we will conduct reviews by port group. This will provide an opportunity for groups of fishermen to give feedback on the accuracy of the regional data. Again, this will be done in such a way that your individual fishing grounds will not be identifiable. Recommendations from the review meetings will be incorporated and subsequent iterations of the analysis will be completed. The maps will then be used in evaluating MPA proposals.  For each proposal, stakeholders will be able to see the potential impacts that mpa would have on a given fishery and or user group.  This is a valuable tool in finding the best areas for protection while trying to minimize the impact on ocean fisheries.</p>\r\n\r\n<p>Thank you, again. Your willingness to participate is greatly appreciated! If you have any questions or \r\nconcerns please contact us at <a href='mailto:fish@ecotrust.org'>fish@ecotrust.org</a></p>", 
      "description": "rec fish"
    }
  }, 
  {
    "pk": 4, 
    "model": "gwst_app.interviewgroup", 
    "fields": {
      "shape_color": "FF", 
      "code": "div", 
      "name": "Dive/Spear", 
      "required_group": false, 
      "select_resource_text": "", 
      "preselect": true, 
      "user_draws_shapes": true, 
      "interview": 2, 
      "resources": [
        1
      ], 
      "description": "Diving and spear/hand take"
    }
  }, 
  {
    "pk": 5, 
    "model": "gwst_app.interviewgroup", 
    "fields": {
      "shape_color": "FF", 
      "code": "pri", 
      "name": "Sport Boat", 
      "required_group": false, 
      "select_resource_text": "", 
      "preselect": true, 
      "user_draws_shapes": true, 
      "interview": 2, 
      "resources": [
        3
      ], 
      "description": "Private Vessel"
    }
  }, 
  {
    "pk": 6, 
    "model": "gwst_app.interviewgroup", 
    "fields": {
      "shape_color": "FF", 
      "code": "main", 
      "name": "Main Questions", 
      "required_group": true, 
      "select_resource_text": "", 
      "preselect": true, 
      "user_draws_shapes": false, 
      "interview": 1, 
      "resources": [], 
      "description": "General questions"
    }
  }, 
  {
    "pk": 7, 
    "model": "gwst_app.interviewgroup", 
    "fields": {
      "shape_color": "FF", 
      "code": "main", 
      "name": "Main Questions", 
      "required_group": true, 
      "select_resource_text": "", 
      "preselect": true, 
      "user_draws_shapes": false, 
      "interview": 2, 
      "resources": [], 
      "description": "General Questions"
    }
  }, 
  {
    "pk": 2, 
    "model": "gwst_app.interviewgroup", 
    "fields": {
      "shape_color": "FF", 
      "code": "kyk", 
      "name": "Kayak Angling", 
      "required_group": false, 
      "select_resource_text": "* <b>Rockfish fishermen</b>.  Select all of the rockfish groups that apply to you.  If you fished for rockfish (including lingcod and other bottomfish) before Rockfish Conservation Areas (RCAs) where put into place, select all three groups (A,B and C).  If you've only fished rockfish after the RCAs were put into place then only select group B, post-RCA.  To learn more about these 3 different groups and why it's important we break things up like this, please visit our <a href='/faq' target='_blank'>Frequently Asked Questions</a>.", 
      "preselect": true, 
      "user_draws_shapes": true, 
      "interview": 1, 
      "resources": [
        1, 
        9, 
        14, 
        6, 
        18, 
        19, 
        3, 
        8
      ], 
      "description": "kayakers"
    }
  }, 
  {
    "pk": 3, 
    "model": "gwst_app.interviewgroup", 
    "fields": {
      "shape_color": "FF", 
      "code": "prvsl", 
      "name": "Private Vessel Angling", 
      "required_group": false, 
      "select_resource_text": "* <b>Rockfish fishermen</b>.  Select all of the rockfish groups that apply to you.  If you fished for rockfish (including lingcod and other bottomfish) before Rockfish Conservation Areas (RCAs) where put into place, select all three groups (A,B and C).  If you've only fished rockfish after the RCAs were put into place then only select group B, post-RCA.  To learn more about these 3 different groups and why it's important we break things up like this, please visit our <a href='/faq' target='_blank'>Frequently Asked Questions</a>.", 
      "preselect": true, 
      "user_draws_shapes": true, 
      "interview": 1, 
      "resources": [
        1, 
        4, 
        5, 
        9, 
        10, 
        11, 
        7, 
        14, 
        6, 
        18, 
        19, 
        3, 
        20, 
        21, 
        8
      ], 
      "description": "private vessel anglers"
    }
  }, 
  {
    "pk": 1, 
    "model": "gwst_app.interviewgroup", 
    "fields": {
      "shape_color": "FF", 
      "code": "div", 
      "name": "Dive/Spear", 
      "required_group": false, 
      "select_resource_text": "* <b>Rockfish fishermen</b>.  Select all of the rockfish groups that apply to you.  If you fished for rockfish (including lingcod and other bottomfish) before Rockfish Conservation Areas (RCAs) where put into place, select all three groups (A,B and C).  If you've only fished rockfish after the RCAs were put into place then only select group B, post-RCA.  To learn more about these 3 different groups and why it's important we break things up like this, please visit our <a href='/faq' target='_blank'>Frequently Asked Questions</a>.", 
      "preselect": true, 
      "user_draws_shapes": true, 
      "interview": 1, 
      "resources": [
        15, 
        16, 
        17, 
        18, 
        19, 
        3
      ], 
      "description": "Diving and spear/hand take"
    }
  }, 
  {
    "pk": 1, 
    "model": "gwst_app.interviewansweroption", 
    "fields": {
      "display_order": 0.0, 
      "eng_text": "Yes!"
    }
  }, 
  {
    "pk": 2, 
    "model": "gwst_app.interviewansweroption", 
    "fields": {
      "display_order": 1.5, 
      "eng_text": "No."
    }
  }, 
  {
    "pk": 3, 
    "model": "gwst_app.interviewansweroption", 
    "fields": {
      "display_order": 2.0, 
      "eng_text": "Don't mind if I do!"
    }
  }, 
  {
    "pk": 4, 
    "model": "gwst_app.interviewansweroption", 
    "fields": {
      "display_order": 4.0, 
      "eng_text": "Male"
    }
  }, 
  {
    "pk": 5, 
    "model": "gwst_app.interviewansweroption", 
    "fields": {
      "display_order": 5.0, 
      "eng_text": "Female"
    }
  }, 
  {
    "pk": 6, 
    "model": "gwst_app.interviewansweroption", 
    "fields": {
      "display_order": 1.0, 
      "eng_text": "Swimming"
    }
  }, 
  {
    "pk": 7, 
    "model": "gwst_app.interviewansweroption", 
    "fields": {
      "display_order": 2.0, 
      "eng_text": "Kayak"
    }
  }, 
  {
    "pk": 8, 
    "model": "gwst_app.interviewansweroption", 
    "fields": {
      "display_order": 3.0, 
      "eng_text": "Private Boat"
    }
  }, 
  {
    "pk": 9, 
    "model": "gwst_app.interviewansweroption", 
    "fields": {
      "display_order": 1.0, 
      "eng_text": "Free dive"
    }
  }, 
  {
    "pk": 10, 
    "model": "gwst_app.interviewansweroption", 
    "fields": {
      "display_order": 2.0, 
      "eng_text": "Scuba Dive"
    }
  }, 
  {
    "pk": 11, 
    "model": "gwst_app.interviewansweroption", 
    "fields": {
      "display_order": 1.0, 
      "eng_text": "Trailer"
    }
  }, 
  {
    "pk": 12, 
    "model": "gwst_app.interviewansweroption", 
    "fields": {
      "display_order": 2.0, 
      "eng_text": "Slip"
    }
  }, 
  {
    "pk": 13, 
    "model": "gwst_app.interviewansweroption", 
    "fields": {
      "display_order": 3.0, 
      "eng_text": "Dry Dock"
    }
  }, 
  {
    "pk": 14, 
    "model": "gwst_app.interviewansweroption", 
    "fields": {
      "display_order": 4.0, 
      "eng_text": "Paddleboard"
    }
  }, 
  {
    "pk": 15, 
    "model": "gwst_app.interviewansweroption", 
    "fields": {
      "display_order": 1.0, 
      "eng_text": "Motor"
    }
  }, 
  {
    "pk": 16, 
    "model": "gwst_app.interviewansweroption", 
    "fields": {
      "display_order": 2.0, 
      "eng_text": "Non-motorized"
    }
  }, 
  {
    "pk": 1, 
    "model": "gwst_app.questiongroupvalidator", 
    "fields": {
      "description": "Sum to 100", 
      "param_4": "", 
      "param_1": "100", 
      "param_3": "", 
      "param_2": "", 
      "type": "sum"
    }
  }, 
  {
    "pk": 1, 
    "model": "gwst_app.questiongroup", 
    "fields": {
      "code": "dive_perc", 
      "eng_text": "What percentage of your dives are", 
      "validators": [
        1
      ]
    }
  }, 
  {
    "pk": 1, 
    "model": "gwst_app.interviewquestion", 
    "fields": {
      "all_resources": false, 
      "code": "diveprtr", 
      "eng_text": "Average number of dives per trip", 
      "int_group": 1, 
      "question_set": null, 
      "display_order": 1.0, 
      "required": true, 
      "question_group": null, 
      "options": [], 
      "val_min": 1.0, 
      "val_default": "", 
      "answer_type": "integer", 
      "eng_tooltip": "", 
      "val_max": 100.0
    }
  }, 
  {
    "pk": 35, 
    "model": "gwst_app.interviewquestion", 
    "fields": {
      "all_resources": true, 
      "code": "diveyrsp", 
      "eng_text": "Average number of days per year diving for this species", 
      "int_group": 1, 
      "question_set": null, 
      "display_order": 1.0, 
      "required": true, 
      "question_group": null, 
      "options": [], 
      "val_min": 0.0, 
      "val_default": "", 
      "answer_type": "decimal", 
      "eng_tooltip": "", 
      "val_max": null
    }
  }, 
  {
    "pk": 38, 
    "model": "gwst_app.interviewquestion", 
    "fields": {
      "all_resources": false, 
      "code": "divedyyr", 
      "eng_text": "Average number of days diving per year", 
      "int_group": 1, 
      "question_set": null, 
      "display_order": 2.0, 
      "required": false, 
      "question_group": null, 
      "options": [], 
      "val_min": 0.0, 
      "val_default": "", 
      "answer_type": "integer", 
      "eng_tooltip": "", 
      "val_max": 1000.0
    }
  }, 
  {
    "pk": 32, 
    "model": "gwst_app.interviewquestion", 
    "fields": {
      "all_resources": false, 
      "code": "dive_meth", 
      "eng_text": "Primary dive method (we understand most do more than one type.  Answer which you do the most)", 
      "int_group": 1, 
      "question_set": null, 
      "display_order": 3.0, 
      "required": true, 
      "question_group": null, 
      "options": [
        9, 
        10
      ], 
      "val_min": null, 
      "val_default": "", 
      "answer_type": "select", 
      "eng_tooltip": "", 
      "val_max": null
    }
  }, 
  {
    "pk": 33, 
    "model": "gwst_app.interviewquestion", 
    "fields": {
      "all_resources": false, 
      "code": "dive_shore", 
      "eng_text": "What percentage of your dives are shore based?", 
      "int_group": 1, 
      "question_set": null, 
      "display_order": 4.0, 
      "required": true, 
      "question_group": 1, 
      "options": [], 
      "val_min": 0.0, 
      "val_default": "0", 
      "answer_type": "integer", 
      "eng_tooltip": "Percentage of dives from which you start out from the mainland", 
      "val_max": 100.0
    }
  }, 
  {
    "pk": 34, 
    "model": "gwst_app.interviewquestion", 
    "fields": {
      "all_resources": false, 
      "code": "dive_boat", 
      "eng_text": "What percentage of your dives are from a boat?", 
      "int_group": 1, 
      "question_set": null, 
      "display_order": 5.0, 
      "required": true, 
      "question_group": 1, 
      "options": [], 
      "val_min": 0.0, 
      "val_default": "0", 
      "answer_type": "integer", 
      "eng_tooltip": "Percentage of dives from which you start out from a boat", 
      "val_max": 100.0
    }
  }, 
  {
    "pk": 31, 
    "model": "gwst_app.interviewquestion", 
    "fields": {
      "all_resources": false, 
      "code": "access", 
      "eng_text": "Primary access method to dive locations", 
      "int_group": 1, 
      "question_set": null, 
      "display_order": 6.0, 
      "required": true, 
      "question_group": null, 
      "options": [
        6, 
        7, 
        8, 
        14
      ], 
      "val_min": null, 
      "val_default": "", 
      "answer_type": "select", 
      "eng_tooltip": "", 
      "val_max": null
    }
  }, 
  {
    "pk": 2, 
    "model": "gwst_app.interviewquestion", 
    "fields": {
      "all_resources": false, 
      "code": "launch1", 
      "eng_text": "Launch port/site 1", 
      "int_group": 2, 
      "question_set": null, 
      "display_order": 1.0, 
      "required": true, 
      "question_group": null, 
      "options": [], 
      "val_min": null, 
      "val_default": "", 
      "answer_type": "text", 
      "eng_tooltip": "Ports and sites you launch your kayak from", 
      "val_max": null
    }
  }, 
  {
    "pk": 36, 
    "model": "gwst_app.interviewquestion", 
    "fields": {
      "all_resources": true, 
      "code": "days_spec", 
      "eng_text": "Average number of days per year fishing for this species", 
      "int_group": 2, 
      "question_set": null, 
      "display_order": 1.0, 
      "required": true, 
      "question_group": null, 
      "options": [], 
      "val_min": null, 
      "val_default": "", 
      "answer_type": "decimal", 
      "eng_tooltip": "", 
      "val_max": null
    }
  }, 
  {
    "pk": 26, 
    "model": "gwst_app.interviewquestion", 
    "fields": {
      "all_resources": false, 
      "code": "launch2", 
      "eng_text": "Launch port/site 2", 
      "int_group": 2, 
      "question_set": null, 
      "display_order": 2.0, 
      "required": false, 
      "question_group": null, 
      "options": [], 
      "val_min": null, 
      "val_default": "", 
      "answer_type": "text", 
      "eng_tooltip": "Ports and sites you launch your kayak from", 
      "val_max": null
    }
  }, 
  {
    "pk": 27, 
    "model": "gwst_app.interviewquestion", 
    "fields": {
      "all_resources": false, 
      "code": "launch3", 
      "eng_text": "Launch port/site 3", 
      "int_group": 2, 
      "question_set": null, 
      "display_order": 3.0, 
      "required": false, 
      "question_group": null, 
      "options": [], 
      "val_min": null, 
      "val_default": "", 
      "answer_type": "text", 
      "eng_tooltip": "Ports and sites you launch your kayak from", 
      "val_max": null
    }
  }, 
  {
    "pk": 28, 
    "model": "gwst_app.interviewquestion", 
    "fields": {
      "all_resources": false, 
      "code": "launch4", 
      "eng_text": "Launch port/site 4", 
      "int_group": 2, 
      "question_set": null, 
      "display_order": 4.0, 
      "required": false, 
      "question_group": null, 
      "options": [], 
      "val_min": null, 
      "val_default": "", 
      "answer_type": "text", 
      "eng_tooltip": "Ports and sites you launch your kayak from", 
      "val_max": null
    }
  }, 
  {
    "pk": 29, 
    "model": "gwst_app.interviewquestion", 
    "fields": {
      "all_resources": false, 
      "code": "years_exp", 
      "eng_text": "How many years experience do you have fishing from a kayak?", 
      "int_group": 2, 
      "question_set": null, 
      "display_order": 5.0, 
      "required": true, 
      "question_group": null, 
      "options": [], 
      "val_min": 0.0, 
      "val_default": "", 
      "answer_type": "integer", 
      "eng_tooltip": "", 
      "val_max": 100.0
    }
  }, 
  {
    "pk": 30, 
    "model": "gwst_app.interviewquestion", 
    "fields": {
      "all_resources": false, 
      "code": "days_fish", 
      "eng_text": "How many days on average do you spend each year fishing from a kayak?", 
      "int_group": 2, 
      "question_set": null, 
      "display_order": 6.0, 
      "required": true, 
      "question_group": null, 
      "options": [], 
      "val_min": 1.0, 
      "val_default": "", 
      "answer_type": "integer", 
      "eng_tooltip": "", 
      "val_max": 365.0
    }
  }, 
  {
    "pk": 37, 
    "model": "gwst_app.interviewquestion", 
    "fields": {
      "all_resources": true, 
      "code": "days_spec", 
      "eng_text": "Average number of days per year fishing for this species", 
      "int_group": 3, 
      "question_set": null, 
      "display_order": 1.0, 
      "required": true, 
      "question_group": null, 
      "options": [], 
      "val_min": 0.0, 
      "val_default": "", 
      "answer_type": "decimal", 
      "eng_tooltip": "", 
      "val_max": null
    }
  }, 
  {
    "pk": 12, 
    "model": "gwst_app.interviewquestion", 
    "fields": {
      "all_resources": false, 
      "code": "boat_type", 
      "eng_text": "Type of boat (your primary boat)", 
      "int_group": 3, 
      "question_set": null, 
      "display_order": 1.0, 
      "required": true, 
      "question_group": null, 
      "options": [
        15, 
        16
      ], 
      "val_min": null, 
      "val_default": "", 
      "answer_type": "select", 
      "eng_tooltip": "", 
      "val_max": null
    }
  }, 
  {
    "pk": 13, 
    "model": "gwst_app.interviewquestion", 
    "fields": {
      "all_resources": false, 
      "code": "reg_num", 
      "eng_text": "Boat registration number (your primary boat)", 
      "int_group": 3, 
      "question_set": null, 
      "display_order": 2.0, 
      "required": true, 
      "question_group": null, 
      "options": [], 
      "val_min": null, 
      "val_default": "", 
      "answer_type": "text", 
      "eng_tooltip": "", 
      "val_max": null
    }
  }, 
  {
    "pk": 14, 
    "model": "gwst_app.interviewquestion", 
    "fields": {
      "all_resources": false, 
      "code": "yrs_op", 
      "eng_text": "Years operating a sport boat", 
      "int_group": 3, 
      "question_set": null, 
      "display_order": 3.0, 
      "required": true, 
      "question_group": null, 
      "options": [], 
      "val_min": 0.0, 
      "val_default": "", 
      "answer_type": "integer", 
      "eng_tooltip": "", 
      "val_max": 100.0
    }
  }, 
  {
    "pk": 15, 
    "model": "gwst_app.interviewquestion", 
    "fields": {
      "all_resources": false, 
      "code": "yrs_own", 
      "eng_text": "Years owning a sport boat", 
      "int_group": 3, 
      "question_set": null, 
      "display_order": 4.0, 
      "required": true, 
      "question_group": null, 
      "options": [], 
      "val_min": 0.0, 
      "val_default": "", 
      "answer_type": "integer", 
      "eng_tooltip": "", 
      "val_max": 100.0
    }
  }, 
  {
    "pk": 16, 
    "model": "gwst_app.interviewquestion", 
    "fields": {
      "all_resources": false, 
      "code": "v_length", 
      "eng_text": "Vessel length in feet (your primary boat)", 
      "int_group": 3, 
      "question_set": null, 
      "display_order": 5.0, 
      "required": true, 
      "question_group": null, 
      "options": [], 
      "val_min": 6.0, 
      "val_default": "", 
      "answer_type": "integer", 
      "eng_tooltip": "", 
      "val_max": 200.0
    }
  }, 
  {
    "pk": 17, 
    "model": "gwst_app.interviewquestion", 
    "fields": {
      "all_resources": false, 
      "code": "storage", 
      "eng_text": "Storage location (your primary boat)", 
      "int_group": 3, 
      "question_set": null, 
      "display_order": 6.0, 
      "required": true, 
      "question_group": null, 
      "options": [
        11, 
        12, 
        13
      ], 
      "val_min": null, 
      "val_default": "", 
      "answer_type": "select", 
      "eng_tooltip": "", 
      "val_max": null
    }
  }, 
  {
    "pk": 18, 
    "model": "gwst_app.interviewquestion", 
    "fields": {
      "all_resources": false, 
      "code": "homeport", 
      "eng_text": "Primary port/ramp (dock/moorage/launch)", 
      "int_group": 3, 
      "question_set": null, 
      "display_order": 7.0, 
      "required": true, 
      "question_group": null, 
      "options": [], 
      "val_min": null, 
      "val_default": "", 
      "answer_type": "text", 
      "eng_tooltip": "", 
      "val_max": null
    }
  }, 
  {
    "pk": 19, 
    "model": "gwst_app.interviewquestion", 
    "fields": {
      "all_resources": false, 
      "code": "launch1", 
      "eng_text": "Other Launch 1 (In addition to your primary)", 
      "int_group": 3, 
      "question_set": null, 
      "display_order": 8.0, 
      "required": false, 
      "question_group": null, 
      "options": [], 
      "val_min": null, 
      "val_default": "", 
      "answer_type": "text", 
      "eng_tooltip": "", 
      "val_max": null
    }
  }, 
  {
    "pk": 20, 
    "model": "gwst_app.interviewquestion", 
    "fields": {
      "all_resources": false, 
      "code": "launch2", 
      "eng_text": "Other Launch 2", 
      "int_group": 3, 
      "question_set": null, 
      "display_order": 9.0, 
      "required": false, 
      "question_group": null, 
      "options": [], 
      "val_min": null, 
      "val_default": "", 
      "answer_type": "text", 
      "eng_tooltip": "", 
      "val_max": null
    }
  }, 
  {
    "pk": 21, 
    "model": "gwst_app.interviewquestion", 
    "fields": {
      "all_resources": false, 
      "code": "launch3", 
      "eng_text": "Other Launch 3", 
      "int_group": 3, 
      "question_set": null, 
      "display_order": 10.0, 
      "required": false, 
      "question_group": null, 
      "options": [], 
      "val_min": null, 
      "val_default": "", 
      "answer_type": "text", 
      "eng_tooltip": "", 
      "val_max": null
    }
  }, 
  {
    "pk": 22, 
    "model": "gwst_app.interviewquestion", 
    "fields": {
      "all_resources": false, 
      "code": "launch4", 
      "eng_text": "Other Launch 4", 
      "int_group": 3, 
      "question_set": null, 
      "display_order": 11.0, 
      "required": false, 
      "question_group": null, 
      "options": [], 
      "val_min": null, 
      "val_default": "", 
      "answer_type": "text", 
      "eng_tooltip": "", 
      "val_max": null
    }
  }, 
  {
    "pk": 23, 
    "model": "gwst_app.interviewquestion", 
    "fields": {
      "all_resources": false, 
      "code": "yrs_exp", 
      "eng_text": "Years experience fishing from a sport boat", 
      "int_group": 3, 
      "question_set": null, 
      "display_order": 12.0, 
      "required": true, 
      "question_group": null, 
      "options": [], 
      "val_min": 1.0, 
      "val_default": "", 
      "answer_type": "integer", 
      "eng_tooltip": "", 
      "val_max": 120.0
    }
  }, 
  {
    "pk": 24, 
    "model": "gwst_app.interviewquestion", 
    "fields": {
      "all_resources": false, 
      "code": "avg_ppl", 
      "eng_text": "Average number of individuals with you on a boat per trip (not including self)", 
      "int_group": 3, 
      "question_set": null, 
      "display_order": 13.0, 
      "required": true, 
      "question_group": null, 
      "options": [], 
      "val_min": 1.0, 
      "val_default": "", 
      "answer_type": "integer", 
      "eng_tooltip": "", 
      "val_max": 100.0
    }
  }, 
  {
    "pk": 25, 
    "model": "gwst_app.interviewquestion", 
    "fields": {
      "all_resources": false, 
      "code": "avg_days", 
      "eng_text": "Average number of days fishing from a sport boat per year", 
      "int_group": 3, 
      "question_set": null, 
      "display_order": 14.0, 
      "required": true, 
      "question_group": null, 
      "options": [], 
      "val_min": 0.0, 
      "val_default": "", 
      "answer_type": "integer", 
      "eng_tooltip": "", 
      "val_max": 365.0
    }
  }, 
  {
    "pk": 3, 
    "model": "gwst_app.interviewquestion", 
    "fields": {
      "all_resources": false, 
      "code": "city", 
      "eng_text": "City/Town", 
      "int_group": 6, 
      "question_set": null, 
      "display_order": 1.0, 
      "required": true, 
      "question_group": null, 
      "options": [], 
      "val_min": null, 
      "val_default": "", 
      "answer_type": "text", 
      "eng_tooltip": "#", 
      "val_max": null
    }
  }, 
  {
    "pk": 4, 
    "model": "gwst_app.interviewquestion", 
    "fields": {
      "all_resources": false, 
      "code": "state", 
      "eng_text": "State", 
      "int_group": 6, 
      "question_set": null, 
      "display_order": 2.0, 
      "required": true, 
      "question_group": null, 
      "options": [], 
      "val_min": null, 
      "val_default": "CA", 
      "answer_type": "text", 
      "eng_tooltip": "", 
      "val_max": null
    }
  }, 
  {
    "pk": 5, 
    "model": "gwst_app.interviewquestion", 
    "fields": {
      "all_resources": false, 
      "code": "phone", 
      "eng_text": "Phone Number", 
      "int_group": 6, 
      "question_set": null, 
      "display_order": 3.0, 
      "required": false, 
      "question_group": null, 
      "options": [], 
      "val_min": null, 
      "val_default": "", 
      "answer_type": "phone", 
      "eng_tooltip": "", 
      "val_max": null
    }
  }, 
  {
    "pk": 6, 
    "model": "gwst_app.interviewquestion", 
    "fields": {
      "all_resources": false, 
      "code": "age", 
      "eng_text": "Age", 
      "int_group": 6, 
      "question_set": null, 
      "display_order": 4.0, 
      "required": true, 
      "question_group": null, 
      "options": [], 
      "val_min": 10.0, 
      "val_default": "", 
      "answer_type": "integer", 
      "eng_tooltip": "", 
      "val_max": 120.0
    }
  }, 
  {
    "pk": 7, 
    "model": "gwst_app.interviewquestion", 
    "fields": {
      "all_resources": false, 
      "code": "gender", 
      "eng_text": "Gender", 
      "int_group": 6, 
      "question_set": null, 
      "display_order": 5.0, 
      "required": true, 
      "question_group": null, 
      "options": [
        4, 
        5
      ], 
      "val_min": null, 
      "val_default": "", 
      "answer_type": "select", 
      "eng_tooltip": "", 
      "val_max": null
    }
  }, 
  {
    "pk": 8, 
    "model": "gwst_app.interviewquestion", 
    "fields": {
      "all_resources": false, 
      "code": "boat_type", 
      "eng_text": "Type of boat", 
      "int_group": 5, 
      "question_set": null, 
      "display_order": 1.0, 
      "required": false, 
      "question_group": null, 
      "options": [], 
      "val_min": null, 
      "val_default": "", 
      "answer_type": "text", 
      "eng_tooltip": "", 
      "val_max": null
    }
  }, 
  {
    "pk": 9, 
    "model": "gwst_app.interviewquestion", 
    "fields": {
      "all_resources": false, 
      "code": "boat_num", 
      "eng_text": "Department of Fish and Game boat number", 
      "int_group": 5, 
      "question_set": null, 
      "display_order": 2.0, 
      "required": false, 
      "question_group": null, 
      "options": [], 
      "val_min": null, 
      "val_default": "", 
      "answer_type": "text", 
      "eng_tooltip": "", 
      "val_max": null
    }
  }, 
  {
    "pk": 10, 
    "model": "gwst_app.interviewquestion", 
    "fields": {
      "all_resources": false, 
      "code": "yrs_op", 
      "eng_text": "Years operating a sport boat", 
      "int_group": 5, 
      "question_set": null, 
      "display_order": 3.0, 
      "required": false, 
      "question_group": null, 
      "options": [], 
      "val_min": null, 
      "val_default": "", 
      "answer_type": "text", 
      "eng_tooltip": "", 
      "val_max": null
    }
  }, 
  {
    "pk": 1, 
    "model": "gwst_app.interviewinstructions", 
    "fields": {
      "question_set": null, 
      "eng_text": "Please answer these questions in relation to dive/spear angling only. The information you provide will be kept confidential.", 
      "int_group": 1
    }
  }, 
  {
    "pk": 2, 
    "model": "gwst_app.interviewinstructions", 
    "fields": {
      "question_set": null, 
      "eng_text": "Please answer these questions in relation to kayak angling only. The information you provide will be kept confidential.", 
      "int_group": 2
    }
  }, 
  {
    "pk": 3, 
    "model": "gwst_app.interviewinstructions", 
    "fields": {
      "question_set": null, 
      "eng_text": "Please answer these questions in relation to private vessel angling only. The information you provide will be kept confidential.", 
      "int_group": 3
    }
  }, 
  {
    "pk": 4, 
    "model": "gwst_app.interviewinstructions", 
    "fields": {
      "question_set": null, 
      "eng_text": "Please answer these general questions. The information you provide will be kept confidential.", 
      "int_group": 6
    }
  }, 
  {
    "pk": 1, 
    "model": "gwst_app.faqgroup", 
    "fields": {
      "faq_group_name": "Drawing Shapes"
    }
  }, 
  {
    "pk": 2, 
    "model": "gwst_app.faqgroup", 
    "fields": {
      "faq_group_name": "Rockfish"
    }
  }, 
  {
    "pk": 3, 
    "model": "gwst_app.faqgroup", 
    "fields": {
      "faq_group_name": "General"
    }
  }, 
  {
    "pk": 2, 
    "model": "gwst_app.faq", 
    "fields": {
      "answer": "The number of shapes you draw is your choice.  Most people draw anywhere from 2-10 shapes per resource.", 
      "importance": 1, 
      "question": "How many shapes should I draw?", 
      "faq_group": 1
    }
  }, 
  {
    "pk": 6, 
    "model": "gwst_app.faq", 
    "fields": {
      "answer": "The Marine Life Protection Act is law and will be implemented.  There are stakeholders involved representing your fishing interests and they need the best information they can get.  If you provide no information or false information then that can only increase the chances of your actual fishing grounds being targeted for protection because they are essentially invisible to this process.\r\n\r\nThe information you provide will be kept condidential by us at the individual level.  Any visualizations we produce (maps) will not disclose individual fishing spots as much as possible.  A review process is in place to ensure this.\r\n\r\nYes, other stakeholders will have access to this information as well, but having all interests represented will ensure that the information is not used improperly.  If you have any doubt you should consider becoming involved in the process as well.  Public participation is encouraged.", 
      "importance": 1, 
      "question": "Why should I show you my fishing spots?", 
      "faq_group": 3
    }
  }, 
  {
    "pk": 7, 
    "model": "gwst_app.faq", 
    "fields": {
      "answer": "We try to make the cumulative group easier for you.  By drawing your Pre-RCA And Post-RCA fishing grounds first, you can simply pick out the best grounds from those groups and put them into your cumulative group, then redistribute the pennies.  If you haven't done any drawing yet, this will make more sense once you do and the demonstration videos will show you how to do it.", 
      "importance": 4, 
      "question": "How do I draw my fishing grounds for the cumulative group?", 
      "faq_group": 2
    }
  }, 
  {
    "pk": 3, 
    "model": "gwst_app.faq", 
    "fields": {
      "answer": "The map takes the longest to load.  People without a broadband internet connection may need to wait up to a minute or two the first time they draw shapes.  If you wait and still nothing loads then try refreshing the page. If still nothing then verify you are using a supported browser (IE 6+, Firefox 1.0+, Safari 1.2+, Chrome 2+). If you have a supported browser then next verify you have 'javascript' enabled in your browser preferences (it is by default). Seek the help of friends and family if you're unsure how to do any of these steps or email us at fish@ecotrust.org.  Another option is simply to try another computer. Computers more than 5 years old are more likely to have issues.", 
      "importance": 1, 
      "question": "Why is the page not loading correctly or not loading at all when I go to draw shapes?", 
      "faq_group": 1
    }
  }, 
  {
    "pk": 5, 
    "model": "gwst_app.faq", 
    "fields": {
      "answer": "If you didn't fish rockfish before the closure areas where created then you should only select Rockfish B (Post-RCA).  If you fished rockfish before the closure areas where created then select all 3 groups.", 
      "importance": 1, 
      "question": "Which rockfish groups should I select?", 
      "faq_group": 2
    }
  }, 
  {
    "pk": 1, 
    "model": "gwst_app.faq", 
    "fields": {
      "answer": "The precision of your shapes is important; however, we understand that accuracy will vary between users.  Please just do the best you can with the time you have and provide us with any extra information on boundaries so that our team can make your shapes more accurate.\r\n\r\nWe also understand that you might be reluctant to share your favorite little fishing hole, while at the same time you don't want to lose it.  Just make sure your fishing hole is at least captured in one of your shapes and you put a sufficient value on it.\r\n\r\nIn most cases you should not be drawing a single shape that covers hundreds of square miles.  Tuna and other migratory species are a bit of an exception.  Split these large shapes up into multiple areas if possible and weight them separately with pennies.", 
      "importance": 1, 
      "question": "How much precision should I use when drawing shapes?", 
      "faq_group": 1
    }
  }, 
  {
    "pk": 8, 
    "model": "gwst_app.faq", 
    "fields": {
      "answer": "We understand that water temperature and other factors affect migratory patterns of species like tuna.  This will make the general area you fish larger when looking at things all together like this but often there are still specific places you fish.  Maybe certain sections of water always tend to be warmer and you tend to do better there.  Maybe you don't fish tuna unless they're within 20 miles of shore or maybe you do multi-days out 60 miles.  Maybe you don't fish tuna any further north or south than a given point.  That's the information we want to capture.", 
      "importance": 5, 
      "question": "I don't fish in the same places for migratory fish like tuna.  How do I deal with that when drawing shapes?", 
      "faq_group": 1
    }
  }, 
  {
    "pk": 9, 
    "model": "gwst_app.faq", 
    "fields": {
      "answer": "Some parts of the shape drawing are done with a right click on a two-button mouse.  Many apple computers only have one button.  The way around this is to hold the Ctrl-key on the keyboard and then click the single mouse button.  That is the same thing as using the 'right' mouse button on a two-button mouse.  Anywhere you hear to use the 'right' mouse button in the videos or instructions, just replace that with a Ctrl-click on your Apple.", 
      "importance": 6, 
      "question": "How do I do the shape drawing using an Apple computer with a single click mouse?", 
      "faq_group": 1
    }
  }, 
  {
    "pk": 10, 
    "model": "gwst_app.faq", 
    "fields": {
      "answer": "Unfortunately internet explorer 6 is an aging web browser and doesn't support the necessary map features.  Upgrading to internet explorer 7 or 8 will solve your problem.  If you can't upgrade for one reason or another, try using another browser like Firefox if you can or simply use a different computer.", 
      "importance": 4, 
      "question": "When I click to start drawing shapes I get an error saying that Internet Explorer 6 isn't supported.  What do I do?", 
      "faq_group": 3
    }
  }, 
  {
    "pk": 11, 
    "model": "gwst_app.faq", 
    "fields": {
      "answer": "We apologize.  Internet explorer simply isn't displaying it properly.  Firefox or any of the other browsers don't have this problem as far as we can tell.  Please do the best you can and use the contour lines available on the nautical charts layer if possible.", 
      "importance": 5, 
      "question": "The depth contours layer doesn't look right in internet explorer.  It has dark blue contour lines and doesn't look like the video at all.", 
      "faq_group": 3
    }
  }, 
  {
    "pk": 4, 
    "model": "gwst_app.faq", 
    "fields": {
      "answer": "Breaking rockfish out into three groups will provide better information for decision makers than surveying for a single group alone.  These data will allow stakeholders and the MLPA science advisory team to better assess potential impacts to rockfish fishermen.  To better explain the groups:\r\n<p>The Pre-RCA group will capture where you fished before RCAs were put into place.</p>\r\n<p>The Post-RCA group will capture where you fished after RCAs were put into place.</p>\r\n<p>The cumulative group is where you would fish if Rockfish Conservation Areas (RCAs) didn't exist anymore.  Rockfish are one of the few species that are currently closed to fishing in specific areas, also known as Rockfish Conservation Areas or RCAs.  These existing RCAs will not be directly included as marine protected areas in the MLPA process. In order to better assess the impact of new proposed MPAs to rockfish fishermen, it's important to know how you would fish differently if the existing RCAs were removed.  The Pre-RCA and Post-RCA groups alone do not provide enough information.</p>\r\n\r\nMake sense?  If you still don't understand this, we apologize.  Please call or email us using the contact information in your registration email and we'll help you out.  Your patience is appreciated.", 
      "importance": 2, 
      "question": "Why are there 3 different rockfish groups instead of just 1 and what do they mean?", 
      "faq_group": 2
    }
  }, 
  {
    "pk": 12, 
    "model": "gwst_app.faq", 
    "fields": {
      "answer": "On windows,  right-click 'My Computer' or just right-click your desktop and select \"Properties\", then click the \"Settings\" tab. Use the \"Screen resolution\" slider to increase your resolution to at least 1024 x 768, then click the \"Apply\" button. ", 
      "importance": 2, 
      "question": "How do I increase my screen resolution?", 
      "faq_group": 3
    }
  }, 
  {
    "pk": 1, 
    "model": "sites.site", 
    "fields": {
      "domain": "mlpa-nc-rec-survey-dev.ecotrust.org", 
      "name": "mlpa-nc-rec-survey-dev.ecotrust.org"
    }
  }, 
  {
    "pk": 2, 
    "model": "sites.site", 
    "fields": {
      "domain": "mlpa-nc-rec-survey.ecotrust.org", 
      "name": "mlpa-nc-rec-survey.ecotrust.org"
    }
  }
]
