[
  {
    "pk": 1, 
    "model": "sites.site", 
    "fields": {
      "domain": "mlpa-nc-rec-survey-dev.ecotrust.org", 
      "name": "mlpa-nc-rec-survey-dev.ecotrust.org"
    }
  }, 
  {
    "pk": 2, 
    "model": "sites.site", 
    "fields": {
      "domain": "mlpa-nc-rec-survey.ecotrust.org", 
      "name": "mlpa-nc-rec-survey.ecotrust.org"
    }
  }, 
  {
    "pk": 4, 
    "model": "sites.site", 
    "fields": {
      "domain": "oregonfishing-dev.ecotrust.org", 
      "name": "oregonfishing-dev.ecotrust.org"
    }
  }, 
  {
    "pk": 3, 
    "model": "sites.site", 
    "fields": {
      "domain": "spatial-survey-demo.ecotrust.org", 
      "name": "spatial-survey-demo.ecotrust.org"
    }
  }, 
  {
    "pk": 2, 
    "model": "gwst_app.region", 
    "fields": {
      "s_bound": 5170000.0, 
      "code": "ORCC", 
      "name": "Oregon Central Coast", 
      "n_bound": 5850000.0, 
      "w_bound": -14500000.0, 
      "e_bound": -13500000.0
    }
  }, 
  {
    "pk": 1, 
    "model": "gwst_app.region", 
    "fields": {
      "s_bound": 4510000.0, 
      "code": "NCCA", 
      "name": "California North Coast", 
      "n_bound": 5230000.0, 
      "w_bound": -14400000.0, 
      "e_bound": -13300000.0
    }
  }, 
  {
    "pk": 1, 
    "model": "gwst_app.resource", 
    "fields": {
      "shape_color": "00FFFF", 
      "select_description": "", 
      "code": "sal", 
      "name": "Salmon"
    }
  }, 
  {
    "pk": 4, 
    "model": "gwst_app.resource", 
    "fields": {
      "shape_color": "00FF00", 
      "select_description": "", 
      "code": "dcrb", 
      "name": "Dungeness Crab"
    }
  }, 
  {
    "pk": 5, 
    "model": "gwst_app.resource", 
    "fields": {
      "shape_color": "0000FF", 
      "select_description": "", 
      "code": "phal", 
      "name": "Pacific Halibut"
    }
  }, 
  {
    "pk": 9, 
    "model": "gwst_app.resource", 
    "fields": {
      "shape_color": "888800", 
      "select_description": "", 
      "code": "shray", 
      "name": "Sharks/Rays"
    }
  }, 
  {
    "pk": 10, 
    "model": "gwst_app.resource", 
    "fields": {
      "shape_color": "008888", 
      "select_description": "", 
      "code": "atna", 
      "name": "Albacore Tuna"
    }
  }, 
  {
    "pk": 11, 
    "model": "gwst_app.resource", 
    "fields": {
      "shape_color": "FF8888", 
      "select_description": "", 
      "code": "hsqd", 
      "name": "Humboldt Squid"
    }
  }, 
  {
    "pk": 7, 
    "model": "gwst_app.resource", 
    "fields": {
      "shape_color": "8888FF", 
      "select_description": "", 
      "code": "oflt", 
      "name": "Other Flatfish (soles, turbots)"
    }
  }, 
  {
    "pk": 15, 
    "model": "gwst_app.resource", 
    "fields": {
      "shape_color": "88FF88", 
      "select_description": "", 
      "code": "abl", 
      "name": "Abalone"
    }
  }, 
  {
    "pk": 16, 
    "model": "gwst_app.resource", 
    "fields": {
      "shape_color": "FFFF88", 
      "select_description": "", 
      "code": "urch", 
      "name": "Urchin"
    }
  }, 
  {
    "pk": 17, 
    "model": "gwst_app.resource", 
    "fields": {
      "shape_color": "FF88FF", 
      "select_description": "", 
      "code": "rscl", 
      "name": "Rock Scallops"
    }
  }, 
  {
    "pk": 14, 
    "model": "gwst_app.resource", 
    "fields": {
      "shape_color": "88FFFF", 
      "select_description": "", 
      "code": "sndb", 
      "name": "Sanddabs"
    }
  }, 
  {
    "pk": 6, 
    "model": "gwst_app.resource", 
    "fields": {
      "shape_color": "666666", 
      "select_description": "", 
      "code": "chal", 
      "name": "California Halibut"
    }
  }, 
  {
    "pk": 18, 
    "model": "gwst_app.resource", 
    "fields": {
      "shape_color": "FF0033", 
      "select_description": "Represents your pre-RCA fishing grounds.  See instructions above.", 
      "code": "rckpr", 
      "name": "Rockfish A - (Pre-RCA)"
    }
  }, 
  {
    "pk": 19, 
    "model": "gwst_app.resource", 
    "fields": {
      "shape_color": "FFCC00", 
      "select_description": "Represents your Post-RCA fishing grounds.  See instructions above.", 
      "code": "rckpo", 
      "name": "Rockfish B - (Post-RCA)"
    }
  }, 
  {
    "pk": 20, 
    "model": "gwst_app.resource", 
    "fields": {
      "shape_color": "FFFF00", 
      "select_description": "", 
      "code": "clm", 
      "name": "Clams"
    }
  }, 
  {
    "pk": 21, 
    "model": "gwst_app.resource", 
    "fields": {
      "shape_color": "FF6600", 
      "select_description": "", 
      "code": "pch", 
      "name": "Perch"
    }
  }, 
  {
    "pk": 8, 
    "model": "gwst_app.resource", 
    "fields": {
      "shape_color": "880088", 
      "select_description": "", 
      "code": "bait", 
      "name": "Anchovy/Herring/Smelt (bait fish)"
    }
  }, 
  {
    "pk": 23, 
    "model": "gwst_app.resource", 
    "fields": {
      "shape_color": "DDFF22", 
      "select_description": "", 
      "code": "rcrb", 
      "name": "Rock Crab"
    }
  }, 
  {
    "pk": 22, 
    "model": "gwst_app.resource", 
    "fields": {
      "shape_color": "FFCC44", 
      "select_description": "", 
      "code": "lob", 
      "name": "Lobster"
    }
  }, 
  {
    "pk": 3, 
    "model": "gwst_app.resource", 
    "fields": {
      "shape_color": "FF00FF", 
      "select_description": "Represents what your rockfish grounds would be if closure areas were removed.  See instructions above.", 
      "code": "rockc", 
      "name": "Rockfish C - (Cumulative)"
    }
  }, 
  {
    "pk": 24, 
    "model": "gwst_app.resource", 
    "fields": {
      "shape_color": "FFFF00", 
      "select_description": "", 
      "code": "rock", 
      "name": "Rockfish"
    }
  }, 
  {
    "pk": 25, 
    "model": "gwst_app.resource", 
    "fields": {
      "shape_color": "FFFF00", 
      "select_description": "", 
      "code": "shpr", 
      "name": "Shrimp/Prawn"
    }
  }, 
  {
    "pk": 1, 
    "model": "gwst_app.interview", 
    "fields": {
      "code": "NCrecfish", 
      "description": "rec fish", 
      "shape_name_plural": "fishing grounds", 
      "region": 1, 
      "resource_name_plural": "species", 
      "draw_shape_text": "<div id=\"help_panel\">\r\n\r\n<b> Getting Started </b>\r\n\r\n<p>Take the time to learn how to use this drawing tool before you dive in.  The instructions and videos provided will quickly show you through the entire process</p>\r\n\r\n<b>How It Works</b>\r\n\r\n<p>The way the drawing process works is <b>for each species group</b> you target, you are given an imaginary bag of <b>100 pennies</b>.  You will draw shapes on the map representing your fishing grounds and then place some number of pennies on those shapes. The more pennies you place on a shape, the more value or importance you are placing on it. Keep doing this until you have drawn all your shapes and used all your pennies.  This process may seem complicated but it will allow the potential impact of MPA's on each fishery and each region to be measured much more accurately.</p>\r\n\r\n<p>How many shapes you draw and how specific you are is up to you.  Most people draw between three and eight shapes per fishery per user group. </p>\r\n\r\n<b>More Help</b>\r\n\r\n<p>To get this window back after closing it, click the Help button in the upper right.  Additional help can be found on our <a href='/faq' target='_blank'>frequently asked questions</a> page. Please do not hesitate to email <a href=\"mailto:fish@ecotrust.org\">fish@ecotrust.org</a> if you need more help.\r\n</p>\r\n<br/>\r\n<button type='button' onclick='gwst.app.splashTabs.activate(gwst.app.helpScreenText)'>Go To Instructions/Videos</button>&nbsp;&nbsp;&nbsp;&nbsp;<i><b>Highly Recommended</b></i>\r\n<br/> \r\n<button type='button' onclick='gwst.app.helpWindow.hide()'>Get Started</button>\r\n</div>", 
      "resource_action": "target", 
      "group_status_text": "Please carefully read all instructions and complete each survey section. You will be asked to answer questions and draw your fishing grounds. The drawing portion can be technically challenging and you may get discouraged by the amount of time it will take you. We apologize for this. Please understand that your input provides the best representation of your fishing interests and provides an opportunity for your voice to be heard. For these reasons, we believe the time you spend will be worth the effort. \r\n<br/><br/>\r\nIf you have questions about Ecotrust's involvement in the MLPA process and what your incentive is to share your information and fishing grounds to us, please  <a target='_blank' href='http://www.ecotrust.org/mlpa/'>visit our MLPA page</a>.\r\n<br/><br/>\r\nWe are listening to your feedback. If you have technical problems please read our <a href='/faq' target='_blank'>Frequently Asked Questions</a>.  If you are finding the online interview too difficult to complete, please email us at fish@ecotrust.org or call us using the number provided in your registration email. We are listening to your feedback. \r\n<h2>Instructions</h2>\r\n\r\n<p>\r\nComplete each section below one at a time.  A red circle indicates an unfinished section.  Once you have completed the necessary steps within a section you will be able to finalize it.  Once a group is finalized it will change to the color green.  Once all groups are green you will be able to finalize your survey.  You must complete at least the first user group including drawing your fishing grounds.  You may skip the others and move on.\r\n</p>", 
      "resource_name": "species", 
      "shape_name": "fishing ground", 
      "active": false, 
      "organization": "Ecotrust", 
      "assign_groups_text": "<p>What percentage of time do you spend fishing in each of these user groups?</p>\r\n<p><i>[Note: You won't be surveyed for groups you don't provide a value for here.  Also these values must add up to 100%.  For example, if someone participates in both kayak angling and dive angling, they might enter 60% for kayak angling, 40% for dive angling and nothing for private vessel angling.]</i></p>", 
      "clip_region": 1, 
      "interview_complete_text": "<p>The fishing grounds you drew will be edited if necessary, using any bounding information you provided (e.g. north, south, east, and west boundaries).  Our team will then begin the process of aggregating the surveys to create maps showing overall fishing grounds and their value for different user-group/fishery/port combinations.</p>\r\n\r\n<p>When the initial round of analysis is complete we will conduct reviews by port group. This will provide an opportunity for groups of fishermen to give feedback on the accuracy of the regional data. Again, this will be done in such a way that your individual fishing grounds will not be identifiable. Recommendations from the review meetings will be incorporated and subsequent iterations of the analysis will be completed. The maps will then be used in evaluating MPA proposals.  For each MPA proposal, stakeholders will be able to see the potential impacts that MPA would have on a given fishery and/or user group.  This is a valuable tool in finding the best areas for protection while trying to minimize the impact on fisheries.</p>\r\n\r\n<p>Your willingness to participate is greatly appreciated! If you have any questions or \r\nconcerns please contact us at <a href='mailto:fish@ecotrust.org'>fish@ecotrust.org</a></p>", 
      "name": "MLPA North Coast Recreational Fishing Survey"
    }
  }, 
  {
    "pk": 2, 
    "model": "gwst_app.interview", 
    "fields": {
      "code": "ORRrecfish", 
      "description": "Oregon central coast rec fishermen", 
      "shape_name_plural": "fishing grounds", 
      "region": 2, 
      "resource_name_plural": "species", 
      "draw_shape_text": "<b>How It Works</b>\r\n\r\n<p>The way the drawing process works is <b>for each species group</b> you target, you are given an imaginary bag of <b>100 pennies</b>.  You will draw fishing grounds on the map representing your fishing grounds and then place some number of pennies on those fishing grounds. The more pennies you place on a fishing ground, the more value or importance you are placing on it. Keep doing this until you have drawn all your fishing grounds and used all your pennies.  This process may seem complicated but it will allow the potential impact of MPA's on each fishery and each region to be measured much more accurately.</p>\r\n\r\n<p>How many fishing grounds you draw and how specific you are is up to you.  Most people draw between three and eight fishing grounds per fishery per user group. </p>\r\n\r\n<b>More Help</b>\r\n\r\n<p>To get this window back after closing it, click the Help button in the upper right.  Additional help can be found on our <a href='/faq' target='_blank'>frequently asked questions</a> page. Please do not hesitate to email <a href=\"mailto:fish@ecotrust.org\">fish@ecotrust.org</a> if you need more help.\r\n</p>\r\n<br/>\r\n<button type='button' onclick='gwst.app.splashTabs.activate(gwst.app.helpScreenText)'>Go To Instructions/Videos</button>&nbsp;&nbsp;&nbsp;&nbsp;<i><b>Highly Recommended</b></i>\r\n<br/> \r\n<button type='button' onclick='gwst.app.helpWindow.hide()'>Get Started</button>\r\n</div>", 
      "resource_action": "target", 
      "group_status_text": "<p>\r\nPlease carefully read all instructions and complete each survey section.\r\n</p>\r\n\r\n<p>You will be asked to answer questions on fishing trip expenditures and draw your fishing grounds for each species you target.\r\n</p>\r\n\r\n<p>\r\nIf you have questions about Ecotrust's mapping project for Oregon\u2019s Territorial Sea Plan and what your incentive is to share your information and fishing grounds with us, please  <a target='_blank' href='http://www.ecotrust.org/tsp/'>visit our Oregon TSP page</a>.\r\n</p>\r\n\r\n<p>\r\nWe strongly encourage feedback. If you have technical problems please read our <a href='/faq' target='_blank'>Frequently Asked Questions</a>.  If you are finding the online interview too difficult to complete, or have additional questions, please email us at <a href=\"mailto:fish@ecotrust.org\">fish@ecotrust.org</a> and we will respond within a few hours if not sooner. \r\n</p>\r\n\r\n<p>\r\nWe greatly appreciate your participation as your direct input provides the best representation of your fishing interests and provides an opportunity for your voice to be heard. For these reasons, we believe the time you spend in this survey will be worth the effort.\r\n</p>\r\n\r\n<h2>Instructions</h2>\r\n<p>\r\nComplete each section below one at a time. You will be asked to finalize each section before moving onto the next.  You can logout of the survey at any time and your survey will be saved for you to finish at a later time.\r\n</p>", 
      "resource_name": "species", 
      "shape_name": "fishing ground", 
      "active": true, 
      "organization": "Ecotrust", 
      "assign_groups_text": "<p>What percentage of time do you spend fishing in each of these user groups?</p>\r\n<p><i>[Note: You won't be surveyed for groups you don't provide a value for here.  In addition, these values must add up to 100%.  For example, if someone participates in both kayak fishing and dive fishing, they might enter 60% for kayak fishing, 40% for dive fishing and nothing for private vessel fishing.]</i></p>", 
      "clip_region": 1, 
      "interview_complete_text": "<p>\r\nThe fishing grounds you drew will be edited if necessary, using any bounding information you provided (e.g. north, south, east, and west boundaries).  Our team will then begin the process of aggregating the surveys to create maps showing overall fishing grounds and their value for different user-group/fishery/port combinations.\r\n</p>\r\n<p>\r\nWhen the initial round of analysis is complete we will conduct reviews by port group. This will provide an opportunity for groups of fishermen to give feedback on the accuracy of the regional data. Again, this will be done in such a way that your individual fishing grounds will not be identifiable. Recommendations from the review meetings will be incorporated to complete the maps. The maps will then be submitted to Oregon\u2019s Department of Land and Conservation Development to be considered along with other data and information to help guide the location of waver energy sites so that impacts to existing uses are minimized.\r\n</p>\r\n<p>\r\nYour willingness to participate is greatly appreciated! If you have any questions or \r\nconcerns please contact us at <a href='mailto:fish@ecotrust.org'>fish@ecotrust.org</a>\r\n</p>", 
      "name": "Recreational Fishing Areas and Value in Oregon"
    }
  }, 
  {
    "pk": 1, 
    "model": "gwst_app.interviewgroup", 
    "fields": {
      "shape_color": "FF", 
      "code": "div", 
      "name": "Dive/Spear Angling", 
      "required_group": false, 
      "select_resource_text": "* <b>Rockfish fishermen</b>.  Select all of the rockfish groups that apply to you.  If you fished for rockfish (including lingcod and other bottomfish) before Rockfish Conservation Areas (RCAs) were put into place, select all three groups (A,B and C).  If you've only fished rockfish after the RCAs were put into place then only select group B, post-RCA.  To learn more about these three different groups and why it's important we break things up like this, please visit our <a href='/faq' target='_blank'>Frequently Asked Questions</a>.", 
      "preselect": true, 
      "user_draws_shapes": true, 
      "interview": 1, 
      "member_title": "dive/spear angler", 
      "page_template": "base_form.html", 
      "resources": [
        4, 
        15, 
        16, 
        17, 
        18, 
        19, 
        23, 
        3
      ], 
      "description": "Diving and spear/hand take"
    }
  }, 
  {
    "pk": 2, 
    "model": "gwst_app.interviewgroup", 
    "fields": {
      "shape_color": "FF", 
      "code": "kyk", 
      "name": "Kayak Angling", 
      "required_group": false, 
      "select_resource_text": "* <b>Rockfish fishermen</b>.  Select all of the rockfish groups that apply to you.  If you fished for rockfish (including lingcod and other bottomfish) before Rockfish Conservation Areas (RCAs) were put into place, select all three groups (A,B and C).  If you've only fished rockfish after the RCAs were put into place then only select group B, post-RCA.  To learn more about these three different groups and why it's important we break things up like this, please visit our <a href='/faq' target='_blank'>Frequently Asked Questions</a>.", 
      "preselect": true, 
      "user_draws_shapes": true, 
      "interview": 1, 
      "member_title": "kayak angler", 
      "page_template": "base_form.html", 
      "resources": [
        1, 
        9, 
        14, 
        6, 
        18, 
        19, 
        8, 
        3
      ], 
      "description": "kayakers"
    }
  }, 
  {
    "pk": 3, 
    "model": "gwst_app.interviewgroup", 
    "fields": {
      "shape_color": "FF", 
      "code": "prvsl", 
      "name": "Private Vessel Angling", 
      "required_group": false, 
      "select_resource_text": "* <b>Rockfish fishermen</b>.  Select all of the rockfish groups that apply to you.  If you fished for rockfish (including lingcod and other bottomfish) before Rockfish Conservation Areas (RCAs) were put into place, select all three groups (A,B and C).  If you've only fished rockfish after the RCAs were put into place then only select group B, post-RCA.  To learn more about these three different groups and why it's important we break things up like this, please visit our <a href='/faq' target='_blank'>Frequently Asked Questions</a>.", 
      "preselect": true, 
      "user_draws_shapes": true, 
      "interview": 1, 
      "member_title": "private vessel angler", 
      "page_template": "base_form.html", 
      "resources": [
        1, 
        4, 
        5, 
        9, 
        10, 
        11, 
        7, 
        14, 
        6, 
        18, 
        19, 
        20, 
        21, 
        8, 
        23, 
        3
      ], 
      "description": "private vessel anglers"
    }
  }, 
  {
    "pk": 6, 
    "model": "gwst_app.interviewgroup", 
    "fields": {
      "shape_color": "FF", 
      "code": "main", 
      "name": "Main Questions", 
      "required_group": true, 
      "select_resource_text": "", 
      "preselect": true, 
      "user_draws_shapes": false, 
      "interview": 1, 
      "member_title": "main", 
      "page_template": "base_form.html", 
      "resources": [], 
      "description": "General questions"
    }
  }, 
  {
    "pk": 7, 
    "model": "gwst_app.interviewgroup", 
    "fields": {
      "shape_color": "FF", 
      "code": "main", 
      "name": "Main Questions", 
      "required_group": true, 
      "select_resource_text": "", 
      "preselect": true, 
      "user_draws_shapes": false, 
      "interview": 2, 
      "member_title": "main", 
      "page_template": "or_main_form.html", 
      "resources": [], 
      "description": "General Questions"
    }
  }, 
  {
    "pk": 8, 
    "model": "gwst_app.interviewgroup", 
    "fields": {
      "shape_color": "FFFFFF", 
      "code": "kyk", 
      "name": "Kayak or Non-Motorized Vessel Fishing", 
      "required_group": false, 
      "select_resource_text": "", 
      "preselect": true, 
      "user_draws_shapes": true, 
      "interview": 2, 
      "member_title": "kayak or non-motorized vessel fisherman", 
      "page_template": "base_form.html", 
      "resources": [
        1, 
        4, 
        5, 
        7, 
        24, 
        25
      ], 
      "description": "Kayak or Non-Motorized Vessel"
    }
  }, 
  {
    "pk": 5, 
    "model": "gwst_app.interviewgroup", 
    "fields": {
      "shape_color": "FF", 
      "code": "pri", 
      "name": "Sport Boat Fishing", 
      "required_group": false, 
      "select_resource_text": "", 
      "preselect": true, 
      "user_draws_shapes": true, 
      "interview": 2, 
      "member_title": "sport boat fisherman", 
      "page_template": "base_form.html", 
      "resources": [
        1, 
        4, 
        5, 
        7, 
        24, 
        25
      ], 
      "description": "Private Vessel"
    }
  }, 
  {
    "pk": 4, 
    "model": "gwst_app.interviewgroup", 
    "fields": {
      "shape_color": "FF", 
      "code": "div", 
      "name": "Dive/Spear Fishing", 
      "required_group": false, 
      "select_resource_text": "", 
      "preselect": true, 
      "user_draws_shapes": true, 
      "interview": 2, 
      "member_title": "dive/spear fisherman", 
      "page_template": "base_form.html", 
      "resources": [
        4, 
        15, 
        24
      ], 
      "description": "Diving and spear/hand take"
    }
  }, 
  {
    "pk": 1, 
    "model": "gwst_app.interviewansweroption", 
    "fields": {
      "display_order": 0.0, 
      "eng_text": "Yes!"
    }
  }, 
  {
    "pk": 2, 
    "model": "gwst_app.interviewansweroption", 
    "fields": {
      "display_order": 1.5, 
      "eng_text": "No."
    }
  }, 
  {
    "pk": 3, 
    "model": "gwst_app.interviewansweroption", 
    "fields": {
      "display_order": 2.0, 
      "eng_text": "Don't mind if I do!"
    }
  }, 
  {
    "pk": 4, 
    "model": "gwst_app.interviewansweroption", 
    "fields": {
      "display_order": 4.0, 
      "eng_text": "Male"
    }
  }, 
  {
    "pk": 5, 
    "model": "gwst_app.interviewansweroption", 
    "fields": {
      "display_order": 5.0, 
      "eng_text": "Female"
    }
  }, 
  {
    "pk": 6, 
    "model": "gwst_app.interviewansweroption", 
    "fields": {
      "display_order": 1.0, 
      "eng_text": "Swimming"
    }
  }, 
  {
    "pk": 7, 
    "model": "gwst_app.interviewansweroption", 
    "fields": {
      "display_order": 2.0, 
      "eng_text": "Kayak"
    }
  }, 
  {
    "pk": 8, 
    "model": "gwst_app.interviewansweroption", 
    "fields": {
      "display_order": 3.0, 
      "eng_text": "Private Boat"
    }
  }, 
  {
    "pk": 9, 
    "model": "gwst_app.interviewansweroption", 
    "fields": {
      "display_order": 1.0, 
      "eng_text": "Free dive"
    }
  }, 
  {
    "pk": 10, 
    "model": "gwst_app.interviewansweroption", 
    "fields": {
      "display_order": 2.0, 
      "eng_text": "Scuba Dive"
    }
  }, 
  {
    "pk": 11, 
    "model": "gwst_app.interviewansweroption", 
    "fields": {
      "display_order": 1.0, 
      "eng_text": "Trailer"
    }
  }, 
  {
    "pk": 12, 
    "model": "gwst_app.interviewansweroption", 
    "fields": {
      "display_order": 2.0, 
      "eng_text": "Slip"
    }
  }, 
  {
    "pk": 13, 
    "model": "gwst_app.interviewansweroption", 
    "fields": {
      "display_order": 3.0, 
      "eng_text": "Dry Dock"
    }
  }, 
  {
    "pk": 14, 
    "model": "gwst_app.interviewansweroption", 
    "fields": {
      "display_order": 4.0, 
      "eng_text": "Paddleboard"
    }
  }, 
  {
    "pk": 15, 
    "model": "gwst_app.interviewansweroption", 
    "fields": {
      "display_order": 1.0, 
      "eng_text": "Motor"
    }
  }, 
  {
    "pk": 16, 
    "model": "gwst_app.interviewansweroption", 
    "fields": {
      "display_order": 2.0, 
      "eng_text": "Non-motorized"
    }
  }, 
  {
    "pk": 17, 
    "model": "gwst_app.interviewansweroption", 
    "fields": {
      "display_order": 16.0, 
      "eng_text": "Aluminum"
    }
  }, 
  {
    "pk": 18, 
    "model": "gwst_app.interviewansweroption", 
    "fields": {
      "display_order": 17.0, 
      "eng_text": "Fiberglass"
    }
  }, 
  {
    "pk": 19, 
    "model": "gwst_app.interviewansweroption", 
    "fields": {
      "display_order": 18.0, 
      "eng_text": "Inflatable"
    }
  }, 
  {
    "pk": 20, 
    "model": "gwst_app.interviewansweroption", 
    "fields": {
      "display_order": 19.0, 
      "eng_text": "Other"
    }
  }, 
  {
    "pk": 21, 
    "model": "gwst_app.interviewansweroption", 
    "fields": {
      "display_order": 1.0, 
      "eng_text": "Significantly higher"
    }
  }, 
  {
    "pk": 22, 
    "model": "gwst_app.interviewansweroption", 
    "fields": {
      "display_order": 2.0, 
      "eng_text": "Somewhat higher"
    }
  }, 
  {
    "pk": 23, 
    "model": "gwst_app.interviewansweroption", 
    "fields": {
      "display_order": 3.0, 
      "eng_text": "Average"
    }
  }, 
  {
    "pk": 24, 
    "model": "gwst_app.interviewansweroption", 
    "fields": {
      "display_order": 4.0, 
      "eng_text": "Somewhat lower"
    }
  }, 
  {
    "pk": 25, 
    "model": "gwst_app.interviewansweroption", 
    "fields": {
      "display_order": 5.0, 
      "eng_text": "Significantly lower"
    }
  }, 
  {
    "pk": 1, 
    "model": "gwst_app.questiongroupvalidator", 
    "fields": {
      "description": "Sum to 100", 
      "param_4": "", 
      "param_1": "100", 
      "param_3": "", 
      "param_2": "", 
      "type": "sum"
    }
  }, 
  {
    "pk": 1, 
    "model": "gwst_app.questiongroup", 
    "fields": {
      "code": "dive_perc", 
      "eng_text": "What percentage of your dives are", 
      "validators": [
        1
      ]
    }
  }, 
  {
    "pk": 2, 
    "model": "gwst_app.questiongroup", 
    "fields": {
      "code": "boatVshore", 
      "eng_text": "What percentage of your dives are", 
      "validators": [
        1
      ]
    }
  }, 
  {
    "pk": 3, 
    "model": "gwst_app.questiongroup", 
    "fields": {
      "code": "soc_econ", 
      "eng_text": "Socio-Economic Expenses", 
      "validators": [
        1
      ]
    }
  }, 
  {
    "pk": 4, 
    "model": "gwst_app.questiongroup", 
    "fields": {
      "code": "k_lnchpct", 
      "eng_text": "Kayak: Percentage use of this port", 
      "validators": [
        1
      ]
    }
  }, 
  {
    "pk": 5, 
    "model": "gwst_app.questiongroup", 
    "fields": {
      "code": "v_lnchpct", 
      "eng_text": "Private Vessel: Percentage use of this port", 
      "validators": [
        1
      ]
    }
  }, 
  {
    "pk": 6, 
    "model": "gwst_app.questiongroup", 
    "fields": {
      "code": "d_lnchpct", 
      "eng_text": "Dive: Percentage use of this port", 
      "validators": [
        1
      ]
    }
  }, 
  {
    "pk": 1, 
    "model": "gwst_app.interviewquestion", 
    "fields": {
      "all_resources": false, 
      "code": "diveprtr", 
      "eng_text": "Average number of dives per trip", 
      "int_group": 1, 
      "question_set": null, 
      "display_order": 1.0, 
      "required": true, 
      "question_group": null, 
      "options": [], 
      "val_min": 1.0, 
      "val_default": "", 
      "answer_type": "integer", 
      "eng_tooltip": "", 
      "val_max": 100.0
    }
  }, 
  {
    "pk": 35, 
    "model": "gwst_app.interviewquestion", 
    "fields": {
      "all_resources": true, 
      "code": "diveyrsp", 
      "eng_text": "Average number of days per year diving for this species", 
      "int_group": 1, 
      "question_set": null, 
      "display_order": 1.0, 
      "required": true, 
      "question_group": null, 
      "options": [], 
      "val_min": 0.0, 
      "val_default": "", 
      "answer_type": "decimal", 
      "eng_tooltip": "", 
      "val_max": null
    }
  }, 
  {
    "pk": 38, 
    "model": "gwst_app.interviewquestion", 
    "fields": {
      "all_resources": false, 
      "code": "divedyyr", 
      "eng_text": "Average number of days diving per year", 
      "int_group": 1, 
      "question_set": null, 
      "display_order": 2.0, 
      "required": false, 
      "question_group": null, 
      "options": [], 
      "val_min": 0.0, 
      "val_default": "", 
      "answer_type": "integer", 
      "eng_tooltip": "", 
      "val_max": 1000.0
    }
  }, 
  {
    "pk": 32, 
    "model": "gwst_app.interviewquestion", 
    "fields": {
      "all_resources": false, 
      "code": "dive_meth", 
      "eng_text": "Primary dive method (we understand most do more than one type.  Answer which you do the most)", 
      "int_group": 1, 
      "question_set": null, 
      "display_order": 3.0, 
      "required": true, 
      "question_group": null, 
      "options": [
        9, 
        10
      ], 
      "val_min": null, 
      "val_default": "", 
      "answer_type": "other", 
      "eng_tooltip": "", 
      "val_max": null
    }
  }, 
  {
    "pk": 33, 
    "model": "gwst_app.interviewquestion", 
    "fields": {
      "all_resources": false, 
      "code": "dive_shore", 
      "eng_text": "What percentage of your dives are shore based?", 
      "int_group": 1, 
      "question_set": null, 
      "display_order": 4.0, 
      "required": true, 
      "question_group": 1, 
      "options": [], 
      "val_min": 0.0, 
      "val_default": "0", 
      "answer_type": "integer", 
      "eng_tooltip": "Percentage of dives from which you start out from the mainland", 
      "val_max": 100.0
    }
  }, 
  {
    "pk": 34, 
    "model": "gwst_app.interviewquestion", 
    "fields": {
      "all_resources": false, 
      "code": "dive_boat", 
      "eng_text": "What percentage of your dives are from a boat?", 
      "int_group": 1, 
      "question_set": null, 
      "display_order": 5.0, 
      "required": true, 
      "question_group": 1, 
      "options": [], 
      "val_min": 0.0, 
      "val_default": "0", 
      "answer_type": "integer", 
      "eng_tooltip": "Percentage of dives from which you start out from a boat", 
      "val_max": 100.0
    }
  }, 
  {
    "pk": 31, 
    "model": "gwst_app.interviewquestion", 
    "fields": {
      "all_resources": false, 
      "code": "access", 
      "eng_text": "Primary access method to dive locations", 
      "int_group": 1, 
      "question_set": null, 
      "display_order": 6.0, 
      "required": true, 
      "question_group": null, 
      "options": [
        6, 
        7, 
        8, 
        14
      ], 
      "val_min": null, 
      "val_default": "", 
      "answer_type": "select", 
      "eng_tooltip": "", 
      "val_max": null
    }
  }, 
  {
    "pk": 39, 
    "model": "gwst_app.interviewquestion", 
    "fields": {
      "all_resources": false, 
      "code": "pr_lnch", 
      "eng_text": "Primary launch port/site", 
      "int_group": 2, 
      "question_set": null, 
      "display_order": 1.0, 
      "required": true, 
      "question_group": null, 
      "options": [], 
      "val_min": null, 
      "val_default": "", 
      "answer_type": "text", 
      "eng_tooltip": "", 
      "val_max": null
    }
  }, 
  {
    "pk": 36, 
    "model": "gwst_app.interviewquestion", 
    "fields": {
      "all_resources": true, 
      "code": "days_spec", 
      "eng_text": "Average number of days per year fishing for this species", 
      "int_group": 2, 
      "question_set": null, 
      "display_order": 1.0, 
      "required": true, 
      "question_group": null, 
      "options": [], 
      "val_min": null, 
      "val_default": "", 
      "answer_type": "decimal", 
      "eng_tooltip": "", 
      "val_max": null
    }
  }, 
  {
    "pk": 2, 
    "model": "gwst_app.interviewquestion", 
    "fields": {
      "all_resources": false, 
      "code": "launch1", 
      "eng_text": "Other launch port/site 1", 
      "int_group": 2, 
      "question_set": null, 
      "display_order": 2.0, 
      "required": false, 
      "question_group": null, 
      "options": [], 
      "val_min": null, 
      "val_default": "", 
      "answer_type": "text", 
      "eng_tooltip": "Ports and sites you launch your kayak from", 
      "val_max": null
    }
  }, 
  {
    "pk": 26, 
    "model": "gwst_app.interviewquestion", 
    "fields": {
      "all_resources": false, 
      "code": "launch2", 
      "eng_text": "Other launch port/site 2", 
      "int_group": 2, 
      "question_set": null, 
      "display_order": 3.0, 
      "required": false, 
      "question_group": null, 
      "options": [], 
      "val_min": null, 
      "val_default": "", 
      "answer_type": "text", 
      "eng_tooltip": "Ports and sites you launch your kayak from", 
      "val_max": null
    }
  }, 
  {
    "pk": 27, 
    "model": "gwst_app.interviewquestion", 
    "fields": {
      "all_resources": false, 
      "code": "launch3", 
      "eng_text": "Other launch port/site 3", 
      "int_group": 2, 
      "question_set": null, 
      "display_order": 4.0, 
      "required": false, 
      "question_group": null, 
      "options": [], 
      "val_min": null, 
      "val_default": "", 
      "answer_type": "text", 
      "eng_tooltip": "Ports and sites you launch your kayak from", 
      "val_max": null
    }
  }, 
  {
    "pk": 28, 
    "model": "gwst_app.interviewquestion", 
    "fields": {
      "all_resources": false, 
      "code": "launch4", 
      "eng_text": "Other launch port/site 4", 
      "int_group": 2, 
      "question_set": null, 
      "display_order": 5.0, 
      "required": false, 
      "question_group": null, 
      "options": [], 
      "val_min": null, 
      "val_default": "", 
      "answer_type": "text", 
      "eng_tooltip": "Ports and sites you launch your kayak from", 
      "val_max": null
    }
  }, 
  {
    "pk": 29, 
    "model": "gwst_app.interviewquestion", 
    "fields": {
      "all_resources": false, 
      "code": "years_exp", 
      "eng_text": "How many years experience do you have fishing from a kayak?", 
      "int_group": 2, 
      "question_set": null, 
      "display_order": 6.0, 
      "required": true, 
      "question_group": null, 
      "options": [], 
      "val_min": 0.0, 
      "val_default": "", 
      "answer_type": "integer", 
      "eng_tooltip": "", 
      "val_max": 100.0
    }
  }, 
  {
    "pk": 30, 
    "model": "gwst_app.interviewquestion", 
    "fields": {
      "all_resources": false, 
      "code": "days_fish", 
      "eng_text": "How many days 'on average' do you spend each year fishing from a kayak?", 
      "int_group": 2, 
      "question_set": null, 
      "display_order": 7.0, 
      "required": true, 
      "question_group": null, 
      "options": [], 
      "val_min": 1.0, 
      "val_default": "", 
      "answer_type": "integer", 
      "eng_tooltip": "", 
      "val_max": 365.0
    }
  }, 
  {
    "pk": 37, 
    "model": "gwst_app.interviewquestion", 
    "fields": {
      "all_resources": true, 
      "code": "days_spec", 
      "eng_text": "Average number of days per year fishing for this species", 
      "int_group": 3, 
      "question_set": null, 
      "display_order": 1.0, 
      "required": true, 
      "question_group": null, 
      "options": [], 
      "val_min": 0.0, 
      "val_default": "", 
      "answer_type": "decimal", 
      "eng_tooltip": "", 
      "val_max": null
    }
  }, 
  {
    "pk": 12, 
    "model": "gwst_app.interviewquestion", 
    "fields": {
      "all_resources": false, 
      "code": "boat_type", 
      "eng_text": "Type of boat (your primary boat)", 
      "int_group": 3, 
      "question_set": null, 
      "display_order": 1.0, 
      "required": true, 
      "question_group": null, 
      "options": [
        15, 
        16
      ], 
      "val_min": null, 
      "val_default": "", 
      "answer_type": "select", 
      "eng_tooltip": "", 
      "val_max": null
    }
  }, 
  {
    "pk": 13, 
    "model": "gwst_app.interviewquestion", 
    "fields": {
      "all_resources": false, 
      "code": "reg_num", 
      "eng_text": "Boat registration number (your primary boat)", 
      "int_group": 3, 
      "question_set": null, 
      "display_order": 2.0, 
      "required": true, 
      "question_group": null, 
      "options": [], 
      "val_min": null, 
      "val_default": "", 
      "answer_type": "text", 
      "eng_tooltip": "", 
      "val_max": null
    }
  }, 
  {
    "pk": 14, 
    "model": "gwst_app.interviewquestion", 
    "fields": {
      "all_resources": false, 
      "code": "yrs_op", 
      "eng_text": "Years operating a sport boat", 
      "int_group": 3, 
      "question_set": null, 
      "display_order": 3.0, 
      "required": true, 
      "question_group": null, 
      "options": [], 
      "val_min": 0.0, 
      "val_default": "", 
      "answer_type": "integer", 
      "eng_tooltip": "", 
      "val_max": 100.0
    }
  }, 
  {
    "pk": 15, 
    "model": "gwst_app.interviewquestion", 
    "fields": {
      "all_resources": false, 
      "code": "yrs_own", 
      "eng_text": "Years owning a sport boat", 
      "int_group": 3, 
      "question_set": null, 
      "display_order": 4.0, 
      "required": true, 
      "question_group": null, 
      "options": [], 
      "val_min": 0.0, 
      "val_default": "", 
      "answer_type": "integer", 
      "eng_tooltip": "", 
      "val_max": 100.0
    }
  }, 
  {
    "pk": 16, 
    "model": "gwst_app.interviewquestion", 
    "fields": {
      "all_resources": false, 
      "code": "v_length", 
      "eng_text": "Vessel length in feet (your primary boat)", 
      "int_group": 3, 
      "question_set": null, 
      "display_order": 5.0, 
      "required": true, 
      "question_group": null, 
      "options": [], 
      "val_min": 6.0, 
      "val_default": "", 
      "answer_type": "integer", 
      "eng_tooltip": "", 
      "val_max": 200.0
    }
  }, 
  {
    "pk": 17, 
    "model": "gwst_app.interviewquestion", 
    "fields": {
      "all_resources": false, 
      "code": "storage", 
      "eng_text": "Storage location (your primary boat)", 
      "int_group": 3, 
      "question_set": null, 
      "display_order": 6.0, 
      "required": true, 
      "question_group": null, 
      "options": [
        11, 
        12, 
        13
      ], 
      "val_min": null, 
      "val_default": "", 
      "answer_type": "select", 
      "eng_tooltip": "", 
      "val_max": null
    }
  }, 
  {
    "pk": 18, 
    "model": "gwst_app.interviewquestion", 
    "fields": {
      "all_resources": false, 
      "code": "homeport", 
      "eng_text": "Primary port/ramp (dock/moorage/launch)", 
      "int_group": 3, 
      "question_set": null, 
      "display_order": 7.0, 
      "required": true, 
      "question_group": null, 
      "options": [], 
      "val_min": null, 
      "val_default": "", 
      "answer_type": "text", 
      "eng_tooltip": "", 
      "val_max": null
    }
  }, 
  {
    "pk": 19, 
    "model": "gwst_app.interviewquestion", 
    "fields": {
      "all_resources": false, 
      "code": "launch1", 
      "eng_text": "Other Launch 1 (In addition to your primary)", 
      "int_group": 3, 
      "question_set": null, 
      "display_order": 8.0, 
      "required": false, 
      "question_group": null, 
      "options": [], 
      "val_min": null, 
      "val_default": "", 
      "answer_type": "text", 
      "eng_tooltip": "", 
      "val_max": null
    }
  }, 
  {
    "pk": 20, 
    "model": "gwst_app.interviewquestion", 
    "fields": {
      "all_resources": false, 
      "code": "launch2", 
      "eng_text": "Other Launch 2", 
      "int_group": 3, 
      "question_set": null, 
      "display_order": 9.0, 
      "required": false, 
      "question_group": null, 
      "options": [], 
      "val_min": null, 
      "val_default": "", 
      "answer_type": "text", 
      "eng_tooltip": "", 
      "val_max": null
    }
  }, 
  {
    "pk": 21, 
    "model": "gwst_app.interviewquestion", 
    "fields": {
      "all_resources": false, 
      "code": "launch3", 
      "eng_text": "Other Launch 3", 
      "int_group": 3, 
      "question_set": null, 
      "display_order": 10.0, 
      "required": false, 
      "question_group": null, 
      "options": [], 
      "val_min": null, 
      "val_default": "", 
      "answer_type": "text", 
      "eng_tooltip": "", 
      "val_max": null
    }
  }, 
  {
    "pk": 22, 
    "model": "gwst_app.interviewquestion", 
    "fields": {
      "all_resources": false, 
      "code": "launch4", 
      "eng_text": "Other Launch 4", 
      "int_group": 3, 
      "question_set": null, 
      "display_order": 11.0, 
      "required": false, 
      "question_group": null, 
      "options": [], 
      "val_min": null, 
      "val_default": "", 
      "answer_type": "text", 
      "eng_tooltip": "", 
      "val_max": null
    }
  }, 
  {
    "pk": 23, 
    "model": "gwst_app.interviewquestion", 
    "fields": {
      "all_resources": false, 
      "code": "yrs_exp", 
      "eng_text": "Years experience fishing from a sport boat", 
      "int_group": 3, 
      "question_set": null, 
      "display_order": 12.0, 
      "required": true, 
      "question_group": null, 
      "options": [], 
      "val_min": 1.0, 
      "val_default": "", 
      "answer_type": "integer", 
      "eng_tooltip": "", 
      "val_max": 120.0
    }
  }, 
  {
    "pk": 24, 
    "model": "gwst_app.interviewquestion", 
    "fields": {
      "all_resources": false, 
      "code": "avg_ppl", 
      "eng_text": "Average number of individuals with you on a boat per trip (not including yourself)", 
      "int_group": 3, 
      "question_set": null, 
      "display_order": 13.0, 
      "required": true, 
      "question_group": null, 
      "options": [], 
      "val_min": 1.0, 
      "val_default": "", 
      "answer_type": "integer", 
      "eng_tooltip": "", 
      "val_max": 100.0
    }
  }, 
  {
    "pk": 25, 
    "model": "gwst_app.interviewquestion", 
    "fields": {
      "all_resources": false, 
      "code": "avg_days", 
      "eng_text": "Average number of days fishing from a sport boat per year", 
      "int_group": 3, 
      "question_set": null, 
      "display_order": 14.0, 
      "required": true, 
      "question_group": null, 
      "options": [], 
      "val_min": 0.0, 
      "val_default": "", 
      "answer_type": "integer", 
      "eng_tooltip": "", 
      "val_max": 365.0
    }
  }, 
  {
    "pk": 3, 
    "model": "gwst_app.interviewquestion", 
    "fields": {
      "all_resources": false, 
      "code": "city", 
      "eng_text": "City/Town", 
      "int_group": 6, 
      "question_set": null, 
      "display_order": 1.0, 
      "required": true, 
      "question_group": null, 
      "options": [], 
      "val_min": null, 
      "val_default": "", 
      "answer_type": "text", 
      "eng_tooltip": "#", 
      "val_max": null
    }
  }, 
  {
    "pk": 4, 
    "model": "gwst_app.interviewquestion", 
    "fields": {
      "all_resources": false, 
      "code": "state", 
      "eng_text": "State", 
      "int_group": 6, 
      "question_set": null, 
      "display_order": 2.0, 
      "required": true, 
      "question_group": null, 
      "options": [], 
      "val_min": null, 
      "val_default": "CA", 
      "answer_type": "text", 
      "eng_tooltip": "", 
      "val_max": null
    }
  }, 
  {
    "pk": 5, 
    "model": "gwst_app.interviewquestion", 
    "fields": {
      "all_resources": false, 
      "code": "phone", 
      "eng_text": "Phone Number", 
      "int_group": 6, 
      "question_set": null, 
      "display_order": 3.0, 
      "required": false, 
      "question_group": null, 
      "options": [], 
      "val_min": null, 
      "val_default": "", 
      "answer_type": "phone", 
      "eng_tooltip": "", 
      "val_max": null
    }
  }, 
  {
    "pk": 6, 
    "model": "gwst_app.interviewquestion", 
    "fields": {
      "all_resources": false, 
      "code": "age", 
      "eng_text": "Age", 
      "int_group": 6, 
      "question_set": null, 
      "display_order": 4.0, 
      "required": true, 
      "question_group": null, 
      "options": [], 
      "val_min": 10.0, 
      "val_default": "", 
      "answer_type": "integer", 
      "eng_tooltip": "", 
      "val_max": 120.0
    }
  }, 
  {
    "pk": 7, 
    "model": "gwst_app.interviewquestion", 
    "fields": {
      "all_resources": false, 
      "code": "gender", 
      "eng_text": "Gender", 
      "int_group": 6, 
      "question_set": null, 
      "display_order": 5.0, 
      "required": true, 
      "question_group": null, 
      "options": [
        4, 
        5
      ], 
      "val_min": null, 
      "val_default": "", 
      "answer_type": "select", 
      "eng_tooltip": "", 
      "val_max": null
    }
  }, 
  {
    "pk": 131, 
    "model": "gwst_app.interviewquestion", 
    "fields": {
      "all_resources": true, 
      "code": "d_day_spec", 
      "eng_text": "Number of days 'on average' spent diving for this species", 
      "int_group": 4, 
      "question_set": null, 
      "display_order": 1.0, 
      "required": true, 
      "question_group": null, 
      "options": [], 
      "val_min": 0.0, 
      "val_default": "", 
      "answer_type": "decimal", 
      "eng_tooltip": "", 
      "val_max": 365.0
    }
  }, 
  {
    "pk": 114, 
    "model": "gwst_app.interviewquestion", 
    "fields": {
      "all_resources": false, 
      "code": "d_trips_yr", 
      "eng_text": "Number of days 'on average' that you dive (spear fish or hand-take) per year", 
      "int_group": 4, 
      "question_set": null, 
      "display_order": 10.0, 
      "required": true, 
      "question_group": null, 
      "options": [], 
      "val_min": 0.0, 
      "val_default": "", 
      "answer_type": "integer", 
      "eng_tooltip": "", 
      "val_max": 365.0
    }
  }, 
  {
    "pk": 115, 
    "model": "gwst_app.interviewquestion", 
    "fields": {
      "all_resources": false, 
      "code": "d_yr_exp", 
      "eng_text": "Years of experience that you have diving (spear fish or hand-take)", 
      "int_group": 4, 
      "question_set": null, 
      "display_order": 20.0, 
      "required": true, 
      "question_group": null, 
      "options": [], 
      "val_min": 0.0, 
      "val_default": "", 
      "answer_type": "integer", 
      "eng_tooltip": "", 
      "val_max": 100.0
    }
  }, 
  {
    "pk": 116, 
    "model": "gwst_app.interviewquestion", 
    "fields": {
      "all_resources": false, 
      "code": "d_acc_mod", 
      "eng_text": "Your primary access method to your diving (spear fish or hand-take) locations", 
      "int_group": 4, 
      "question_set": null, 
      "display_order": 30.0, 
      "required": true, 
      "question_group": null, 
      "options": [
        6, 
        7, 
        8, 
        14
      ], 
      "val_min": null, 
      "val_default": "", 
      "answer_type": "select", 
      "eng_tooltip": "", 
      "val_max": null
    }
  }, 
  {
    "pk": 117, 
    "model": "gwst_app.interviewquestion", 
    "fields": {
      "all_resources": false, 
      "code": "d_pct_isl", 
      "eng_text": "Percentage of your dives (spear fish or hand-take) that are from a vessel (such as a boat, kayak, or paddleboard)", 
      "int_group": 4, 
      "question_set": null, 
      "display_order": 40.0, 
      "required": false, 
      "question_group": 2, 
      "options": [], 
      "val_min": null, 
      "val_default": "0", 
      "answer_type": "percent", 
      "eng_tooltip": "", 
      "val_max": null
    }
  }, 
  {
    "pk": 118, 
    "model": "gwst_app.interviewquestion", 
    "fields": {
      "all_resources": false, 
      "code": "d_pct_shr", 
      "eng_text": "Percentage of your dives (spear fish or hand-take) that are shore based", 
      "int_group": 4, 
      "question_set": null, 
      "display_order": 50.0, 
      "required": false, 
      "question_group": 2, 
      "options": [], 
      "val_min": null, 
      "val_default": "0", 
      "answer_type": "percent", 
      "eng_tooltip": "", 
      "val_max": null
    }
  }, 
  {
    "pk": 119, 
    "model": "gwst_app.interviewquestion", 
    "fields": {
      "all_resources": false, 
      "code": "d_method", 
      "eng_text": "Dive (spear fish or hand-take) method that you use the most", 
      "int_group": 4, 
      "question_set": null, 
      "display_order": 60.0, 
      "required": true, 
      "question_group": null, 
      "options": [
        9, 
        10
      ], 
      "val_min": null, 
      "val_default": "", 
      "answer_type": "select", 
      "eng_tooltip": "", 
      "val_max": null
    }
  }, 
  {
    "pk": 167, 
    "model": "gwst_app.interviewquestion", 
    "fields": {
      "all_resources": false, 
      "code": "d_port0", 
      "eng_text": "Primary diving (spear fish or hand-take) launch port/site", 
      "int_group": 4, 
      "question_set": null, 
      "display_order": 70.0, 
      "required": true, 
      "question_group": null, 
      "options": [], 
      "val_min": null, 
      "val_default": "", 
      "answer_type": "text", 
      "eng_tooltip": "", 
      "val_max": null
    }
  }, 
  {
    "pk": 168, 
    "model": "gwst_app.interviewquestion", 
    "fields": {
      "all_resources": false, 
      "code": "d_lnchpct0", 
      "eng_text": "Percentage of your trips from this launch port/site", 
      "int_group": 4, 
      "question_set": null, 
      "display_order": 75.0, 
      "required": true, 
      "question_group": 6, 
      "options": [], 
      "val_min": null, 
      "val_default": "", 
      "answer_type": "percent", 
      "eng_tooltip": "", 
      "val_max": null
    }
  }, 
  {
    "pk": 169, 
    "model": "gwst_app.interviewquestion", 
    "fields": {
      "all_resources": false, 
      "code": "d_port1", 
      "eng_text": "Other diving (spear fish or hand-take) launch port/site 1", 
      "int_group": 4, 
      "question_set": null, 
      "display_order": 80.0, 
      "required": false, 
      "question_group": null, 
      "options": [], 
      "val_min": null, 
      "val_default": "", 
      "answer_type": "text", 
      "eng_tooltip": "", 
      "val_max": null
    }
  }, 
  {
    "pk": 172, 
    "model": "gwst_app.interviewquestion", 
    "fields": {
      "all_resources": false, 
      "code": "d_lnchpct1", 
      "eng_text": "Percentage of your trips from launch port/site 1", 
      "int_group": 4, 
      "question_set": null, 
      "display_order": 85.0, 
      "required": false, 
      "question_group": 6, 
      "options": [], 
      "val_min": null, 
      "val_default": "", 
      "answer_type": "percent", 
      "eng_tooltip": "", 
      "val_max": null
    }
  }, 
  {
    "pk": 170, 
    "model": "gwst_app.interviewquestion", 
    "fields": {
      "all_resources": false, 
      "code": "d_port2", 
      "eng_text": "Other diving (spear fish or hand-take) launch port/site 2", 
      "int_group": 4, 
      "question_set": null, 
      "display_order": 90.0, 
      "required": false, 
      "question_group": null, 
      "options": [], 
      "val_min": null, 
      "val_default": "", 
      "answer_type": "text", 
      "eng_tooltip": "", 
      "val_max": null
    }
  }, 
  {
    "pk": 173, 
    "model": "gwst_app.interviewquestion", 
    "fields": {
      "all_resources": false, 
      "code": "d_lnchpct2", 
      "eng_text": "Percentage of your trips from launch port/site 2", 
      "int_group": 4, 
      "question_set": null, 
      "display_order": 95.0, 
      "required": false, 
      "question_group": 6, 
      "options": [], 
      "val_min": null, 
      "val_default": "", 
      "answer_type": "percent", 
      "eng_tooltip": "", 
      "val_max": null
    }
  }, 
  {
    "pk": 171, 
    "model": "gwst_app.interviewquestion", 
    "fields": {
      "all_resources": false, 
      "code": "d_port3", 
      "eng_text": "Other diving (spear fish or hand-take) launch port/site 3", 
      "int_group": 4, 
      "question_set": null, 
      "display_order": 100.0, 
      "required": false, 
      "question_group": null, 
      "options": [], 
      "val_min": null, 
      "val_default": "", 
      "answer_type": "text", 
      "eng_tooltip": "", 
      "val_max": null
    }
  }, 
  {
    "pk": 174, 
    "model": "gwst_app.interviewquestion", 
    "fields": {
      "all_resources": false, 
      "code": "d_lnchpct3", 
      "eng_text": "Percentage of your trips from launch port/site 3", 
      "int_group": 4, 
      "question_set": null, 
      "display_order": 105.0, 
      "required": false, 
      "question_group": 6, 
      "options": [], 
      "val_min": null, 
      "val_default": "", 
      "answer_type": "percent", 
      "eng_tooltip": "", 
      "val_max": null
    }
  }, 
  {
    "pk": 132, 
    "model": "gwst_app.interviewquestion", 
    "fields": {
      "all_resources": true, 
      "code": "v_day_spec", 
      "eng_text": "Number of days 'on average' spent fishing for this species from a sport boat", 
      "int_group": 5, 
      "question_set": null, 
      "display_order": 1.0, 
      "required": true, 
      "question_group": null, 
      "options": [], 
      "val_min": 0.0, 
      "val_default": "", 
      "answer_type": "decimal", 
      "eng_tooltip": "", 
      "val_max": 365.0
    }
  }, 
  {
    "pk": 8, 
    "model": "gwst_app.interviewquestion", 
    "fields": {
      "all_resources": false, 
      "code": "v_type", 
      "eng_text": "Type of boat that you fish from", 
      "int_group": 5, 
      "question_set": null, 
      "display_order": 10.0, 
      "required": true, 
      "question_group": null, 
      "options": [
        17, 
        18, 
        19
      ], 
      "val_min": null, 
      "val_default": "", 
      "answer_type": "select", 
      "eng_tooltip": "", 
      "val_max": null
    }
  }, 
  {
    "pk": 9, 
    "model": "gwst_app.interviewquestion", 
    "fields": {
      "all_resources": false, 
      "code": "v_lic", 
      "eng_text": "Department of Fish and Wildlife boat number", 
      "int_group": 5, 
      "question_set": null, 
      "display_order": 20.0, 
      "required": false, 
      "question_group": null, 
      "options": [], 
      "val_min": null, 
      "val_default": "", 
      "answer_type": "text", 
      "eng_tooltip": "", 
      "val_max": null
    }
  }, 
  {
    "pk": 10, 
    "model": "gwst_app.interviewquestion", 
    "fields": {
      "all_resources": false, 
      "code": "v_yr_op", 
      "eng_text": "Years (if any) that you have operated a sport boat", 
      "int_group": 5, 
      "question_set": null, 
      "display_order": 30.0, 
      "required": false, 
      "question_group": null, 
      "options": [], 
      "val_min": 0.0, 
      "val_default": "0", 
      "answer_type": "text", 
      "eng_tooltip": "", 
      "val_max": 100.0
    }
  }, 
  {
    "pk": 120, 
    "model": "gwst_app.interviewquestion", 
    "fields": {
      "all_resources": false, 
      "code": "v_yr_own", 
      "eng_text": "Years (if any) that  you have owned a sport boat", 
      "int_group": 5, 
      "question_set": null, 
      "display_order": 40.0, 
      "required": false, 
      "question_group": null, 
      "options": [], 
      "val_min": 0.0, 
      "val_default": "0", 
      "answer_type": "integer", 
      "eng_tooltip": "", 
      "val_max": 100.0
    }
  }, 
  {
    "pk": 121, 
    "model": "gwst_app.interviewquestion", 
    "fields": {
      "all_resources": false, 
      "code": "v_len", 
      "eng_text": "Length (in feet) of your vessel/boat?", 
      "int_group": 5, 
      "question_set": null, 
      "display_order": 50.0, 
      "required": false, 
      "question_group": null, 
      "options": [], 
      "val_min": 6.0, 
      "val_default": "", 
      "answer_type": "integer", 
      "eng_tooltip": "", 
      "val_max": 200.0
    }
  }, 
  {
    "pk": 122, 
    "model": "gwst_app.interviewquestion", 
    "fields": {
      "all_resources": false, 
      "code": "v_str_loc", 
      "eng_text": "How your boat is normally stored", 
      "int_group": 5, 
      "question_set": null, 
      "display_order": 60.0, 
      "required": false, 
      "question_group": null, 
      "options": [
        11, 
        12, 
        13
      ], 
      "val_min": null, 
      "val_default": "", 
      "answer_type": "select", 
      "eng_tooltip": "", 
      "val_max": null
    }
  }, 
  {
    "pk": 128, 
    "model": "gwst_app.interviewquestion", 
    "fields": {
      "all_resources": false, 
      "code": "v_yr_fish", 
      "eng_text": "Years of experience fishing from a private vessel", 
      "int_group": 5, 
      "question_set": null, 
      "display_order": 120.0, 
      "required": true, 
      "question_group": null, 
      "options": [], 
      "val_min": 0.0, 
      "val_default": "", 
      "answer_type": "integer", 
      "eng_tooltip": "", 
      "val_max": 100.0
    }
  }, 
  {
    "pk": 129, 
    "model": "gwst_app.interviewquestion", 
    "fields": {
      "all_resources": false, 
      "code": "v_num_pers", 
      "eng_text": "Average number of other individuals that are on the boat each trip (not including yourself)", 
      "int_group": 5, 
      "question_set": null, 
      "display_order": 130.0, 
      "required": true, 
      "question_group": null, 
      "options": [], 
      "val_min": 0.0, 
      "val_default": "", 
      "answer_type": "integer", 
      "eng_tooltip": "", 
      "val_max": 100.0
    }
  }, 
  {
    "pk": 130, 
    "model": "gwst_app.interviewquestion", 
    "fields": {
      "all_resources": false, 
      "code": "v_days_fsh", 
      "eng_text": "Average number of days spent fishing from a private vessel each year", 
      "int_group": 5, 
      "question_set": null, 
      "display_order": 140.0, 
      "required": true, 
      "question_group": null, 
      "options": [], 
      "val_min": 0.0, 
      "val_default": "", 
      "answer_type": "integer", 
      "eng_tooltip": "", 
      "val_max": 365.0
    }
  }, 
  {
    "pk": 123, 
    "model": "gwst_app.interviewquestion", 
    "fields": {
      "all_resources": false, 
      "code": "v_homep", 
      "eng_text": "The location of your primary port/ramp (dock/moorage/launch)", 
      "int_group": 5, 
      "question_set": null, 
      "display_order": 170.0, 
      "required": true, 
      "question_group": null, 
      "options": [], 
      "val_min": null, 
      "val_default": "", 
      "answer_type": "text", 
      "eng_tooltip": "", 
      "val_max": null
    }
  }, 
  {
    "pk": 162, 
    "model": "gwst_app.interviewquestion", 
    "fields": {
      "all_resources": false, 
      "code": "v_lnchpct0", 
      "eng_text": "Percentage of your launches that are from this launch port/site", 
      "int_group": 5, 
      "question_set": null, 
      "display_order": 175.0, 
      "required": true, 
      "question_group": 5, 
      "options": [], 
      "val_min": null, 
      "val_default": "", 
      "answer_type": "percent", 
      "eng_tooltip": "", 
      "val_max": null
    }
  }, 
  {
    "pk": 124, 
    "model": "gwst_app.interviewquestion", 
    "fields": {
      "all_resources": false, 
      "code": "v_landp_1", 
      "eng_text": "Other launch site (In addition to your primary) ", 
      "int_group": 5, 
      "question_set": null, 
      "display_order": 180.0, 
      "required": false, 
      "question_group": null, 
      "options": [], 
      "val_min": null, 
      "val_default": "", 
      "answer_type": "text", 
      "eng_tooltip": "", 
      "val_max": null
    }
  }, 
  {
    "pk": 163, 
    "model": "gwst_app.interviewquestion", 
    "fields": {
      "all_resources": false, 
      "code": "v_lnchpct1", 
      "eng_text": "Percentage of your launches that are from this launch port/site", 
      "int_group": 5, 
      "question_set": null, 
      "display_order": 185.0, 
      "required": false, 
      "question_group": 5, 
      "options": [], 
      "val_min": null, 
      "val_default": "", 
      "answer_type": "percent", 
      "eng_tooltip": "", 
      "val_max": null
    }
  }, 
  {
    "pk": 125, 
    "model": "gwst_app.interviewquestion", 
    "fields": {
      "all_resources": false, 
      "code": "v_landp_2", 
      "eng_text": "Other launch site 2 ", 
      "int_group": 5, 
      "question_set": null, 
      "display_order": 190.0, 
      "required": false, 
      "question_group": null, 
      "options": [], 
      "val_min": null, 
      "val_default": "", 
      "answer_type": "text", 
      "eng_tooltip": "", 
      "val_max": null
    }
  }, 
  {
    "pk": 164, 
    "model": "gwst_app.interviewquestion", 
    "fields": {
      "all_resources": false, 
      "code": "v_lnchpct2", 
      "eng_text": "Percentage of your launches that are from this launch port/site", 
      "int_group": 5, 
      "question_set": null, 
      "display_order": 195.0, 
      "required": false, 
      "question_group": 5, 
      "options": [], 
      "val_min": null, 
      "val_default": "", 
      "answer_type": "percent", 
      "eng_tooltip": "", 
      "val_max": null
    }
  }, 
  {
    "pk": 126, 
    "model": "gwst_app.interviewquestion", 
    "fields": {
      "all_resources": false, 
      "code": "v_landp_3", 
      "eng_text": "Other launch site 3 ", 
      "int_group": 5, 
      "question_set": null, 
      "display_order": 200.0, 
      "required": false, 
      "question_group": null, 
      "options": [], 
      "val_min": null, 
      "val_default": "", 
      "answer_type": "text", 
      "eng_tooltip": "", 
      "val_max": null
    }
  }, 
  {
    "pk": 165, 
    "model": "gwst_app.interviewquestion", 
    "fields": {
      "all_resources": false, 
      "code": "v_lnchpct3", 
      "eng_text": "Percentage of your launches that are from this launch port/site", 
      "int_group": 5, 
      "question_set": null, 
      "display_order": 205.0, 
      "required": false, 
      "question_group": 5, 
      "options": [], 
      "val_min": null, 
      "val_default": "", 
      "answer_type": "percent", 
      "eng_tooltip": "", 
      "val_max": null
    }
  }, 
  {
    "pk": 127, 
    "model": "gwst_app.interviewquestion", 
    "fields": {
      "all_resources": false, 
      "code": "v_landp_4", 
      "eng_text": "Other launch site 4 ", 
      "int_group": 5, 
      "question_set": null, 
      "display_order": 210.0, 
      "required": false, 
      "question_group": null, 
      "options": [], 
      "val_min": null, 
      "val_default": "", 
      "answer_type": "text", 
      "eng_tooltip": "", 
      "val_max": null
    }
  }, 
  {
    "pk": 166, 
    "model": "gwst_app.interviewquestion", 
    "fields": {
      "all_resources": false, 
      "code": "v_lnchpct4", 
      "eng_text": "Percentage of your launches that are from this launch port/site", 
      "int_group": 5, 
      "question_set": null, 
      "display_order": 215.0, 
      "required": false, 
      "question_group": 5, 
      "options": [], 
      "val_min": null, 
      "val_default": "", 
      "answer_type": "percent", 
      "eng_tooltip": "", 
      "val_max": null
    }
  }, 
  {
    "pk": 156, 
    "model": "gwst_app.interviewquestion", 
    "fields": {
      "all_resources": false, 
      "code": "f_name", 
      "eng_text": "First name", 
      "int_group": 7, 
      "question_set": 0, 
      "display_order": 105.0, 
      "required": true, 
      "question_group": null, 
      "options": [], 
      "val_min": null, 
      "val_default": "", 
      "answer_type": "text", 
      "eng_tooltip": "", 
      "val_max": null
    }
  }, 
  {
    "pk": 157, 
    "model": "gwst_app.interviewquestion", 
    "fields": {
      "all_resources": false, 
      "code": "l_name", 
      "eng_text": "Last name", 
      "int_group": 7, 
      "question_set": 0, 
      "display_order": 106.0, 
      "required": true, 
      "question_group": null, 
      "options": [], 
      "val_min": null, 
      "val_default": "", 
      "answer_type": "text", 
      "eng_tooltip": "", 
      "val_max": null
    }
  }, 
  {
    "pk": 103, 
    "model": "gwst_app.interviewquestion", 
    "fields": {
      "all_resources": false, 
      "code": "city", 
      "eng_text": "City/town", 
      "int_group": 7, 
      "question_set": 0, 
      "display_order": 110.0, 
      "required": true, 
      "question_group": null, 
      "options": [], 
      "val_min": null, 
      "val_default": "", 
      "answer_type": "text", 
      "eng_tooltip": "", 
      "val_max": null
    }
  }, 
  {
    "pk": 104, 
    "model": "gwst_app.interviewquestion", 
    "fields": {
      "all_resources": false, 
      "code": "state", 
      "eng_text": "State", 
      "int_group": 7, 
      "question_set": 0, 
      "display_order": 120.0, 
      "required": true, 
      "question_group": null, 
      "options": [], 
      "val_min": null, 
      "val_default": "OR", 
      "answer_type": "text", 
      "eng_tooltip": "", 
      "val_max": null
    }
  }, 
  {
    "pk": 105, 
    "model": "gwst_app.interviewquestion", 
    "fields": {
      "all_resources": false, 
      "code": "phone", 
      "eng_text": "Phone number", 
      "int_group": 7, 
      "question_set": 0, 
      "display_order": 130.0, 
      "required": false, 
      "question_group": null, 
      "options": [], 
      "val_min": null, 
      "val_default": "", 
      "answer_type": "phone", 
      "eng_tooltip": "", 
      "val_max": null
    }
  }, 
  {
    "pk": 106, 
    "model": "gwst_app.interviewquestion", 
    "fields": {
      "all_resources": false, 
      "code": "age", 
      "eng_text": "Age", 
      "int_group": 7, 
      "question_set": 0, 
      "display_order": 140.0, 
      "required": true, 
      "question_group": null, 
      "options": [], 
      "val_min": 10.0, 
      "val_default": "", 
      "answer_type": "integer", 
      "eng_tooltip": "", 
      "val_max": 120.0
    }
  }, 
  {
    "pk": 107, 
    "model": "gwst_app.interviewquestion", 
    "fields": {
      "all_resources": false, 
      "code": "gender", 
      "eng_text": "Gender", 
      "int_group": 7, 
      "question_set": 0, 
      "display_order": 150.0, 
      "required": true, 
      "question_group": null, 
      "options": [
        4, 
        5
      ], 
      "val_min": null, 
      "val_default": "", 
      "answer_type": "select", 
      "eng_tooltip": "", 
      "val_max": null
    }
  }, 
  {
    "pk": 134, 
    "model": "gwst_app.interviewquestion", 
    "fields": {
      "all_resources": false, 
      "code": "expenses", 
      "eng_text": "Please estimate your recreational fishing related expenditures for the year 2008 in whole dollars (NOT 2009)", 
      "int_group": 7, 
      "question_set": 0, 
      "display_order": 160.0, 
      "required": true, 
      "question_group": null, 
      "options": [], 
      "val_min": null, 
      "val_default": "", 
      "answer_type": "money", 
      "eng_tooltip": "hotel, food, bait, fees, gear, etc...", 
      "val_max": null
    }
  }, 
  {
    "pk": 135, 
    "model": "gwst_app.interviewquestion", 
    "fields": {
      "all_resources": false, 
      "code": "exp_comp", 
      "eng_text": "Please estimate how your recreational fishing related expenditures compare to previous years", 
      "int_group": 7, 
      "question_set": 0, 
      "display_order": 170.0, 
      "required": true, 
      "question_group": null, 
      "options": [
        21, 
        22, 
        23, 
        24, 
        25
      ], 
      "val_min": null, 
      "val_default": "", 
      "answer_type": "select", 
      "eng_tooltip": "", 
      "val_max": null
    }
  }, 
  {
    "pk": 136, 
    "model": "gwst_app.interviewquestion", 
    "fields": {
      "all_resources": false, 
      "code": "se_trans", 
      "eng_text": "   - Private or public transportation", 
      "int_group": 7, 
      "question_set": 1, 
      "display_order": 800.0, 
      "required": false, 
      "question_group": 3, 
      "options": [], 
      "val_min": null, 
      "val_default": "0", 
      "answer_type": "percent", 
      "eng_tooltip": "", 
      "val_max": null
    }
  }, 
  {
    "pk": 137, 
    "model": "gwst_app.interviewquestion", 
    "fields": {
      "all_resources": false, 
      "code": "se_food_re", 
      "eng_text": "   - Food - restaurants", 
      "int_group": 7, 
      "question_set": 1, 
      "display_order": 801.0, 
      "required": false, 
      "question_group": 3, 
      "options": [], 
      "val_min": null, 
      "val_default": "0", 
      "answer_type": "percent", 
      "eng_tooltip": "", 
      "val_max": null
    }
  }, 
  {
    "pk": 138, 
    "model": "gwst_app.interviewquestion", 
    "fields": {
      "all_resources": false, 
      "code": "se_food_gr", 
      "eng_text": "   - Food - grocery stores, other", 
      "int_group": 7, 
      "question_set": 1, 
      "display_order": 802.0, 
      "required": false, 
      "question_group": 3, 
      "options": [], 
      "val_min": null, 
      "val_default": "0", 
      "answer_type": "percent", 
      "eng_tooltip": "", 
      "val_max": null
    }
  }, 
  {
    "pk": 139, 
    "model": "gwst_app.interviewquestion", 
    "fields": {
      "all_resources": false, 
      "code": "se_lodging", 
      "eng_text": "   - Lodging & camping", 
      "int_group": 7, 
      "question_set": 1, 
      "display_order": 803.0, 
      "required": false, 
      "question_group": 3, 
      "options": [], 
      "val_min": null, 
      "val_default": "0", 
      "answer_type": "percent", 
      "eng_tooltip": "", 
      "val_max": null
    }
  }, 
  {
    "pk": 140, 
    "model": "gwst_app.interviewquestion", 
    "fields": {
      "all_resources": false, 
      "code": "se_fuel", 
      "eng_text": "   - Boat/car fuel", 
      "int_group": 7, 
      "question_set": 1, 
      "display_order": 804.0, 
      "required": false, 
      "question_group": 3, 
      "options": [], 
      "val_min": null, 
      "val_default": "0", 
      "answer_type": "percent", 
      "eng_tooltip": "", 
      "val_max": null
    }
  }, 
  {
    "pk": 141, 
    "model": "gwst_app.interviewquestion", 
    "fields": {
      "all_resources": false, 
      "code": "se_heat_f", 
      "eng_text": "   - Heating & cooking fuel", 
      "int_group": 7, 
      "question_set": 1, 
      "display_order": 805.0, 
      "required": false, 
      "question_group": 3, 
      "options": [], 
      "val_min": null, 
      "val_default": "0", 
      "answer_type": "percent", 
      "eng_tooltip": "", 
      "val_max": null
    }
  }, 
  {
    "pk": 142, 
    "model": "gwst_app.interviewquestion", 
    "fields": {
      "all_resources": false, 
      "code": "se_charter", 
      "eng_text": "   - Party/charter/guide fees", 
      "int_group": 7, 
      "question_set": 1, 
      "display_order": 806.0, 
      "required": false, 
      "question_group": 3, 
      "options": [], 
      "val_min": null, 
      "val_default": "0", 
      "answer_type": "percent", 
      "eng_tooltip": "", 
      "val_max": null
    }
  }, 
  {
    "pk": 143, 
    "model": "gwst_app.interviewquestion", 
    "fields": {
      "all_resources": false, 
      "code": "se_boat_fe", 
      "eng_text": "   - Land access/boat launch fees", 
      "int_group": 7, 
      "question_set": 1, 
      "display_order": 807.0, 
      "required": false, 
      "question_group": 3, 
      "options": [], 
      "val_min": null, 
      "val_default": "0", 
      "answer_type": "percent", 
      "eng_tooltip": "", 
      "val_max": null
    }
  }, 
  {
    "pk": 144, 
    "model": "gwst_app.interviewquestion", 
    "fields": {
      "all_resources": false, 
      "code": "se_equip_r", 
      "eng_text": "   - Equipment rental", 
      "int_group": 7, 
      "question_set": 1, 
      "display_order": 808.0, 
      "required": false, 
      "question_group": 3, 
      "options": [], 
      "val_min": null, 
      "val_default": "0", 
      "answer_type": "percent", 
      "eng_tooltip": "", 
      "val_max": null
    }
  }, 
  {
    "pk": 145, 
    "model": "gwst_app.interviewquestion", 
    "fields": {
      "all_resources": false, 
      "code": "se_bait", 
      "eng_text": "   - Bait & ice", 
      "int_group": 7, 
      "question_set": 1, 
      "display_order": 809.0, 
      "required": false, 
      "question_group": 3, 
      "options": [], 
      "val_min": null, 
      "val_default": "0", 
      "answer_type": "percent", 
      "eng_tooltip": "", 
      "val_max": null
    }
  }, 
  {
    "pk": 146, 
    "model": "gwst_app.interviewquestion", 
    "fields": {
      "all_resources": false, 
      "code": "se_tackle", 
      "eng_text": "   - Gear & tackle", 
      "int_group": 7, 
      "question_set": 2, 
      "display_order": 900.0, 
      "required": false, 
      "question_group": 3, 
      "options": [], 
      "val_min": null, 
      "val_default": "0", 
      "answer_type": "percent", 
      "eng_tooltip": "", 
      "val_max": null
    }
  }, 
  {
    "pk": 147, 
    "model": "gwst_app.interviewquestion", 
    "fields": {
      "all_resources": false, 
      "code": "se_taxidrm", 
      "eng_text": "   - Processing/taxidermy", 
      "int_group": 7, 
      "question_set": 2, 
      "display_order": 901.0, 
      "required": false, 
      "question_group": 3, 
      "options": [], 
      "val_min": null, 
      "val_default": "0", 
      "answer_type": "percent", 
      "eng_tooltip": "", 
      "val_max": null
    }
  }, 
  {
    "pk": 148, 
    "model": "gwst_app.interviewquestion", 
    "fields": {
      "all_resources": false, 
      "code": "se_club_fe", 
      "eng_text": "   - Membership & club dues", 
      "int_group": 7, 
      "question_set": 2, 
      "display_order": 902.0, 
      "required": false, 
      "question_group": 3, 
      "options": [], 
      "val_min": null, 
      "val_default": "0", 
      "answer_type": "percent", 
      "eng_tooltip": "", 
      "val_max": null
    }
  }, 
  {
    "pk": 149, 
    "model": "gwst_app.interviewquestion", 
    "fields": {
      "all_resources": false, 
      "code": "se_storage", 
      "eng_text": "   - Moorage/storage", 
      "int_group": 7, 
      "question_set": 2, 
      "display_order": 903.0, 
      "required": false, 
      "question_group": 3, 
      "options": [], 
      "val_min": null, 
      "val_default": "0", 
      "answer_type": "percent", 
      "eng_tooltip": "", 
      "val_max": null
    }
  }, 
  {
    "pk": 150, 
    "model": "gwst_app.interviewquestion", 
    "fields": {
      "all_resources": false, 
      "code": "se_license", 
      "eng_text": "   - License, stamps, tags, etc...", 
      "int_group": 7, 
      "question_set": 2, 
      "display_order": 904.0, 
      "required": false, 
      "question_group": 3, 
      "options": [], 
      "val_min": null, 
      "val_default": "0", 
      "answer_type": "percent", 
      "eng_tooltip": "", 
      "val_max": null
    }
  }, 
  {
    "pk": 151, 
    "model": "gwst_app.interviewquestion", 
    "fields": {
      "all_resources": false, 
      "code": "se_maintnc", 
      "eng_text": "   - Boat maintenance/expenses", 
      "int_group": 7, 
      "question_set": 2, 
      "display_order": 905.0, 
      "required": false, 
      "question_group": 3, 
      "options": [], 
      "val_min": null, 
      "val_default": "0", 
      "answer_type": "percent", 
      "eng_tooltip": "", 
      "val_max": null
    }
  }, 
  {
    "pk": 152, 
    "model": "gwst_app.interviewquestion", 
    "fields": {
      "all_resources": false, 
      "code": "se_powboat", 
      "eng_text": "   - Power boat purchase", 
      "int_group": 7, 
      "question_set": 2, 
      "display_order": 906.0, 
      "required": false, 
      "question_group": 3, 
      "options": [], 
      "val_min": null, 
      "val_default": "0", 
      "answer_type": "percent", 
      "eng_tooltip": "", 
      "val_max": null
    }
  }, 
  {
    "pk": 153, 
    "model": "gwst_app.interviewquestion", 
    "fields": {
      "all_resources": false, 
      "code": "se_np_boat", 
      "eng_text": "   - Non-power boat purchase", 
      "int_group": 7, 
      "question_set": 2, 
      "display_order": 907.0, 
      "required": false, 
      "question_group": 3, 
      "options": [], 
      "val_min": null, 
      "val_default": "0", 
      "answer_type": "percent", 
      "eng_tooltip": "", 
      "val_max": null
    }
  }, 
  {
    "pk": 154, 
    "model": "gwst_app.interviewquestion", 
    "fields": {
      "all_resources": false, 
      "code": "se_electro", 
      "eng_text": "   - Electronics", 
      "int_group": 7, 
      "question_set": 2, 
      "display_order": 908.0, 
      "required": false, 
      "question_group": 3, 
      "options": [], 
      "val_min": null, 
      "val_default": "0", 
      "answer_type": "percent", 
      "eng_tooltip": "GPS, fish locator, radio, etc...", 
      "val_max": null
    }
  }, 
  {
    "pk": 155, 
    "model": "gwst_app.interviewquestion", 
    "fields": {
      "all_resources": false, 
      "code": "se_misc", 
      "eng_text": "   - Miscellaneous", 
      "int_group": 7, 
      "question_set": 2, 
      "display_order": 909.0, 
      "required": false, 
      "question_group": 3, 
      "options": [], 
      "val_min": null, 
      "val_default": "0", 
      "answer_type": "percent", 
      "eng_tooltip": "", 
      "val_max": null
    }
  }, 
  {
    "pk": 133, 
    "model": "gwst_app.interviewquestion", 
    "fields": {
      "all_resources": true, 
      "code": "k_day_spec", 
      "eng_text": "Number of days 'on average' spent fishing for this species from a kayak or non-motorized vessel", 
      "int_group": 8, 
      "question_set": null, 
      "display_order": 1.0, 
      "required": true, 
      "question_group": null, 
      "options": [], 
      "val_min": 0.0, 
      "val_default": "", 
      "answer_type": "decimal", 
      "eng_tooltip": "", 
      "val_max": 365.0
    }
  }, 
  {
    "pk": 112, 
    "model": "gwst_app.interviewquestion", 
    "fields": {
      "all_resources": false, 
      "code": "k_yr_exp", 
      "eng_text": "Years of experience fishing from a kayak or non-motorized vessel", 
      "int_group": 8, 
      "question_set": null, 
      "display_order": 50.0, 
      "required": true, 
      "question_group": null, 
      "options": [], 
      "val_min": 0.0, 
      "val_default": "", 
      "answer_type": "integer", 
      "eng_tooltip": "", 
      "val_max": 100.0
    }
  }, 
  {
    "pk": 113, 
    "model": "gwst_app.interviewquestion", 
    "fields": {
      "all_resources": false, 
      "code": "k_days_fsh", 
      "eng_text": "Days 'on average' spent each year fishing from a kayak or non-motorized vessel", 
      "int_group": 8, 
      "question_set": null, 
      "display_order": 60.0, 
      "required": true, 
      "question_group": null, 
      "options": [], 
      "val_min": 0.0, 
      "val_default": "", 
      "answer_type": "integer", 
      "eng_tooltip": "", 
      "val_max": 365.0
    }
  }, 
  {
    "pk": 108, 
    "model": "gwst_app.interviewquestion", 
    "fields": {
      "all_resources": false, 
      "code": "k_port1", 
      "eng_text": "Primary kayak or non-motorized vessel launch port/site", 
      "int_group": 8, 
      "question_set": null, 
      "display_order": 70.0, 
      "required": true, 
      "question_group": null, 
      "options": [], 
      "val_min": null, 
      "val_default": "", 
      "answer_type": "text", 
      "eng_tooltip": "Primary port and sites you launch your kayak from", 
      "val_max": null
    }
  }, 
  {
    "pk": 158, 
    "model": "gwst_app.interviewquestion", 
    "fields": {
      "all_resources": false, 
      "code": "k_lnchpct1", 
      "eng_text": "Percentage of your launches that are from this launch port/site", 
      "int_group": 8, 
      "question_set": null, 
      "display_order": 75.0, 
      "required": true, 
      "question_group": 4, 
      "options": [], 
      "val_min": null, 
      "val_default": "", 
      "answer_type": "percent", 
      "eng_tooltip": "", 
      "val_max": null
    }
  }, 
  {
    "pk": 109, 
    "model": "gwst_app.interviewquestion", 
    "fields": {
      "all_resources": false, 
      "code": "k_port2", 
      "eng_text": "Other kayak or non-motorized launch port/site 1", 
      "int_group": 8, 
      "question_set": null, 
      "display_order": 80.0, 
      "required": false, 
      "question_group": null, 
      "options": [], 
      "val_min": null, 
      "val_default": "", 
      "answer_type": "text", 
      "eng_tooltip": "Ports and sites you launch your kayak from", 
      "val_max": null
    }
  }, 
  {
    "pk": 159, 
    "model": "gwst_app.interviewquestion", 
    "fields": {
      "all_resources": false, 
      "code": "k_lnchpct2", 
      "eng_text": "Percentage of your launches that are from this launch port/site", 
      "int_group": 8, 
      "question_set": null, 
      "display_order": 85.0, 
      "required": false, 
      "question_group": 4, 
      "options": [], 
      "val_min": null, 
      "val_default": "", 
      "answer_type": "percent", 
      "eng_tooltip": "", 
      "val_max": null
    }
  }, 
  {
    "pk": 110, 
    "model": "gwst_app.interviewquestion", 
    "fields": {
      "all_resources": false, 
      "code": "k_port3", 
      "eng_text": "Other kayak or non-motorized launch port/site 2", 
      "int_group": 8, 
      "question_set": null, 
      "display_order": 90.0, 
      "required": false, 
      "question_group": null, 
      "options": [], 
      "val_min": null, 
      "val_default": "", 
      "answer_type": "text", 
      "eng_tooltip": "Ports and sites you launch your kayak from", 
      "val_max": null
    }
  }, 
  {
    "pk": 160, 
    "model": "gwst_app.interviewquestion", 
    "fields": {
      "all_resources": false, 
      "code": "k_lnchpct3", 
      "eng_text": "Percentage of your launches that are from this launch port/site", 
      "int_group": 8, 
      "question_set": null, 
      "display_order": 95.0, 
      "required": false, 
      "question_group": 4, 
      "options": [], 
      "val_min": null, 
      "val_default": "", 
      "answer_type": "percent", 
      "eng_tooltip": "", 
      "val_max": null
    }
  }, 
  {
    "pk": 111, 
    "model": "gwst_app.interviewquestion", 
    "fields": {
      "all_resources": false, 
      "code": "k_port4", 
      "eng_text": "Other kayak or non-motorized launch port/site 3", 
      "int_group": 8, 
      "question_set": null, 
      "display_order": 100.0, 
      "required": false, 
      "question_group": null, 
      "options": [], 
      "val_min": null, 
      "val_default": "", 
      "answer_type": "text", 
      "eng_tooltip": "Ports and sites you launch your kayak from", 
      "val_max": null
    }
  }, 
  {
    "pk": 161, 
    "model": "gwst_app.interviewquestion", 
    "fields": {
      "all_resources": false, 
      "code": "k_lnchpct4", 
      "eng_text": "Percentage of your launches that are from this launch port/site", 
      "int_group": 8, 
      "question_set": null, 
      "display_order": 105.0, 
      "required": false, 
      "question_group": 4, 
      "options": [], 
      "val_min": null, 
      "val_default": "", 
      "answer_type": "percent", 
      "eng_tooltip": "", 
      "val_max": null
    }
  }, 
  {
    "pk": 1, 
    "model": "gwst_app.interviewinstructions", 
    "fields": {
      "question_set": null, 
      "eng_text": "Please answer these questions in relation to dive/spear angling only. The information you provide will be kept confidential.", 
      "int_group": 1
    }
  }, 
  {
    "pk": 2, 
    "model": "gwst_app.interviewinstructions", 
    "fields": {
      "question_set": null, 
      "eng_text": "Please answer these questions in relation to kayak angling only. The information you provide will be kept confidential.", 
      "int_group": 2
    }
  }, 
  {
    "pk": 3, 
    "model": "gwst_app.interviewinstructions", 
    "fields": {
      "question_set": null, 
      "eng_text": "Please answer these questions in relation to private vessel angling only. The information you provide will be kept confidential.", 
      "int_group": 3
    }
  }, 
  {
    "pk": 4, 
    "model": "gwst_app.interviewinstructions", 
    "fields": {
      "question_set": null, 
      "eng_text": "Please answer these general questions. The information you provide will be kept confidential.", 
      "int_group": 6
    }
  }, 
  {
    "pk": 3, 
    "model": "gwst_app.faqgroup", 
    "fields": {
      "faq_group_name": "1. General"
    }
  }, 
  {
    "pk": 1, 
    "model": "gwst_app.faqgroup", 
    "fields": {
      "faq_group_name": "2. Drawing Fishing Grounds"
    }
  }, 
  {
    "pk": 11, 
    "model": "gwst_app.faq", 
    "fields": {
      "answer": "We apologize.  Internet explorer simply isn't displaying it properly.  Firefox or any of the other browsers don't have this problem as far as we can tell.  Please do the best you can and use the contour lines available on the nautical charts layer if possible.", 
      "importance": 5, 
      "question": "The depth contours layer doesn't look right in internet explorer.  It has dark blue contour lines and doesn't look like the video at all.", 
      "faq_group": 3
    }
  }, 
  {
    "pk": 12, 
    "model": "gwst_app.faq", 
    "fields": {
      "answer": "On Windows,  right-click 'My Computer' or just right-click your desktop and select \"Properties\", then click the \"Settings\" tab. Use the \"Screen resolution\" slider to increase your resolution to at least 1024 x 768, then click the \"Apply\" button. ", 
      "importance": 2, 
      "question": "How do I increase my screen resolution?", 
      "faq_group": 3
    }
  }, 
  {
    "pk": 6, 
    "model": "gwst_app.faq", 
    "fields": {
      "answer": "The information you provide will be used to represent the socioeconomic value of recreational fishing areas and help guide the location of wave energy facilities so that impacts to existing ocean uses are minimized.  All information is kept confidential by us at the individual level. Any visualizations we produce (maps) will be a combination of fishing grounds and will not disclose individual fishing spots. A review process is in place to ensure this.", 
      "importance": 1, 
      "question": "Why should I show you my fishing spots?", 
      "faq_group": 3
    }
  }, 
  {
    "pk": 8, 
    "model": "gwst_app.faq", 
    "fields": {
      "answer": "We understand that water temperature and other factors affect migratory patterns of species like tuna.  This will make the general area you fish larger when looking at things all together like this but often there are still specific places you fish.  Maybe certain sections of water always tend to be warmer and you tend to do better there.  Maybe you don't fish tuna unless they're within 20 miles of shore or maybe you do multi-days out 60 miles.  Maybe you don't fish tuna any further north or south than a given point.  That's the information we want to capture.", 
      "importance": 5, 
      "question": "I don't fish in the same places for migratory fish like tuna.  How do I deal with that when drawing fishing grounds?", 
      "faq_group": 1
    }
  }, 
  {
    "pk": 3, 
    "model": "gwst_app.faq", 
    "fields": {
      "answer": "The map takes the longest to load.  People without a broadband internet connection may need to wait up to a minute or two the first time they draw fishing grounds.  If you wait and still nothing loads then try refreshing the page. If still nothing then verify you are using a supported browser (IE 6+, Firefox 1.0+, Safari 1.2+, Chrome 2+). If you have a supported browser then next verify you have 'javascript' enabled in your browser preferences (it is by default). Seek the help of friends and family if you're unsure how to do any of these steps or email us at fish@ecotrust.org.  Another option is simply to try another computer. Computers more than 5 years old are more likely to have issues.", 
      "importance": 1, 
      "question": "Why is the page not loading correctly or not loading at all when I go to draw fishing grounds?", 
      "faq_group": 1
    }
  }, 
  {
    "pk": 2, 
    "model": "gwst_app.faq", 
    "fields": {
      "answer": "The number of fishing grounds you draw is your choice.  Most people draw anywhere from 2-10 fishing grounds per species.", 
      "importance": 1, 
      "question": "How many fishing grounds should I draw?", 
      "faq_group": 1
    }
  }, 
  {
    "pk": 1, 
    "model": "gwst_app.faq", 
    "fields": {
      "answer": "The precision of your fishing grounds is important; however, we understand that accuracy will vary between users.  Please just do the best you can with the time you have and provide us with any extra information on boundaries so that our team can make your fishing grounds more accurate.\r\n\r\nWe also understand that you might be reluctant to share your favorite little fishing hole, while at the same time you don't want to lose it.  Just make sure your fishing hole is at least captured in one of your fishing grounds and you put a sufficient value on it.\r\n\r\nIn most cases you should not be drawing a single fishing ground that covers hundreds of square miles.  Tuna and other migratory species are a bit of an exception.  Split these large fishing grounds up into multiple areas if possible and weight them separately with pennies.", 
      "importance": 1, 
      "question": "How much precision should I use when drawing fishing grounds?", 
      "faq_group": 1
    }
  }, 
  {
    "pk": 10, 
    "model": "gwst_app.faq", 
    "fields": {
      "answer": "Unfortunately internet explorer 6 is an aging web browser and doesn't support the necessary map features.  Upgrading to internet explorer 7 or 8 will solve your problem.  If you can't upgrade for one reason or another, try using another browser like Firefox if you can or simply use a different computer.", 
      "importance": 4, 
      "question": "When I click to start drawing fishing grounds I get an error saying that Internet Explorer 6 isn't supported.  What do I do?", 
      "faq_group": 3
    }
  }
]
