[
  {
    "pk": "a2", 
    "model": "gwst_app.region", 
    "fields": {
      "s_bound": 5170000.0, 
      "code": "ORCC", 
      "name": "Oregon Central Coast", 
      "n_bound": 5850000.0, 
      "w_bound": -14500000.0, 
      "e_bound": -13500000.0
    }
  }, 
  {
    "pk": "a1", 
    "model": "gwst_app.region", 
    "fields": {
      "s_bound": 4510000.0, 
      "code": "NCCA", 
      "name": "California North Coast", 
      "n_bound": 5230000.0, 
      "w_bound": -14400000.0, 
      "e_bound": -13300000.0
    }
  }, 
  {
    "pk": "26", 
    "model": "gwst_app.resource", 
    "fields": {
      "shape_color": "FFFF00", 
      "select_description": "", 
      "code": "chr_div", 
      "name": "diving"
    }
  }, 
  {
    "pk": "27", 
    "model": "gwst_app.resource", 
    "fields": {
      "shape_color": "FFFF00", 
      "select_description": "", 
      "code": "chr_wha", 
      "name": "whale watching"
    }
  }, 
  {
    "pk": "28", 
    "model": "gwst_app.resource", 
    "fields": {
      "shape_color": "FFFF00", 
      "select_description": "", 
      "code": "bird_watch", 
      "name": "bird watching"
    }
  }, 
  {
    "pk": "29", 
    "model": "gwst_app.resource", 
    "fields": {
      "shape_color": "FFFF00", 
      "select_description": "", 
      "code": "mammal_vie", 
      "name": "marine mammal viewing"
    }
  }, 
  {
    "pk": "30", 
    "model": "gwst_app.resource", 
    "fields": {
      "shape_color": "FFFF00", 
      "select_description": "", 
      "code": "leisure", 
      "name": "leisure cruise"
    }
  }, 
  {
    "pk": "31", 
    "model": "gwst_app.resource", 
    "fields": {
      "shape_color": "FFFF00", 
      "select_description": "", 
      "code": "glass_bott", 
      "name": "glass bottom boat"
    }
  }, 
  {
    "pk": "4e853961-fc19-11df-8bf7-0016760580f0", 
    "model": "gwst_app.resource", 
    "fields": {
      "shape_color": "FFFF00", 
      "select_description": "", 
      "code": "div_abalon", 
      "name": "Abalone - Dive"
    }
  }, 
  {
    "pk": "68e2f30f-fc19-11df-a0c1-0016760580f0", 
    "model": "gwst_app.resource", 
    "fields": {
      "shape_color": "FFFF00", 
      "select_description": "", 
      "code": "shr_abalon", 
      "name": "Abalone - Shore Picking"
    }
  }, 
  {
    "pk": "7e80b3b0-fc19-11df-8746-0016760580f0", 
    "model": "gwst_app.resource", 
    "fields": {
      "shape_color": "FFFF00", 
      "select_description": "", 
      "code": "spr_rckfsh", 
      "name": "Rockfish - Spearfish"
    }
  }, 
  {
    "pk": "8bc6394f-fc19-11df-8c65-0016760580f0", 
    "model": "gwst_app.resource", 
    "fields": {
      "shape_color": "FFFF00", 
      "select_description": "", 
      "code": "spr_lngcod", 
      "name": "Lingcod - Spearfish"
    }
  }, 
  {
    "pk": "9741fb70-fc19-11df-bf8d-0016760580f0", 
    "model": "gwst_app.resource", 
    "fields": {
      "shape_color": "FFFF00", 
      "select_description": "", 
      "code": "spr_fltfsh", 
      "name": "Flatfish - Spearfish"
    }
  }, 
  {
    "pk": "a75c4bf0-fc19-11df-8610-0016760580f0", 
    "model": "gwst_app.resource", 
    "fields": {
      "shape_color": "FFFF00", 
      "select_description": "", 
      "code": "spr_calhal", 
      "name": "California Halibut - Spearfish"
    }
  }, 
  {
    "pk": "bdb8c8ae-fc19-11df-9cd1-0016760580f0", 
    "model": "gwst_app.resource", 
    "fields": {
      "shape_color": "FFFF00", 
      "select_description": "", 
      "code": "spr_seabas", 
      "name": "Seabass - Spearfish"
    }
  }, 
  {
    "pk": "d685f74f-fc19-11df-a420-0016760580f0", 
    "model": "gwst_app.resource", 
    "fields": {
      "shape_color": "FFFF00", 
      "select_description": "", 
      "code": "spr_perch", 
      "name": "Surf/Seaperch - Spearfish"
    }
  }, 
  {
    "pk": "ebf1ab70-fc19-11df-864b-0016760580f0", 
    "model": "gwst_app.resource", 
    "fields": {
      "shape_color": "FFFF00", 
      "select_description": "", 
      "code": "div_dcrab", 
      "name": "Dungeness Crab - Dive"
    }
  }, 
  {
    "pk": "08e88691-fc1a-11df-ab34-0016760580f0", 
    "model": "gwst_app.resource", 
    "fields": {
      "shape_color": "FFFF00", 
      "select_description": "", 
      "code": "shr_dcrab", 
      "name": "Dungeness Crab - Shore picking"
    }
  }, 
  {
    "pk": "1b03890f-fc1a-11df-8798-0016760580f0", 
    "model": "gwst_app.resource", 
    "fields": {
      "shape_color": "FFFF00", 
      "select_description": "", 
      "code": "div_scalop", 
      "name": "Scallops - Dive"
    }
  }, 
  {
    "pk": "c0f316b0-fc1a-11df-8ea4-0016760580f0", 
    "model": "gwst_app.resource", 
    "fields": {
      "shape_color": "FFFF00", 
      "select_description": "", 
      "code": "div_urchin", 
      "name": "Sea Urchin - Dive"
    }
  }, 
  {
    "pk": "dc6eea8f-fc1a-11df-8c05-0016760580f0", 
    "model": "gwst_app.resource", 
    "fields": {
      "shape_color": "FFFF00", 
      "select_description": "", 
      "code": "shr_seweed", 
      "name": "Kelp/Seaweed - Shore picking"
    }
  }, 
  {
    "pk": "ec67d05e-fc1a-11df-8852-0016760580f0", 
    "model": "gwst_app.resource", 
    "fields": {
      "shape_color": "FFFF00", 
      "select_description": "", 
      "code": "shr_clams", 
      "name": "Clams - Shore picking"
    }
  }, 
  {
    "pk": "f9eb4961-fc1a-11df-8f56-0016760580f0", 
    "model": "gwst_app.resource", 
    "fields": {
      "shape_color": "FFFF00", 
      "select_description": "", 
      "code": "shr_mussls", 
      "name": "Mussels - Shore picking"
    }
  }, 
  {
    "pk": 3, 
    "model": "gwst_app.interview", 
    "fields": {
      "code": "non_con", 
      "name": "Oregon Non-Consumptive", 
      "shape_name_plural": "activity areas", 
      "region": "a2", 
      "resource_name_plural": "non-consumptive activities", 
      "draw_shape_text": "", 
      "resource_action": "do", 
      "resource_name": "activity", 
      "shape_name": "activity area", 
      "active": true, 
      "organization": "Ecotrust", 
      "assign_groups_text": "", 
      "group_status_text": "MAIN MENU: There are several groups of questions. You are asked to complete these groups in order. Before moving on to a new group, you must complete and finalize the previous group of questions. You may review or even reopen a 'finalized' group later if you change your mind.  You cannot complete the survey until all required groups of questions are finalized.  You are free to skip any groups that give you the option.", 
      "interview_complete_text": "This survey is now complete.  I you have any questions or concerns, please feel free to contact us at <a href='mailto:fish@ecotrust.org'>fish@ecotrust.org</a>", 
      "description": "Non-Consumptive desktop survey (Intercept)"
    }
  }, 
  {
    "pk": 4, 
    "model": "gwst_app.interview", 
    "fields": {
      "code": "nccm_dive", 
      "name": "North Central CA Dive Monitoring", 
      "shape_name_plural": "target grounds", 
      "region": "a1", 
      "resource_name_plural": "species", 
      "draw_shape_text": "", 
      "resource_action": "target", 
      "resource_name": "species", 
      "shape_name": "target ground", 
      "active": true, 
      "organization": "Ecotrust", 
      "assign_groups_text": "", 
      "group_status_text": "MAIN MENU: There are several groups of questions. You are asked to complete these groups in order. Before moving on to a new group, you must complete and finalize the previous group of questions. You may review or even reopen a 'finalized' group later if you change your mind.  You cannot complete the survey until all required groups of questions are finalized.  You are free to skip any groups that give you the option.", 
      "interview_complete_text": "This survey is now complete.  I you have any questions or concerns, please feel free to contact us at <a href='mailto:fish@ecotrust.org'>fish@ecotrust.org</a>", 
      "description": "Dive desktop survey"
    }
  }, 
  {
    "pk": 1, 
    "model": "gwst_app.interviewgroup", 
    "fields": {
      "shape_color": "FFFFFF", 
      "independent": false, 
      "code": "main", 
      "name": "Main Questions", 
      "is_user_group": false, 
      "required_group": true, 
      "question_width": 200, 
      "select_resource_text": "", 
      "preselect": true, 
      "user_draws_shapes": false, 
      "interview": 3, 
      "member_title": "main", 
      "page_template": "base_form.html", 
      "resources": [], 
      "description": "General Questions"
    }
  }, 
  {
    "pk": 2, 
    "model": "gwst_app.interviewgroup", 
    "fields": {
      "shape_color": "FFFFFF", 
      "independent": false, 
      "code": "ch_own", 
      "name": "Charter Boat Owner", 
      "is_user_group": false, 
      "required_group": false, 
      "question_width": 425, 
      "select_resource_text": "", 
      "preselect": true, 
      "user_draws_shapes": false, 
      "interview": 3, 
      "member_title": "charter boat owner", 
      "page_template": "base_form.html", 
      "resources": [], 
      "description": "Owner Questions"
    }
  }, 
  {
    "pk": 3, 
    "model": "gwst_app.interviewgroup", 
    "fields": {
      "shape_color": "FFFFFF", 
      "independent": false, 
      "code": "ch_op", 
      "name": "Charter Boat Operator", 
      "is_user_group": false, 
      "required_group": true, 
      "question_width": 275, 
      "select_resource_text": "", 
      "preselect": true, 
      "user_draws_shapes": true, 
      "interview": 3, 
      "member_title": "charter boat operator", 
      "page_template": "base_form.html", 
      "resources": [
        "26", 
        "27", 
        "28", 
        "29", 
        "30", 
        "31"
      ], 
      "description": "Operator Questions"
    }
  }, 
  {
    "pk": 4, 
    "model": "gwst_app.interviewgroup", 
    "fields": {
      "shape_color": "FFFFFF", 
      "independent": false, 
      "code": "main", 
      "name": "Main Questions", 
      "is_user_group": false, 
      "required_group": true, 
      "question_width": 200, 
      "select_resource_text": "", 
      "preselect": true, 
      "user_draws_shapes": false, 
      "interview": 4, 
      "member_title": "main", 
      "page_template": "base_form.html", 
      "resources": [], 
      "description": "General Questions"
    }
  }, 
  {
    "pk": 5, 
    "model": "gwst_app.interviewgroup", 
    "fields": {
      "shape_color": "FFFFFF", 
      "independent": false, 
      "code": "harvest", 
      "name": "Harvesting Questions", 
      "is_user_group": true, 
      "required_group": true, 
      "question_width": 425, 
      "select_resource_text": "", 
      "preselect": true, 
      "user_draws_shapes": true, 
      "interview": 4, 
      "member_title": "harvester", 
      "page_template": "base_form.html", 
      "resources": [
        "08e88691-fc1a-11df-ab34-0016760580f0", 
        "1b03890f-fc1a-11df-8798-0016760580f0", 
        "4e853961-fc19-11df-8bf7-0016760580f0", 
        "68e2f30f-fc19-11df-a0c1-0016760580f0", 
        "7e80b3b0-fc19-11df-8746-0016760580f0", 
        "8bc6394f-fc19-11df-8c65-0016760580f0", 
        "9741fb70-fc19-11df-bf8d-0016760580f0", 
        "a75c4bf0-fc19-11df-8610-0016760580f0", 
        "bdb8c8ae-fc19-11df-9cd1-0016760580f0", 
        "c0f316b0-fc1a-11df-8ea4-0016760580f0", 
        "d685f74f-fc19-11df-a420-0016760580f0", 
        "dc6eea8f-fc1a-11df-8c05-0016760580f0", 
        "ebf1ab70-fc19-11df-864b-0016760580f0", 
        "ec67d05e-fc1a-11df-8852-0016760580f0", 
        "f9eb4961-fc1a-11df-8f56-0016760580f0"
      ], 
      "description": "Harvesting Questions"
    }
  }, 
  {
    "pk": 6, 
    "model": "gwst_app.interviewgroup", 
    "fields": {
      "shape_color": "FFFFFF", 
      "independent": false, 
      "code": "soc", 
      "name": "Socio-Economic Questions", 
      "is_user_group": false, 
      "required_group": true, 
      "question_width": 565, 
      "select_resource_text": "", 
      "preselect": true, 
      "user_draws_shapes": false, 
      "interview": 4, 
      "member_title": "person", 
      "page_template": "div_soc_econ_form.html", 
      "resources": [], 
      "description": "Socio-Economic Questions"
    }
  }, 
  {
    "pk": 7, 
    "model": "gwst_app.interviewgroup", 
    "fields": {
      "shape_color": "FFFFFF", 
      "independent": false, 
      "code": "dem", 
      "name": "Demographic Questions", 
      "is_user_group": false, 
      "required_group": true, 
      "question_width": 275, 
      "select_resource_text": "", 
      "preselect": true, 
      "user_draws_shapes": false, 
      "interview": 4, 
      "member_title": "person", 
      "page_template": "base_form.html", 
      "resources": [], 
      "description": "Demographic Questions"
    }
  }, 
  {
    "pk": 8, 
    "model": "gwst_app.interviewgroup", 
    "fields": {
      "shape_color": "FFFFFF", 
      "independent": true, 
      "code": "map_q", 
      "name": "Map Questions", 
      "is_user_group": false, 
      "required_group": true, 
      "question_width": 275, 
      "select_resource_text": "", 
      "preselect": true, 
      "user_draws_shapes": false, 
      "interview": 4, 
      "member_title": "person", 
      "page_template": "base_form.html", 
      "resources": [], 
      "description": "Map Questions"
    }
  }, 
  {
    "pk": "a4", 
    "model": "gwst_app.interviewansweroption", 
    "fields": {
      "display_order": 4.0, 
      "eng_text": "Male"
    }
  }, 
  {
    "pk": "a5", 
    "model": "gwst_app.interviewansweroption", 
    "fields": {
      "display_order": 5.0, 
      "eng_text": "Female"
    }
  }, 
  {
    "pk": "a20", 
    "model": "gwst_app.interviewansweroption", 
    "fields": {
      "display_order": 2.0, 
      "eng_text": "Other"
    }
  }, 
  {
    "pk": "a21", 
    "model": "gwst_app.interviewansweroption", 
    "fields": {
      "display_order": 101.0, 
      "eng_text": "Significantly higher"
    }
  }, 
  {
    "pk": "a22", 
    "model": "gwst_app.interviewansweroption", 
    "fields": {
      "display_order": 102.0, 
      "eng_text": "Somewhat higher"
    }
  }, 
  {
    "pk": "a23", 
    "model": "gwst_app.interviewansweroption", 
    "fields": {
      "display_order": 103.0, 
      "eng_text": "Average"
    }
  }, 
  {
    "pk": "a24", 
    "model": "gwst_app.interviewansweroption", 
    "fields": {
      "display_order": 104.0, 
      "eng_text": "Somewhat lower"
    }
  }, 
  {
    "pk": "a25", 
    "model": "gwst_app.interviewansweroption", 
    "fields": {
      "display_order": 105.0, 
      "eng_text": "Significantly lower"
    }
  }, 
  {
    "pk": "a28", 
    "model": "gwst_app.interviewansweroption", 
    "fields": {
      "display_order": 0.0, 
      "eng_text": "Yes"
    }
  }, 
  {
    "pk": "a29", 
    "model": "gwst_app.interviewansweroption", 
    "fields": {
      "display_order": 1.0, 
      "eng_text": "No"
    }
  }, 
  {
    "pk": "347dac00-7b22-11df-94a8-001b210ee9bb", 
    "model": "gwst_app.interviewansweroption", 
    "fields": {
      "display_order": 625.0, 
      "eng_text": "1/4 day"
    }
  }, 
  {
    "pk": "39bbfccf-7b22-11df-9a97-001b210ee9bb", 
    "model": "gwst_app.interviewansweroption", 
    "fields": {
      "display_order": 650.0, 
      "eng_text": "1/2 day"
    }
  }, 
  {
    "pk": "40376180-7b22-11df-8ac7-001b210ee9bb", 
    "model": "gwst_app.interviewansweroption", 
    "fields": {
      "display_order": 675.0, 
      "eng_text": "3/4 day"
    }
  }, 
  {
    "pk": "4610b9cf-7b22-11df-856f-001b210ee9bb", 
    "model": "gwst_app.interviewansweroption", 
    "fields": {
      "display_order": 680.0, 
      "eng_text": "full day"
    }
  }, 
  {
    "pk": "50627ade-7b22-11df-b2b8-001b210ee9bb", 
    "model": "gwst_app.interviewansweroption", 
    "fields": {
      "display_order": 690.0, 
      "eng_text": "> 1 day"
    }
  }, 
  {
    "pk": "271706cf-fca8-11df-8030-0016760580f0", 
    "model": "gwst_app.interviewansweroption", 
    "fields": {
      "display_order": 2010.0, 
      "eng_text": "Size of species"
    }
  }, 
  {
    "pk": "2ead0340-fca8-11df-b1c8-0016760580f0", 
    "model": "gwst_app.interviewansweroption", 
    "fields": {
      "display_order": 2020.0, 
      "eng_text": "Abundance of species"
    }
  }, 
  {
    "pk": "33ddbf80-fca8-11df-8913-0016760580f0", 
    "model": "gwst_app.interviewansweroption", 
    "fields": {
      "display_order": 2030.0, 
      "eng_text": "Easy access/entry"
    }
  }, 
  {
    "pk": "39135dc0-fca8-11df-8e90-0016760580f0", 
    "model": "gwst_app.interviewansweroption", 
    "fields": {
      "display_order": 2040.0, 
      "eng_text": "Close to home"
    }
  }, 
  {
    "pk": "43288b00-fca8-11df-95e6-0016760580f0", 
    "model": "gwst_app.interviewansweroption", 
    "fields": {
      "display_order": 2050.0, 
      "eng_text": "Close to campground/hotel/vacation rental"
    }
  }, 
  {
    "pk": "4972f4a1-fca8-11df-9385-0016760580f0", 
    "model": "gwst_app.interviewansweroption", 
    "fields": {
      "display_order": 2060.0, 
      "eng_text": "Protected from weather"
    }
  }, 
  {
    "pk": "554b078f-fca8-11df-adae-0016760580f0", 
    "model": "gwst_app.interviewansweroption", 
    "fields": {
      "display_order": 2070.0, 
      "eng_text": "Close to facilities/store"
    }
  }, 
  {
    "pk": "5cf416cf-fca8-11df-a1c6-0016760580f0", 
    "model": "gwst_app.interviewansweroption", 
    "fields": {
      "display_order": 2080.0, 
      "eng_text": "Try a new place"
    }
  }, 
  {
    "pk": "62011e70-fca8-11df-9cf4-0016760580f0", 
    "model": "gwst_app.interviewansweroption", 
    "fields": {
      "display_order": 2090.0, 
      "eng_text": "Other"
    }
  }, 
  {
    "pk": "7f891600-fca8-11df-9ccc-0016760580f0", 
    "model": "gwst_app.interviewansweroption", 
    "fields": {
      "display_order": 10.0, 
      "eng_text": "White"
    }
  }, 
  {
    "pk": "8560e7b0-fca8-11df-8679-0016760580f0", 
    "model": "gwst_app.interviewansweroption", 
    "fields": {
      "display_order": 20.0, 
      "eng_text": "Black or African American"
    }
  }, 
  {
    "pk": "8e7e205e-fca8-11df-9c06-0016760580f0", 
    "model": "gwst_app.interviewansweroption", 
    "fields": {
      "display_order": 30.0, 
      "eng_text": "Spanish, Hispanic, or Latino"
    }
  }, 
  {
    "pk": "95612080-fca8-11df-8d3c-0016760580f0", 
    "model": "gwst_app.interviewansweroption", 
    "fields": {
      "display_order": 40.0, 
      "eng_text": "American Indian or Alaska Native"
    }
  }, 
  {
    "pk": "99b670e1-fca8-11df-aad3-0016760580f0", 
    "model": "gwst_app.interviewansweroption", 
    "fields": {
      "display_order": 50.0, 
      "eng_text": "Asian/Pacific Islander"
    }
  }, 
  {
    "pk": "9e5a7d80-fca8-11df-9e09-0016760580f0", 
    "model": "gwst_app.interviewansweroption", 
    "fields": {
      "display_order": 60.0, 
      "eng_text": "Other"
    }
  }, 
  {
    "pk": "a5829cf0-fca8-11df-ac4f-0016760580f0", 
    "model": "gwst_app.interviewansweroption", 
    "fields": {
      "display_order": 810.0, 
      "eng_text": "Less than high school"
    }
  }, 
  {
    "pk": "ad11465e-fca8-11df-a964-0016760580f0", 
    "model": "gwst_app.interviewansweroption", 
    "fields": {
      "display_order": 820.0, 
      "eng_text": "High school diploma or GED"
    }
  }, 
  {
    "pk": "b29ec89e-fca8-11df-acf7-0016760580f0", 
    "model": "gwst_app.interviewansweroption", 
    "fields": {
      "display_order": 830.0, 
      "eng_text": "Some college"
    }
  }, 
  {
    "pk": "bb4f5ccf-fca8-11df-89c8-0016760580f0", 
    "model": "gwst_app.interviewansweroption", 
    "fields": {
      "display_order": 840.0, 
      "eng_text": "Associate's degree"
    }
  }, 
  {
    "pk": "c1c3958f-fca8-11df-9330-0016760580f0", 
    "model": "gwst_app.interviewansweroption", 
    "fields": {
      "display_order": 850.0, 
      "eng_text": "Bachelor's degree or higher"
    }
  }, 
  {
    "pk": "c8868a8f-fca8-11df-a410-0016760580f0", 
    "model": "gwst_app.interviewansweroption", 
    "fields": {
      "display_order": 510.0, 
      "eng_text": "Less than $22,000"
    }
  }, 
  {
    "pk": "d1003040-fca8-11df-9522-0016760580f0", 
    "model": "gwst_app.interviewansweroption", 
    "fields": {
      "display_order": 520.0, 
      "eng_text": "$22,000 - $57,000"
    }
  }, 
  {
    "pk": "d85245e1-fca8-11df-b9e9-0016760580f0", 
    "model": "gwst_app.interviewansweroption", 
    "fields": {
      "display_order": 530.0, 
      "eng_text": "$57,000 or more"
    }
  }, 
  {
    "pk": "2357b061-02f4-11e0-8de6-0016760580f0", 
    "model": "gwst_app.interviewansweroption", 
    "fields": {
      "display_order": 1001.0, 
      "eng_text": "Point Arena State Marine Reserve"
    }
  }, 
  {
    "pk": "2d39718f-02f4-11e0-9eef-0016760580f0", 
    "model": "gwst_app.interviewansweroption", 
    "fields": {
      "display_order": 1002.0, 
      "eng_text": "Point Arena State Marine Conservation Area"
    }
  }, 
  {
    "pk": "3644a8e1-02f4-11e0-8ea5-0016760580f0", 
    "model": "gwst_app.interviewansweroption", 
    "fields": {
      "display_order": 1003.0, 
      "eng_text": "Sea Lion Cove State Marine Conservation Area"
    }
  }, 
  {
    "pk": "3f24ffa1-02f4-11e0-8e3c-0016760580f0", 
    "model": "gwst_app.interviewansweroption", 
    "fields": {
      "display_order": 1004.0, 
      "eng_text": "Saunders Reef State Marine Conservation Area"
    }
  }, 
  {
    "pk": "47fe035e-02f4-11e0-a18b-0016760580f0", 
    "model": "gwst_app.interviewansweroption", 
    "fields": {
      "display_order": 1005.0, 
      "eng_text": "Del Mar Landing State Marine Reserve"
    }
  }, 
  {
    "pk": "52192411-02f4-11e0-99e6-0016760580f0", 
    "model": "gwst_app.interviewansweroption", 
    "fields": {
      "display_order": 1006.0, 
      "eng_text": "Stewarts Point State Marine Conservation Area"
    }
  }, 
  {
    "pk": "5c40048f-02f4-11e0-9294-0016760580f0", 
    "model": "gwst_app.interviewansweroption", 
    "fields": {
      "display_order": 1007.0, 
      "eng_text": "Stewarts Point State Marine Reserve"
    }
  }, 
  {
    "pk": "61b543de-02f4-11e0-9663-0016760580f0", 
    "model": "gwst_app.interviewansweroption", 
    "fields": {
      "display_order": 1008.0, 
      "eng_text": "Salt Point State Marine Conservation Area"
    }
  }, 
  {
    "pk": "68606b1e-02f4-11e0-989a-0016760580f0", 
    "model": "gwst_app.interviewansweroption", 
    "fields": {
      "display_order": 1009.0, 
      "eng_text": "Gerstle Cove State Marine Reserve"
    }
  }, 
  {
    "pk": "701401b0-02f4-11e0-8676-0016760580f0", 
    "model": "gwst_app.interviewansweroption", 
    "fields": {
      "display_order": 1010.0, 
      "eng_text": "Russian River State Marine Recreational Management Area"
    }
  }, 
  {
    "pk": "76ba46f0-02f4-11e0-9764-0016760580f0", 
    "model": "gwst_app.interviewansweroption", 
    "fields": {
      "display_order": 1011.0, 
      "eng_text": "Russian River State Marine Conservation Area"
    }
  }, 
  {
    "pk": "7e53c5d1-02f4-11e0-a40f-0016760580f0", 
    "model": "gwst_app.interviewansweroption", 
    "fields": {
      "display_order": 1012.0, 
      "eng_text": "Bodega Head State Marine Reserve"
    }
  }, 
  {
    "pk": "8feb4070-02f4-11e0-af72-0016760580f0", 
    "model": "gwst_app.interviewansweroption", 
    "fields": {
      "display_order": 1013.0, 
      "eng_text": "Bodega Head State Marine Conservation Area"
    }
  }, 
  {
    "pk": "97bdf7c0-02f4-11e0-a7bf-0016760580f0", 
    "model": "gwst_app.interviewansweroption", 
    "fields": {
      "display_order": 1014.0, 
      "eng_text": "Estero Americano State Marine Recreational Management Area"
    }
  }, 
  {
    "pk": "9f360bee-02f4-11e0-8843-0016760580f0", 
    "model": "gwst_app.interviewansweroption", 
    "fields": {
      "display_order": 1015.0, 
      "eng_text": "Estero de San Antonio State Marine Recreational Management Area"
    }
  }, 
  {
    "pk": "a6289c70-02f4-11e0-91ab-0016760580f0", 
    "model": "gwst_app.interviewansweroption", 
    "fields": {
      "display_order": 1016.0, 
      "eng_text": "Point Reyes State Marine Reserve"
    }
  }, 
  {
    "pk": "b4362d00-02f4-11e0-8bd8-0016760580f0", 
    "model": "gwst_app.interviewansweroption", 
    "fields": {
      "display_order": 1017.0, 
      "eng_text": "Point Reyes State Marine Conservation Area"
    }
  }, 
  {
    "pk": "ba785940-02f4-11e0-8f0a-0016760580f0", 
    "model": "gwst_app.interviewansweroption", 
    "fields": {
      "display_order": 1018.0, 
      "eng_text": "Point Reyes Headlands Special Closure"
    }
  }, 
  {
    "pk": "c0078930-02f4-11e0-91ef-0016760580f0", 
    "model": "gwst_app.interviewansweroption", 
    "fields": {
      "display_order": 1019.0, 
      "eng_text": "Estero de Limantour State Marine Reserve"
    }
  }, 
  {
    "pk": "d393cef0-02f4-11e0-8eb1-0016760580f0", 
    "model": "gwst_app.interviewansweroption", 
    "fields": {
      "display_order": 1020.0, 
      "eng_text": "Drake's Estero State Marine Conservation Area"
    }
  }, 
  {
    "pk": "db9892c0-02f4-11e0-9dd5-0016760580f0", 
    "model": "gwst_app.interviewansweroption", 
    "fields": {
      "display_order": 1021.0, 
      "eng_text": "Point Resistance Rock Special Closure"
    }
  }, 
  {
    "pk": "e6877e30-02f4-11e0-acf4-0016760580f0", 
    "model": "gwst_app.interviewansweroption", 
    "fields": {
      "display_order": 1022.0, 
      "eng_text": "Double Point/Stormy Stack Special Closure"
    }
  }, 
  {
    "pk": "ede7c4a1-02f4-11e0-bcec-0016760580f0", 
    "model": "gwst_app.interviewansweroption", 
    "fields": {
      "display_order": 1023.0, 
      "eng_text": "Duxbury Reef State Marine Conservation Area"
    }
  }, 
  {
    "pk": "fe1c05c0-02f4-11e0-b00e-0016760580f0", 
    "model": "gwst_app.interviewansweroption", 
    "fields": {
      "display_order": 1024.0, 
      "eng_text": "Egg (Devil's Slide) Rock to Devil's Slide Special Closure"
    }
  }, 
  {
    "pk": "08db55ae-02f5-11e0-a724-0016760580f0", 
    "model": "gwst_app.interviewansweroption", 
    "fields": {
      "display_order": 1025.0, 
      "eng_text": "Montara State Marine Reserve"
    }
  }, 
  {
    "pk": "0ed136ae-02f5-11e0-b38a-0016760580f0", 
    "model": "gwst_app.interviewansweroption", 
    "fields": {
      "display_order": 1026.0, 
      "eng_text": "Pillar Point State Marine Conservation Area"
    }
  }, 
  {
    "pk": "17e0dacf-02f5-11e0-a471-0016760580f0", 
    "model": "gwst_app.interviewansweroption", 
    "fields": {
      "display_order": 1027.0, 
      "eng_text": "North Farallon Islands State Marine Reserve"
    }
  }, 
  {
    "pk": "224a90b0-02f5-11e0-ac67-0016760580f0", 
    "model": "gwst_app.interviewansweroption", 
    "fields": {
      "display_order": 1028.0, 
      "eng_text": "North Farallon Islands Special Closure"
    }
  }, 
  {
    "pk": "2d327740-02f5-11e0-98dc-0016760580f0", 
    "model": "gwst_app.interviewansweroption", 
    "fields": {
      "display_order": 1029.0, 
      "eng_text": "Southeast Farallon Island State Marine Reserve"
    }
  }, 
  {
    "pk": "32e338ee-02f5-11e0-8406-0016760580f0", 
    "model": "gwst_app.interviewansweroption", 
    "fields": {
      "display_order": 1030.0, 
      "eng_text": "Southeast Farallon Island Special Closure"
    }
  }, 
  {
    "pk": "38d45f00-02f5-11e0-8514-0016760580f0", 
    "model": "gwst_app.interviewansweroption", 
    "fields": {
      "display_order": 1031.0, 
      "eng_text": "Southeast Farallon island State Marine Conservation Area"
    }
  }, 
  {
    "pk": "1003e611-03c0-11e0-9ef0-0016760580f0", 
    "model": "gwst_app.interviewansweroption", 
    "fields": {
      "display_order": 1110.0, 
      "eng_text": "News source"
    }
  }, 
  {
    "pk": "1694ce91-03c0-11e0-bedd-0016760580f0", 
    "model": "gwst_app.interviewansweroption", 
    "fields": {
      "display_order": 1120.0, 
      "eng_text": "Television"
    }
  }, 
  {
    "pk": "1e299280-03c0-11e0-b8cf-0016760580f0", 
    "model": "gwst_app.interviewansweroption", 
    "fields": {
      "display_order": 1130.0, 
      "eng_text": "Newsletter/magazine"
    }
  }, 
  {
    "pk": "28496e21-03c0-11e0-850b-0016760580f0", 
    "model": "gwst_app.interviewansweroption", 
    "fields": {
      "display_order": 1140.0, 
      "eng_text": "Online social site"
    }
  }, 
  {
    "pk": "34117b80-03c0-11e0-8636-0016760580f0", 
    "model": "gwst_app.interviewansweroption", 
    "fields": {
      "display_order": 1150.0, 
      "eng_text": "Dive or fishing organization"
    }
  }, 
  {
    "pk": "4aa757c0-03c0-11e0-aab9-0016760580f0", 
    "model": "gwst_app.interviewansweroption", 
    "fields": {
      "display_order": 1160.0, 
      "eng_text": "Word of mouth/friends"
    }
  }, 
  {
    "pk": "5080b00f-03c0-11e0-9b66-0016760580f0", 
    "model": "gwst_app.interviewansweroption", 
    "fields": {
      "display_order": 1170.0, 
      "eng_text": "Signage"
    }
  }, 
  {
    "pk": "576759b0-03c0-11e0-892e-0016760580f0", 
    "model": "gwst_app.interviewansweroption", 
    "fields": {
      "display_order": 1180.0, 
      "eng_text": "Department of Fish and Game"
    }
  }, 
  {
    "pk": "61eb4e4f-03c0-11e0-a2b1-0016760580f0", 
    "model": "gwst_app.interviewansweroption", 
    "fields": {
      "display_order": 1190.0, 
      "eng_text": "Information booth/kiosk"
    }
  }, 
  {
    "pk": "698e6a1e-03c0-11e0-9493-0016760580f0", 
    "model": "gwst_app.interviewansweroption", 
    "fields": {
      "display_order": 1200.0, 
      "eng_text": "Local store"
    }
  }, 
  {
    "pk": "763b804f-03c0-11e0-9b06-0016760580f0", 
    "model": "gwst_app.interviewansweroption", 
    "fields": {
      "display_order": 1210.0, 
      "eng_text": "Campground"
    }
  }, 
  {
    "pk": "7b644d51-03c0-11e0-8b95-0016760580f0", 
    "model": "gwst_app.interviewansweroption", 
    "fields": {
      "display_order": 1220.0, 
      "eng_text": "Other"
    }
  }, 
  {
    "pk": "ed8e4921-0498-11e0-9120-0016760580f0", 
    "model": "gwst_app.interviewansweroption", 
    "fields": {
      "display_order": 1510.0, 
      "eng_text": "Yes, I was aware of the closures"
    }
  }, 
  {
    "pk": "fad3f5cf-0498-11e0-9dd9-0016760580f0", 
    "model": "gwst_app.interviewansweroption", 
    "fields": {
      "display_order": 1511.0, 
      "eng_text": "No, I had no prior knowledge of the closures"
    }
  }, 
  {
    "pk": "04811270-0499-11e0-91ba-0016760580f0", 
    "model": "gwst_app.interviewansweroption", 
    "fields": {
      "display_order": 1515.0, 
      "eng_text": "Yes, I am aware of specific MPAs"
    }
  }, 
  {
    "pk": "0e75e670-0499-11e0-8be9-0016760580f0", 
    "model": "gwst_app.interviewansweroption", 
    "fields": {
      "display_order": 1516.0, 
      "eng_text": "No, I am not aware of specific MPAs"
    }
  }, 
  {
    "pk": "a1", 
    "model": "gwst_app.questiongroupvalidator", 
    "fields": {
      "description": "Sum to 100", 
      "param_4": "", 
      "param_1": "100", 
      "param_3": "", 
      "param_2": "", 
      "type": "sum"
    }
  }, 
  {
    "pk": "1a0015a1-7b1f-11df-865d-001b210ee9bb", 
    "model": "gwst_app.questiongroup", 
    "fields": {
      "code": "chr_GER", 
      "eng_text": "%GER - Charter", 
      "validators": [
        "a1"
      ]
    }
  }, 
  {
    "pk": "c5d8e330-8087-11df-a673-001b210ee9bb", 
    "model": "gwst_app.questiongroup", 
    "fields": {
      "code": "co_pctrev", 
      "eng_text": "Charter owner's percentage of gross revenue", 
      "validators": [
        "a1"
      ]
    }
  }, 
  {
    "pk": "9fa8d1a1-fcb7-11df-b8f8-0016760580f0", 
    "model": "gwst_app.questiongroup", 
    "fields": {
      "code": "soc_econ", 
      "eng_text": "Socio-Economic Expenses", 
      "validators": [
        "a1"
      ]
    }
  }, 
  {
    "pk": 1, 
    "model": "gwst_app.interviewquestion", 
    "fields": {
      "all_resources": false, 
      "code": "int_name", 
      "layout": null, 
      "eng_text": "Interviewer's Name(s)", 
      "int_group": 1, 
      "question_set": null, 
      "display_order": 10.0, 
      "required": true, 
      "question_group": null, 
      "options": [], 
      "val_min": null, 
      "val_default": "", 
      "answer_type": "text", 
      "eng_tooltip": "Names of all individuals (field staff) conducting interview", 
      "val_max": null
    }
  }, 
  {
    "pk": 2, 
    "model": "gwst_app.interviewquestion", 
    "fields": {
      "all_resources": false, 
      "code": "op_f_name", 
      "layout": null, 
      "eng_text": "Operator's First Name", 
      "int_group": 1, 
      "question_set": null, 
      "display_order": 20.0, 
      "required": false, 
      "question_group": null, 
      "options": [], 
      "val_min": null, 
      "val_default": "", 
      "answer_type": "text", 
      "eng_tooltip": "First name of Operator", 
      "val_max": null
    }
  }, 
  {
    "pk": 3, 
    "model": "gwst_app.interviewquestion", 
    "fields": {
      "all_resources": false, 
      "code": "op_l_name", 
      "layout": null, 
      "eng_text": "Operator's Last Name", 
      "int_group": 1, 
      "question_set": null, 
      "display_order": 30.0, 
      "required": true, 
      "question_group": null, 
      "options": [], 
      "val_min": null, 
      "val_default": "", 
      "answer_type": "text", 
      "eng_tooltip": "Last Name of Operator", 
      "val_max": null
    }
  }, 
  {
    "pk": 4, 
    "model": "gwst_app.interviewquestion", 
    "fields": {
      "all_resources": false, 
      "code": "mail_ad", 
      "layout": null, 
      "eng_text": "Operator's Mailing Address", 
      "int_group": 1, 
      "question_set": null, 
      "display_order": 40.0, 
      "required": true, 
      "question_group": null, 
      "options": [], 
      "val_min": null, 
      "val_default": "", 
      "answer_type": "text", 
      "eng_tooltip": "Address to which we can send the operator\u2019s  maps for verification", 
      "val_max": null
    }
  }, 
  {
    "pk": 5, 
    "model": "gwst_app.interviewquestion", 
    "fields": {
      "all_resources": false, 
      "code": "op_phone", 
      "layout": null, 
      "eng_text": "Operator's Phone Number", 
      "int_group": 1, 
      "question_set": null, 
      "display_order": 50.0, 
      "required": false, 
      "question_group": null, 
      "options": [], 
      "val_min": null, 
      "val_default": "", 
      "answer_type": "phone", 
      "eng_tooltip": "Phone number where the operator can be reached", 
      "val_max": null
    }
  }, 
  {
    "pk": 6, 
    "model": "gwst_app.interviewquestion", 
    "fields": {
      "all_resources": false, 
      "code": "op_email", 
      "layout": null, 
      "eng_text": "Operator's Email Address", 
      "int_group": 1, 
      "question_set": null, 
      "display_order": 60.0, 
      "required": false, 
      "question_group": null, 
      "options": [], 
      "val_min": null, 
      "val_default": "", 
      "answer_type": "text", 
      "eng_tooltip": "Email address where the operator can be reached", 
      "val_max": null
    }
  }, 
  {
    "pk": 7, 
    "model": "gwst_app.interviewquestion", 
    "fields": {
      "all_resources": false, 
      "code": "op_age", 
      "layout": null, 
      "eng_text": "Operator's Age", 
      "int_group": 1, 
      "question_set": null, 
      "display_order": 70.0, 
      "required": true, 
      "question_group": null, 
      "options": [], 
      "val_min": 12.0, 
      "val_default": "", 
      "answer_type": "integer", 
      "eng_tooltip": "Operator\u2019s age in years", 
      "val_max": 100.0
    }
  }, 
  {
    "pk": 8, 
    "model": "gwst_app.interviewquestion", 
    "fields": {
      "all_resources": false, 
      "code": "op_gender", 
      "layout": null, 
      "eng_text": "Operator's Gender", 
      "int_group": 1, 
      "question_set": null, 
      "display_order": 80.0, 
      "required": true, 
      "question_group": null, 
      "options": [
        "a4", 
        "a5"
      ], 
      "val_min": null, 
      "val_default": "", 
      "answer_type": "select", 
      "eng_tooltip": "", 
      "val_max": null
    }
  }, 
  {
    "pk": 9, 
    "model": "gwst_app.interviewquestion", 
    "fields": {
      "all_resources": false, 
      "code": "ow_op", 
      "layout": "horizontal", 
      "eng_text": "Does the owner generally operate the vessel(s)", 
      "int_group": 2, 
      "question_set": 1, 
      "display_order": 10.0, 
      "required": true, 
      "question_group": null, 
      "options": [
        "a28", 
        "a29"
      ], 
      "val_min": null, 
      "val_default": "", 
      "answer_type": "select", 
      "eng_tooltip": "", 
      "val_max": null
    }
  }, 
  {
    "pk": 10, 
    "model": "gwst_app.interviewquestion", 
    "fields": {
      "all_resources": false, 
      "code": "ow_numboat", 
      "layout": "horizontal", 
      "eng_text": "Number of charter boats", 
      "int_group": 2, 
      "question_set": 1, 
      "display_order": 20.0, 
      "required": true, 
      "question_group": null, 
      "options": [], 
      "val_min": 1.0, 
      "val_default": "", 
      "answer_type": "integer", 
      "eng_tooltip": "Number of charter boats the operator owns", 
      "val_max": 100.0
    }
  }, 
  {
    "pk": 11, 
    "model": "gwst_app.interviewquestion", 
    "fields": {
      "all_resources": false, 
      "code": "ow_yearown", 
      "layout": "horizontal", 
      "eng_text": "Years of ownership", 
      "int_group": 2, 
      "question_set": 1, 
      "display_order": 30.0, 
      "required": true, 
      "question_group": null, 
      "options": [], 
      "val_min": 0.0, 
      "val_default": "", 
      "answer_type": "integer", 
      "eng_tooltip": "Number of years the owner has owned ANY charter boat(s)", 
      "val_max": 100.0
    }
  }, 
  {
    "pk": 12, 
    "model": "gwst_app.interviewquestion", 
    "fields": {
      "all_resources": false, 
      "code": "ow_grosrev", 
      "layout": "horizontal", 
      "eng_text": "Average annual gross revenue from all charter trips", 
      "int_group": 2, 
      "question_set": 1, 
      "display_order": 40.0, 
      "required": true, 
      "question_group": null, 
      "options": [], 
      "val_min": 0.0, 
      "val_default": "", 
      "answer_type": "money", 
      "eng_tooltip": "Owner's average annual gross revenue from both consumptive and non-consumptive charter activities ", 
      "val_max": null
    }
  }, 
  {
    "pk": 13, 
    "model": "gwst_app.interviewquestion", 
    "fields": {
      "all_resources": false, 
      "code": "ow_rev00", 
      "layout": "horizontal", 
      "eng_text": "Average percentage of gross revenue from WHALE WATCHING", 
      "int_group": 2, 
      "question_set": 2, 
      "display_order": 50.0, 
      "required": false, 
      "question_group": "c5d8e330-8087-11df-a673-001b210ee9bb", 
      "options": [], 
      "val_min": 0.0, 
      "val_default": "0", 
      "answer_type": "percent", 
      "eng_tooltip": "Owner's percentage of annual gross revenue from non-consumptive charter whale watching", 
      "val_max": 100.0
    }
  }, 
  {
    "pk": 36, 
    "model": "gwst_app.interviewquestion", 
    "fields": {
      "all_resources": false, 
      "code": "ow_rev01", 
      "layout": "horizontal", 
      "eng_text": "Average percentage of gross revenue from BIRD WATCHING", 
      "int_group": 2, 
      "question_set": 2, 
      "display_order": 51.0, 
      "required": false, 
      "question_group": "c5d8e330-8087-11df-a673-001b210ee9bb", 
      "options": [], 
      "val_min": 0.0, 
      "val_default": "0", 
      "answer_type": "percent", 
      "eng_tooltip": "Operator\u2019s percentage of annual gross revenue from bird watching", 
      "val_max": 100.0
    }
  }, 
  {
    "pk": 37, 
    "model": "gwst_app.interviewquestion", 
    "fields": {
      "all_resources": false, 
      "code": "ow_rev02", 
      "layout": "horizontal", 
      "eng_text": "Average percentage of gross revenue from MARINE MAMMAL VIEWING", 
      "int_group": 2, 
      "question_set": 2, 
      "display_order": 52.0, 
      "required": false, 
      "question_group": "c5d8e330-8087-11df-a673-001b210ee9bb", 
      "options": [], 
      "val_min": 0.0, 
      "val_default": "0", 
      "answer_type": "percent", 
      "eng_tooltip": "Operator\u2019s percentage of annual gross revenue from marine mammal viewing", 
      "val_max": 100.0
    }
  }, 
  {
    "pk": 38, 
    "model": "gwst_app.interviewquestion", 
    "fields": {
      "all_resources": false, 
      "code": "ow_rev03", 
      "layout": "horizontal", 
      "eng_text": "Average percentage of gross revenue from LEISURE CRUISING", 
      "int_group": 2, 
      "question_set": 2, 
      "display_order": 53.0, 
      "required": false, 
      "question_group": "c5d8e330-8087-11df-a673-001b210ee9bb", 
      "options": [], 
      "val_min": 0.0, 
      "val_default": "0", 
      "answer_type": "percent", 
      "eng_tooltip": "Operator\u2019s percentage of annual gross revenue from leisure cruising", 
      "val_max": 100.0
    }
  }, 
  {
    "pk": 41, 
    "model": "gwst_app.interviewquestion", 
    "fields": {
      "all_resources": false, 
      "code": "ow_rev04", 
      "layout": "horizontal", 
      "eng_text": "Average percentage of gross revenue from GLASS BOTTOM BOATING", 
      "int_group": 2, 
      "question_set": 2, 
      "display_order": 54.0, 
      "required": false, 
      "question_group": "c5d8e330-8087-11df-a673-001b210ee9bb", 
      "options": [], 
      "val_min": 0.0, 
      "val_default": "0", 
      "answer_type": "percent", 
      "eng_tooltip": "Operator\u2019s percentage of annual gross revenue from glass bottom boat cruises", 
      "val_max": 100.0
    }
  }, 
  {
    "pk": 40, 
    "model": "gwst_app.interviewquestion", 
    "fields": {
      "all_resources": false, 
      "code": "ow_rev05", 
      "layout": "horizontal", 
      "eng_text": "Average percentage of gross revenue from DIVING", 
      "int_group": 2, 
      "question_set": 2, 
      "display_order": 55.0, 
      "required": false, 
      "question_group": "c5d8e330-8087-11df-a673-001b210ee9bb", 
      "options": [], 
      "val_min": 0.0, 
      "val_default": "0", 
      "answer_type": "percent", 
      "eng_tooltip": "Operator\u2019s percentage of annual gross revenue from diving", 
      "val_max": 100.0
    }
  }, 
  {
    "pk": 34, 
    "model": "gwst_app.interviewquestion", 
    "fields": {
      "all_resources": false, 
      "code": "ow_rev06", 
      "layout": "horizontal", 
      "eng_text": "Average percentage of gross revenue from FISHING", 
      "int_group": 2, 
      "question_set": 2, 
      "display_order": 56.0, 
      "required": false, 
      "question_group": "c5d8e330-8087-11df-a673-001b210ee9bb", 
      "options": [], 
      "val_min": 0.0, 
      "val_default": "0", 
      "answer_type": "percent", 
      "eng_tooltip": "Operator\u2019s percentage of annual gross revenue from consumptive charter activities like fishing", 
      "val_max": 100.0
    }
  }, 
  {
    "pk": 45, 
    "model": "gwst_app.interviewquestion", 
    "fields": {
      "all_resources": false, 
      "code": "ow_rev07", 
      "layout": "horizontal", 
      "eng_text": "Average percentage of gross revenue from COMBO: Whale Watching + Marine Mammal Viewing + Bird Watching", 
      "int_group": 2, 
      "question_set": 2, 
      "display_order": 60.0, 
      "required": false, 
      "question_group": "c5d8e330-8087-11df-a673-001b210ee9bb", 
      "options": [], 
      "val_min": 0.0, 
      "val_default": "0", 
      "answer_type": "percent", 
      "eng_tooltip": "Operator\u2019s percentage of annual gross revenue from COMBO 1", 
      "val_max": 100.0
    }
  }, 
  {
    "pk": 46, 
    "model": "gwst_app.interviewquestion", 
    "fields": {
      "all_resources": false, 
      "code": "ow_rev08", 
      "layout": "horizontal", 
      "eng_text": "Average percentage of gross revenue from COMBO:  Marine Mammal Viewing + Bird Watching", 
      "int_group": 2, 
      "question_set": 2, 
      "display_order": 70.0, 
      "required": false, 
      "question_group": "c5d8e330-8087-11df-a673-001b210ee9bb", 
      "options": [], 
      "val_min": 0.0, 
      "val_default": "0", 
      "answer_type": "percent", 
      "eng_tooltip": "Operator\u2019s percentage of annual gross revenue from COMBO 2", 
      "val_max": 100.0
    }
  }, 
  {
    "pk": 47, 
    "model": "gwst_app.interviewquestion", 
    "fields": {
      "all_resources": false, 
      "code": "ow_rev09", 
      "layout": "horizontal", 
      "eng_text": "Average percentage of gross revenue from COMBO: Whale Watching + Marine Mammal Viewing", 
      "int_group": 2, 
      "question_set": 2, 
      "display_order": 80.0, 
      "required": false, 
      "question_group": "c5d8e330-8087-11df-a673-001b210ee9bb", 
      "options": [], 
      "val_min": 0.0, 
      "val_default": "0", 
      "answer_type": "percent", 
      "eng_tooltip": "Operator\u2019s percentage of annual gross revenue from COMBO 3", 
      "val_max": 100.0
    }
  }, 
  {
    "pk": 48, 
    "model": "gwst_app.interviewquestion", 
    "fields": {
      "all_resources": false, 
      "code": "ow_rev10", 
      "layout": "horizontal", 
      "eng_text": "Average percentage of gross revenue from COMBO: Whale Watching + Bird Watching", 
      "int_group": 2, 
      "question_set": 2, 
      "display_order": 90.0, 
      "required": false, 
      "question_group": "c5d8e330-8087-11df-a673-001b210ee9bb", 
      "options": [], 
      "val_min": 0.0, 
      "val_default": "0", 
      "answer_type": "percent", 
      "eng_tooltip": "Operator\u2019s percentage of annual gross revenue from COMBO 4", 
      "val_max": 100.0
    }
  }, 
  {
    "pk": 49, 
    "model": "gwst_app.interviewquestion", 
    "fields": {
      "all_resources": false, 
      "code": "ow_revoth1", 
      "layout": "horizontal", 
      "eng_text": "Average percentage of gross revenue from OTHER 1", 
      "int_group": 2, 
      "question_set": 2, 
      "display_order": 100.0, 
      "required": false, 
      "question_group": "c5d8e330-8087-11df-a673-001b210ee9bb", 
      "options": [], 
      "val_min": 0.0, 
      "val_default": "0", 
      "answer_type": "percent", 
      "eng_tooltip": "Operator\u2019s percentage of annual gross revenue from other non-consumptive activities", 
      "val_max": 100.0
    }
  }, 
  {
    "pk": 50, 
    "model": "gwst_app.interviewquestion", 
    "fields": {
      "all_resources": false, 
      "code": "ow_txtoth1", 
      "layout": "horizontal", 
      "eng_text": "Please specify what OTHER 1 is", 
      "int_group": 2, 
      "question_set": 2, 
      "display_order": 105.0, 
      "required": false, 
      "question_group": null, 
      "options": [], 
      "val_min": null, 
      "val_default": "", 
      "answer_type": "text", 
      "eng_tooltip": "If you draw revenue from something other than those sources listed above, what is it?", 
      "val_max": null
    }
  }, 
  {
    "pk": 51, 
    "model": "gwst_app.interviewquestion", 
    "fields": {
      "all_resources": false, 
      "code": "ow_revoth2", 
      "layout": "horizontal", 
      "eng_text": "Average percentage of gross revenue from OTHER 2", 
      "int_group": 2, 
      "question_set": 2, 
      "display_order": 110.0, 
      "required": false, 
      "question_group": "c5d8e330-8087-11df-a673-001b210ee9bb", 
      "options": [], 
      "val_min": 0.0, 
      "val_default": "0", 
      "answer_type": "percent", 
      "eng_tooltip": "Operator\u2019s percentage of annual gross revenue from other non-consumptive activities", 
      "val_max": 100.0
    }
  }, 
  {
    "pk": 52, 
    "model": "gwst_app.interviewquestion", 
    "fields": {
      "all_resources": false, 
      "code": "ow_txtoth2", 
      "layout": "horizontal", 
      "eng_text": "Please specify what OTHER 2 is", 
      "int_group": 2, 
      "question_set": 2, 
      "display_order": 115.0, 
      "required": false, 
      "question_group": null, 
      "options": [], 
      "val_min": null, 
      "val_default": "", 
      "answer_type": "text", 
      "eng_tooltip": "If you draw revenue from something other than those sources listed above, what is it?", 
      "val_max": null
    }
  }, 
  {
    "pk": 39, 
    "model": "gwst_app.interviewquestion", 
    "fields": {
      "all_resources": false, 
      "code": "ow_revoth3", 
      "layout": "horizontal", 
      "eng_text": "Average percentage of gross revenue from OTHER 3", 
      "int_group": 2, 
      "question_set": 2, 
      "display_order": 120.0, 
      "required": false, 
      "question_group": "c5d8e330-8087-11df-a673-001b210ee9bb", 
      "options": [], 
      "val_min": 0.0, 
      "val_default": "0", 
      "answer_type": "percent", 
      "eng_tooltip": "Operator\u2019s percentage of annual gross revenue from other non-consumptive activities", 
      "val_max": 100.0
    }
  }, 
  {
    "pk": 53, 
    "model": "gwst_app.interviewquestion", 
    "fields": {
      "all_resources": false, 
      "code": "ow_txtoth3", 
      "layout": "horizontal", 
      "eng_text": "Please specify what OTHER 3 is", 
      "int_group": 2, 
      "question_set": 2, 
      "display_order": 125.0, 
      "required": false, 
      "question_group": null, 
      "options": [], 
      "val_min": null, 
      "val_default": "", 
      "answer_type": "text", 
      "eng_tooltip": "If you draw revenue from something other than those sources listed above, what is it?", 
      "val_max": null
    }
  }, 
  {
    "pk": 35, 
    "model": "gwst_app.interviewquestion", 
    "fields": {
      "all_resources": false, 
      "code": "ow_p_rev_t", 
      "layout": "horizontal", 
      "eng_text": "Average percentage of gross revenue for total annual operating costs ", 
      "int_group": 2, 
      "question_set": 3, 
      "display_order": 150.0, 
      "required": true, 
      "question_group": null, 
      "options": [], 
      "val_min": 0.0, 
      "val_default": "", 
      "answer_type": "decimal", 
      "eng_tooltip": "Operator\u2019s percentage of annual gross revenue that goes towards both consumptive and non-consumptive operating costs", 
      "val_max": 100.0
    }
  }, 
  {
    "pk": 14, 
    "model": "gwst_app.interviewquestion", 
    "fields": {
      "all_resources": false, 
      "code": "ow_pctcst", 
      "layout": "horizontal", 
      "eng_text": "Average percentage of total annual operating costs for non-consumptive trips", 
      "int_group": 2, 
      "question_set": 3, 
      "display_order": 160.0, 
      "required": true, 
      "question_group": null, 
      "options": [], 
      "val_min": 0.0, 
      "val_default": "", 
      "answer_type": "decimal", 
      "eng_tooltip": "What percent of total annual operating costs goes towards non-consumptive trips", 
      "val_max": 100.0
    }
  }, 
  {
    "pk": 15, 
    "model": "gwst_app.interviewquestion", 
    "fields": {
      "all_resources": false, 
      "code": "ow_crew", 
      "layout": "horizontal", 
      "eng_text": "Average percentage of NON-CONSUMPTIVE operating costs for: crew/labor", 
      "int_group": 2, 
      "question_set": 3, 
      "display_order": 170.0, 
      "required": true, 
      "question_group": null, 
      "options": [], 
      "val_min": 0.0, 
      "val_default": "", 
      "answer_type": "decimal", 
      "eng_tooltip": "What percent of total non-consumptive annual operating costs goes towards crew/labor ", 
      "val_max": 100.0
    }
  }, 
  {
    "pk": 16, 
    "model": "gwst_app.interviewquestion", 
    "fields": {
      "all_resources": false, 
      "code": "ow_fuel", 
      "layout": "horizontal", 
      "eng_text": "Average percentage of NON-CONSUMPTIVE operating costs for: fuel", 
      "int_group": 2, 
      "question_set": 3, 
      "display_order": 180.0, 
      "required": true, 
      "question_group": null, 
      "options": [], 
      "val_min": 0.0, 
      "val_default": "", 
      "answer_type": "decimal", 
      "eng_tooltip": "What percent of total non-consumptive annual operating costs goes towards fuel", 
      "val_max": 100.0
    }
  }, 
  {
    "pk": 19, 
    "model": "gwst_app.interviewquestion", 
    "fields": {
      "all_resources": false, 
      "code": "ow_crewnon", 
      "layout": "horizontal", 
      "eng_text": "Average number of crew used for NON-CONSUMPTIVE trips", 
      "int_group": 2, 
      "question_set": 3, 
      "display_order": 190.0, 
      "required": true, 
      "question_group": null, 
      "options": [], 
      "val_min": 0.0, 
      "val_default": "", 
      "answer_type": "integer", 
      "eng_tooltip": "Average number of paid crew members present on non-consumptive trips", 
      "val_max": null
    }
  }, 
  {
    "pk": 20, 
    "model": "gwst_app.interviewquestion", 
    "fields": {
      "all_resources": false, 
      "code": "ow_crewcon", 
      "layout": "horizontal", 
      "eng_text": "Average number of crew used for CONSUMPTIVE trips", 
      "int_group": 2, 
      "question_set": 3, 
      "display_order": 200.0, 
      "required": true, 
      "question_group": null, 
      "options": [], 
      "val_min": 0.0, 
      "val_default": "", 
      "answer_type": "integer", 
      "eng_tooltip": "Average number of paid crew members present on consumptive fishing trips", 
      "val_max": null
    }
  }, 
  {
    "pk": 44, 
    "model": "gwst_app.interviewquestion", 
    "fields": {
      "all_resources": false, 
      "code": "ow_ncratio", 
      "layout": "horizontal", 
      "eng_text": "How has the ratio of your non-consumptive/consumptive income changed over the last 5 years", 
      "int_group": 2, 
      "question_set": 3, 
      "display_order": 210.0, 
      "required": true, 
      "question_group": null, 
      "options": [], 
      "val_min": null, 
      "val_default": "", 
      "answer_type": "textarea", 
      "eng_tooltip": "", 
      "val_max": null
    }
  }, 
  {
    "pk": 21, 
    "model": "gwst_app.interviewquestion", 
    "fields": {
      "all_resources": false, 
      "code": "op_inchrtr", 
      "layout": "horizontal", 
      "eng_text": "Percentage personal income from overall charter boat operations", 
      "int_group": 3, 
      "question_set": null, 
      "display_order": 10.0, 
      "required": true, 
      "question_group": null, 
      "options": [], 
      "val_min": 0.0, 
      "val_default": "", 
      "answer_type": "decimal", 
      "eng_tooltip": "The percentage of the operator\u2019s total income that is derived from consumptive and non-consumptive charter boat operation", 
      "val_max": 100.0
    }
  }, 
  {
    "pk": 31, 
    "model": "gwst_app.interviewquestion", 
    "fields": {
      "all_resources": true, 
      "code": "ac_pcttrip", 
      "layout": "horizontal", 
      "eng_text": "Percentage of annual trips", 
      "int_group": 3, 
      "question_set": null, 
      "display_order": 10.0, 
      "required": false, 
      "question_group": null, 
      "options": [], 
      "val_min": 0.0, 
      "val_default": "", 
      "answer_type": "decimal", 
      "eng_tooltip": "Percentage of annual trips conducted as this type of trip ", 
      "val_max": 100.0
    }
  }, 
  {
    "pk": 22, 
    "model": "gwst_app.interviewquestion", 
    "fields": {
      "all_resources": false, 
      "code": "op_inc_non", 
      "layout": "horizontal", 
      "eng_text": "Percentage charter operation income from non-consumptive activities", 
      "int_group": 3, 
      "question_set": null, 
      "display_order": 20.0, 
      "required": true, 
      "question_group": null, 
      "options": [], 
      "val_min": 0.0, 
      "val_default": "", 
      "answer_type": "decimal", 
      "eng_tooltip": "The percentage of the operator\u2019s charter income that is derived from non-consumptive activities", 
      "val_max": 100.0
    }
  }, 
  {
    "pk": 32, 
    "model": "gwst_app.interviewquestion", 
    "fields": {
      "all_resources": true, 
      "code": "ac_triplen", 
      "layout": "horizontal", 
      "eng_text": "Trip length", 
      "int_group": 3, 
      "question_set": null, 
      "display_order": 20.0, 
      "required": false, 
      "question_group": null, 
      "options": [
        "347dac00-7b22-11df-94a8-001b210ee9bb", 
        "39bbfccf-7b22-11df-9a97-001b210ee9bb", 
        "40376180-7b22-11df-8ac7-001b210ee9bb", 
        "4610b9cf-7b22-11df-856f-001b210ee9bb", 
        "50627ade-7b22-11df-b2b8-001b210ee9bb"
      ], 
      "val_min": null, 
      "val_default": "", 
      "answer_type": "select", 
      "eng_tooltip": "Average time taken for each trip", 
      "val_max": null
    }
  }, 
  {
    "pk": 27, 
    "model": "gwst_app.interviewquestion", 
    "fields": {
      "all_resources": false, 
      "code": "op_numboat", 
      "layout": "horizontal", 
      "eng_text": "Number of charter boats operated", 
      "int_group": 3, 
      "question_set": null, 
      "display_order": 25.0, 
      "required": true, 
      "question_group": null, 
      "options": [], 
      "val_min": 0.0, 
      "val_default": "", 
      "answer_type": "integer", 
      "eng_tooltip": "Number of charter boats the individual operates", 
      "val_max": 100.0
    }
  }, 
  {
    "pk": 24, 
    "model": "gwst_app.interviewquestion", 
    "fields": {
      "all_resources": false, 
      "code": "op_v_name", 
      "layout": "horizontal", 
      "eng_text": "Vessel name(s)", 
      "int_group": 3, 
      "question_set": null, 
      "display_order": 27.0, 
      "required": true, 
      "question_group": null, 
      "options": [], 
      "val_min": null, 
      "val_default": "", 
      "answer_type": "text", 
      "eng_tooltip": "Name of the vessel(s)", 
      "val_max": null
    }
  }, 
  {
    "pk": 23, 
    "model": "gwst_app.interviewquestion", 
    "fields": {
      "all_resources": false, 
      "code": "op_doc_num", 
      "layout": "horizontal", 
      "eng_text": "Vessel document number(s)", 
      "int_group": 3, 
      "question_set": null, 
      "display_order": 30.0, 
      "required": false, 
      "question_group": null, 
      "options": [], 
      "val_min": null, 
      "val_default": "", 
      "answer_type": "text", 
      "eng_tooltip": "5-7 character alphanumeric code", 
      "val_max": null
    }
  }, 
  {
    "pk": 33, 
    "model": "gwst_app.interviewquestion", 
    "fields": {
      "all_resources": true, 
      "code": "ac_cost", 
      "layout": "horizontal", 
      "eng_text": "Average cost to passenger per trip", 
      "int_group": 3, 
      "question_set": null, 
      "display_order": 30.0, 
      "required": false, 
      "question_group": null, 
      "options": [], 
      "val_min": 0.0, 
      "val_default": "", 
      "answer_type": "decimal", 
      "eng_tooltip": "How much do you charge for a trip for this particular activity", 
      "val_max": null
    }
  }, 
  {
    "pk": 25, 
    "model": "gwst_app.interviewquestion", 
    "fields": {
      "all_resources": false, 
      "code": "op_v_leng", 
      "layout": "horizontal", 
      "eng_text": "Vessel length(s) (feet)", 
      "int_group": 3, 
      "question_set": null, 
      "display_order": 32.0, 
      "required": true, 
      "question_group": null, 
      "options": [], 
      "val_min": 6.0, 
      "val_default": "", 
      "answer_type": "text", 
      "eng_tooltip": "Length of the vessel in feet ", 
      "val_max": null
    }
  }, 
  {
    "pk": 26, 
    "model": "gwst_app.interviewquestion", 
    "fields": {
      "all_resources": false, 
      "code": "op_hm_port", 
      "layout": "horizontal", 
      "eng_text": "Home port", 
      "int_group": 3, 
      "question_set": null, 
      "display_order": 60.0, 
      "required": true, 
      "question_group": null, 
      "options": [], 
      "val_min": null, 
      "val_default": "", 
      "answer_type": "text", 
      "eng_tooltip": "Where the operator docks or moorages", 
      "val_max": null
    }
  }, 
  {
    "pk": 28, 
    "model": "gwst_app.interviewquestion", 
    "fields": {
      "all_resources": false, 
      "code": "op_yearsop", 
      "layout": "horizontal", 
      "eng_text": "Years operating charter boats", 
      "int_group": 3, 
      "question_set": null, 
      "display_order": 80.0, 
      "required": true, 
      "question_group": null, 
      "options": [], 
      "val_min": 0.0, 
      "val_default": "", 
      "answer_type": "integer", 
      "eng_tooltip": "Number of years the individual has operated charter boats", 
      "val_max": 100.0
    }
  }, 
  {
    "pk": 29, 
    "model": "gwst_app.interviewquestion", 
    "fields": {
      "all_resources": false, 
      "code": "op_avgdays", 
      "layout": "horizontal", 
      "eng_text": "Average number of days operating non-consumptive charter boat trips per year", 
      "int_group": 3, 
      "question_set": null, 
      "display_order": 90.0, 
      "required": true, 
      "question_group": null, 
      "options": [], 
      "val_min": 0.0, 
      "val_default": "", 
      "answer_type": "integer", 
      "eng_tooltip": "Average number of days the operator spends operating a non-consumptive charter trip each year", 
      "val_max": 365.0
    }
  }, 
  {
    "pk": 30, 
    "model": "gwst_app.interviewquestion", 
    "fields": {
      "all_resources": false, 
      "code": "op_numpass", 
      "layout": "horizontal", 
      "eng_text": "Average number of passengers on a boat per NON-CONSUMPTIVE trip", 
      "int_group": 3, 
      "question_set": null, 
      "display_order": 100.0, 
      "required": true, 
      "question_group": null, 
      "options": [], 
      "val_min": 0.0, 
      "val_default": "", 
      "answer_type": "integer", 
      "eng_tooltip": "Average number of passengers on the charter boat during each non-consumptive trip", 
      "val_max": 200.0
    }
  }, 
  {
    "pk": 42, 
    "model": "gwst_app.interviewquestion", 
    "fields": {
      "all_resources": false, 
      "code": "op_cap_max", 
      "layout": "horizontal", 
      "eng_text": "Maximum capacity of passengers on the boat", 
      "int_group": 3, 
      "question_set": null, 
      "display_order": 110.0, 
      "required": true, 
      "question_group": null, 
      "options": [], 
      "val_min": 0.0, 
      "val_default": "", 
      "answer_type": "integer", 
      "eng_tooltip": "", 
      "val_max": null
    }
  }, 
  {
    "pk": 54, 
    "model": "gwst_app.interviewquestion", 
    "fields": {
      "all_resources": false, 
      "code": "f_name", 
      "layout": null, 
      "eng_text": "First Name", 
      "int_group": 4, 
      "question_set": null, 
      "display_order": 10.0, 
      "required": true, 
      "question_group": null, 
      "options": [], 
      "val_min": null, 
      "val_default": "", 
      "answer_type": "text", 
      "eng_tooltip": "Interviewee's first name", 
      "val_max": null
    }
  }, 
  {
    "pk": 55, 
    "model": "gwst_app.interviewquestion", 
    "fields": {
      "all_resources": false, 
      "code": "l_name", 
      "layout": null, 
      "eng_text": "Last Name", 
      "int_group": 4, 
      "question_set": null, 
      "display_order": 20.0, 
      "required": true, 
      "question_group": null, 
      "options": [], 
      "val_min": null, 
      "val_default": "", 
      "answer_type": "text", 
      "eng_tooltip": "Interviewee's last name", 
      "val_max": null
    }
  }, 
  {
    "pk": 56, 
    "model": "gwst_app.interviewquestion", 
    "fields": {
      "all_resources": false, 
      "code": "address", 
      "layout": null, 
      "eng_text": "Mailing Address", 
      "int_group": 4, 
      "question_set": null, 
      "display_order": 30.0, 
      "required": false, 
      "question_group": null, 
      "options": [], 
      "val_min": null, 
      "val_default": "", 
      "answer_type": "text", 
      "eng_tooltip": "Interviewee's mailing address", 
      "val_max": null
    }
  }, 
  {
    "pk": 57, 
    "model": "gwst_app.interviewquestion", 
    "fields": {
      "all_resources": false, 
      "code": "zip_code", 
      "layout": null, 
      "eng_text": "Zip Code", 
      "int_group": 4, 
      "question_set": null, 
      "display_order": 40.0, 
      "required": false, 
      "question_group": null, 
      "options": [], 
      "val_min": null, 
      "val_default": "", 
      "answer_type": "integer", 
      "eng_tooltip": "Interviewee's zip code", 
      "val_max": null
    }
  }, 
  {
    "pk": 58, 
    "model": "gwst_app.interviewquestion", 
    "fields": {
      "all_resources": false, 
      "code": "email", 
      "layout": null, 
      "eng_text": "Email Address", 
      "int_group": 4, 
      "question_set": null, 
      "display_order": 50.0, 
      "required": false, 
      "question_group": null, 
      "options": [], 
      "val_min": null, 
      "val_default": "", 
      "answer_type": "text", 
      "eng_tooltip": "Interviewee's email address", 
      "val_max": null
    }
  }, 
  {
    "pk": 59, 
    "model": "gwst_app.interviewquestion", 
    "fields": {
      "all_resources": false, 
      "code": "phone", 
      "layout": null, 
      "eng_text": "Phone Number", 
      "int_group": 4, 
      "question_set": null, 
      "display_order": 60.0, 
      "required": true, 
      "question_group": null, 
      "options": [], 
      "val_min": null, 
      "val_default": "", 
      "answer_type": "phone", 
      "eng_tooltip": "Interviewee's phone number", 
      "val_max": null
    }
  }, 
  {
    "pk": 93, 
    "model": "gwst_app.interviewquestion", 
    "fields": {
      "all_resources": false, 
      "code": "mpa_aware", 
      "layout": "vertical", 
      "eng_text": "Marine protected area closures were recently implemented in the North Central Coast (Point Arena to Half Moon Bay). Please select the choice that applies to you", 
      "int_group": 4, 
      "question_set": null, 
      "display_order": 70.0, 
      "required": true, 
      "question_group": null, 
      "options": [
        "ed8e4921-0498-11e0-9120-0016760580f0", 
        "fad3f5cf-0498-11e0-9dd9-0016760580f0"
      ], 
      "val_min": null, 
      "val_default": "", 
      "answer_type": "select", 
      "eng_tooltip": "", 
      "val_max": null
    }
  }, 
  {
    "pk": 94, 
    "model": "gwst_app.interviewquestion", 
    "fields": {
      "all_resources": false, 
      "code": "mpa_inform", 
      "layout": "vertical", 
      "eng_text": "If you answered 'Yes' to Question 7, how were you informed about the closures", 
      "int_group": 4, 
      "question_set": null, 
      "display_order": 80.0, 
      "required": false, 
      "question_group": null, 
      "options": [
        "1003e611-03c0-11e0-9ef0-0016760580f0", 
        "1694ce91-03c0-11e0-bedd-0016760580f0", 
        "1e299280-03c0-11e0-b8cf-0016760580f0", 
        "28496e21-03c0-11e0-850b-0016760580f0", 
        "34117b80-03c0-11e0-8636-0016760580f0", 
        "4aa757c0-03c0-11e0-aab9-0016760580f0", 
        "5080b00f-03c0-11e0-9b66-0016760580f0", 
        "576759b0-03c0-11e0-892e-0016760580f0", 
        "61eb4e4f-03c0-11e0-a2b1-0016760580f0", 
        "698e6a1e-03c0-11e0-9493-0016760580f0", 
        "763b804f-03c0-11e0-9b06-0016760580f0", 
        "7b644d51-03c0-11e0-8b95-0016760580f0"
      ], 
      "val_min": null, 
      "val_default": "", 
      "answer_type": "checkbox", 
      "eng_tooltip": "", 
      "val_max": null
    }
  }, 
  {
    "pk": 95, 
    "model": "gwst_app.interviewquestion", 
    "fields": {
      "all_resources": false, 
      "code": "mpa_spec_b", 
      "layout": "vertical", 
      "eng_text": "If you answered 'Yes' to question 7, are you aware of specific closures in close proximity to where you typically dive/shore pick", 
      "int_group": 4, 
      "question_set": null, 
      "display_order": 90.0, 
      "required": false, 
      "question_group": null, 
      "options": [
        "04811270-0499-11e0-91ba-0016760580f0", 
        "0e75e670-0499-11e0-8be9-0016760580f0"
      ], 
      "val_min": null, 
      "val_default": "", 
      "answer_type": "select", 
      "eng_tooltip": "", 
      "val_max": null
    }
  }, 
  {
    "pk": 96, 
    "model": "gwst_app.interviewquestion", 
    "fields": {
      "all_resources": false, 
      "code": "mpa_list", 
      "layout": "vertical", 
      "eng_text": "If so, which specific MPAs are you aware of", 
      "int_group": 4, 
      "question_set": null, 
      "display_order": 100.0, 
      "required": false, 
      "question_group": null, 
      "options": [
        "08db55ae-02f5-11e0-a724-0016760580f0", 
        "0ed136ae-02f5-11e0-b38a-0016760580f0", 
        "17e0dacf-02f5-11e0-a471-0016760580f0", 
        "224a90b0-02f5-11e0-ac67-0016760580f0", 
        "2357b061-02f4-11e0-8de6-0016760580f0", 
        "2d327740-02f5-11e0-98dc-0016760580f0", 
        "2d39718f-02f4-11e0-9eef-0016760580f0", 
        "32e338ee-02f5-11e0-8406-0016760580f0", 
        "3644a8e1-02f4-11e0-8ea5-0016760580f0", 
        "38d45f00-02f5-11e0-8514-0016760580f0", 
        "3f24ffa1-02f4-11e0-8e3c-0016760580f0", 
        "47fe035e-02f4-11e0-a18b-0016760580f0", 
        "52192411-02f4-11e0-99e6-0016760580f0", 
        "5c40048f-02f4-11e0-9294-0016760580f0", 
        "61b543de-02f4-11e0-9663-0016760580f0", 
        "68606b1e-02f4-11e0-989a-0016760580f0", 
        "701401b0-02f4-11e0-8676-0016760580f0", 
        "76ba46f0-02f4-11e0-9764-0016760580f0", 
        "7e53c5d1-02f4-11e0-a40f-0016760580f0", 
        "8feb4070-02f4-11e0-af72-0016760580f0", 
        "97bdf7c0-02f4-11e0-a7bf-0016760580f0", 
        "9f360bee-02f4-11e0-8843-0016760580f0", 
        "a6289c70-02f4-11e0-91ab-0016760580f0", 
        "b4362d00-02f4-11e0-8bd8-0016760580f0", 
        "ba785940-02f4-11e0-8f0a-0016760580f0", 
        "c0078930-02f4-11e0-91ef-0016760580f0", 
        "d393cef0-02f4-11e0-8eb1-0016760580f0", 
        "db9892c0-02f4-11e0-9dd5-0016760580f0", 
        "e6877e30-02f4-11e0-acf4-0016760580f0", 
        "ede7c4a1-02f4-11e0-bcec-0016760580f0", 
        "fe1c05c0-02f4-11e0-b00e-0016760580f0"
      ], 
      "val_min": null, 
      "val_default": "", 
      "answer_type": "select", 
      "eng_tooltip": "", 
      "val_max": null
    }
  }, 
  {
    "pk": 60, 
    "model": "gwst_app.interviewquestion", 
    "fields": {
      "all_resources": false, 
      "code": "yrs_dive", 
      "layout": null, 
      "eng_text": "Number of years that you have been sport diving for fish/shellfish", 
      "int_group": 5, 
      "question_set": null, 
      "display_order": 10.0, 
      "required": true, 
      "question_group": null, 
      "options": [], 
      "val_min": 0.0, 
      "val_default": "", 
      "answer_type": "integer", 
      "eng_tooltip": "Years diving", 
      "val_max": 100.0
    }
  }, 
  {
    "pk": 62, 
    "model": "gwst_app.interviewquestion", 
    "fields": {
      "all_resources": true, 
      "code": "day_specie", 
      "layout": null, 
      "eng_text": "Number of days 'on average' spent diving/shore picking for this species last year (2010)", 
      "int_group": 5, 
      "question_set": null, 
      "display_order": 10.0, 
      "required": true, 
      "question_group": null, 
      "options": [], 
      "val_min": 0.0, 
      "val_default": "", 
      "answer_type": "integer", 
      "eng_tooltip": "", 
      "val_max": 365.0
    }
  }, 
  {
    "pk": 61, 
    "model": "gwst_app.interviewquestion", 
    "fields": {
      "all_resources": false, 
      "code": "yrs_pick", 
      "layout": null, 
      "eng_text": "Number of years that you have been shore picking for shellfish/marine life", 
      "int_group": 5, 
      "question_set": null, 
      "display_order": 20.0, 
      "required": false, 
      "question_group": null, 
      "options": [], 
      "val_min": 0.0, 
      "val_default": "", 
      "answer_type": "integer", 
      "eng_tooltip": "Years picking", 
      "val_max": 100.0
    }
  }, 
  {
    "pk": 63, 
    "model": "gwst_app.interviewquestion", 
    "fields": {
      "all_resources": true, 
      "code": "yrs_specie", 
      "layout": null, 
      "eng_text": "Number of years you have been diving/shore picking for this species", 
      "int_group": 5, 
      "question_set": null, 
      "display_order": 20.0, 
      "required": true, 
      "question_group": null, 
      "options": [], 
      "val_min": 0.0, 
      "val_default": "", 
      "answer_type": "integer", 
      "eng_tooltip": "", 
      "val_max": 100.0
    }
  }, 
  {
    "pk": 64, 
    "model": "gwst_app.interviewquestion", 
    "fields": {
      "all_resources": true, 
      "code": "factor_spc", 
      "layout": "vertical", 
      "eng_text": "Primary factor(s) considered when choosing where to dive/shore pick for this species in the last year (2010)", 
      "int_group": 5, 
      "question_set": null, 
      "display_order": 30.0, 
      "required": false, 
      "question_group": null, 
      "options": [
        "271706cf-fca8-11df-8030-0016760580f0", 
        "2ead0340-fca8-11df-b1c8-0016760580f0", 
        "33ddbf80-fca8-11df-8913-0016760580f0", 
        "39135dc0-fca8-11df-8e90-0016760580f0", 
        "43288b00-fca8-11df-95e6-0016760580f0", 
        "4972f4a1-fca8-11df-9385-0016760580f0", 
        "554b078f-fca8-11df-adae-0016760580f0", 
        "5cf416cf-fca8-11df-a1c6-0016760580f0", 
        "62011e70-fca8-11df-9cf4-0016760580f0"
      ], 
      "val_min": null, 
      "val_default": "", 
      "answer_type": "checkbox", 
      "eng_tooltip": "", 
      "val_max": null
    }
  }, 
  {
    "pk": 70, 
    "model": "gwst_app.interviewquestion", 
    "fields": {
      "all_resources": false, 
      "code": "num_trips", 
      "layout": "horizontal", 
      "eng_text": "Please estimate how many recreational fishing dive/shore picking trips you took last year (2010)", 
      "int_group": 6, 
      "question_set": null, 
      "display_order": 10.0, 
      "required": true, 
      "question_group": null, 
      "options": [], 
      "val_min": 0.0, 
      "val_default": "", 
      "answer_type": "integer", 
      "eng_tooltip": "Number of times you went to the coast to dive or shore pick", 
      "val_max": null
    }
  }, 
  {
    "pk": 71, 
    "model": "gwst_app.interviewquestion", 
    "fields": {
      "all_resources": false, 
      "code": "tot_expend", 
      "layout": "horizontal", 
      "eng_text": "Please estimate the amount of your <b>total expenditures <u>last year</u> from consumptive diving/shore picking</b>", 
      "int_group": 6, 
      "question_set": null, 
      "display_order": 20.0, 
      "required": true, 
      "question_group": null, 
      "options": [], 
      "val_min": 0.0, 
      "val_default": "", 
      "answer_type": "money", 
      "eng_tooltip": "In US dollars", 
      "val_max": null
    }
  }, 
  {
    "pk": 72, 
    "model": "gwst_app.interviewquestion", 
    "fields": {
      "all_resources": false, 
      "code": "se_trans", 
      "layout": "horizontal", 
      "eng_text": "Private or public transportation (including gas and parking fees)", 
      "int_group": 6, 
      "question_set": 1, 
      "display_order": 30.0, 
      "required": false, 
      "question_group": "9fa8d1a1-fcb7-11df-b8f8-0016760580f0", 
      "options": [], 
      "val_min": 0.0, 
      "val_default": "0", 
      "answer_type": "percent", 
      "eng_tooltip": "", 
      "val_max": 100.0
    }
  }, 
  {
    "pk": 73, 
    "model": "gwst_app.interviewquestion", 
    "fields": {
      "all_resources": false, 
      "code": "se_food_gr", 
      "layout": "horizontal", 
      "eng_text": "Food and beverages from a store", 
      "int_group": 6, 
      "question_set": 1, 
      "display_order": 40.0, 
      "required": false, 
      "question_group": "9fa8d1a1-fcb7-11df-b8f8-0016760580f0", 
      "options": [], 
      "val_min": 0.0, 
      "val_default": "0", 
      "answer_type": "percent", 
      "eng_tooltip": "", 
      "val_max": 100.0
    }
  }, 
  {
    "pk": 74, 
    "model": "gwst_app.interviewquestion", 
    "fields": {
      "all_resources": false, 
      "code": "se_food_re", 
      "layout": "horizontal", 
      "eng_text": "Food and beverages at a restaurant or bar", 
      "int_group": 6, 
      "question_set": 1, 
      "display_order": 50.0, 
      "required": false, 
      "question_group": "9fa8d1a1-fcb7-11df-b8f8-0016760580f0", 
      "options": [], 
      "val_min": 0.0, 
      "val_default": "0", 
      "answer_type": "percent", 
      "eng_tooltip": "", 
      "val_max": 100.0
    }
  }, 
  {
    "pk": 75, 
    "model": "gwst_app.interviewquestion", 
    "fields": {
      "all_resources": false, 
      "code": "se_lodging", 
      "layout": "horizontal", 
      "eng_text": "Lodging and camping (if you stayed overnight)", 
      "int_group": 6, 
      "question_set": 1, 
      "display_order": 60.0, 
      "required": false, 
      "question_group": "9fa8d1a1-fcb7-11df-b8f8-0016760580f0", 
      "options": [], 
      "val_min": 0.0, 
      "val_default": "0", 
      "answer_type": "percent", 
      "eng_tooltip": "", 
      "val_max": 100.0
    }
  }, 
  {
    "pk": 76, 
    "model": "gwst_app.interviewquestion", 
    "fields": {
      "all_resources": false, 
      "code": "se_eq_rent", 
      "layout": "horizontal", 
      "eng_text": "Dive equipment rental and air fills", 
      "int_group": 6, 
      "question_set": 1, 
      "display_order": 70.0, 
      "required": false, 
      "question_group": "9fa8d1a1-fcb7-11df-b8f8-0016760580f0", 
      "options": [], 
      "val_min": 0.0, 
      "val_default": "0", 
      "answer_type": "percent", 
      "eng_tooltip": "", 
      "val_max": 100.0
    }
  }, 
  {
    "pk": 77, 
    "model": "gwst_app.interviewquestion", 
    "fields": {
      "all_resources": false, 
      "code": "se_eq_purc", 
      "layout": "horizontal", 
      "eng_text": "Dive equipment purchase", 
      "int_group": 6, 
      "question_set": 1, 
      "display_order": 80.0, 
      "required": false, 
      "question_group": "9fa8d1a1-fcb7-11df-b8f8-0016760580f0", 
      "options": [], 
      "val_min": 0.0, 
      "val_default": "0", 
      "answer_type": "percent", 
      "eng_tooltip": "", 
      "val_max": 100.0
    }
  }, 
  {
    "pk": 78, 
    "model": "gwst_app.interviewquestion", 
    "fields": {
      "all_resources": false, 
      "code": "se_b_rent", 
      "layout": "horizontal", 
      "eng_text": "Boat rental", 
      "int_group": 6, 
      "question_set": 1, 
      "display_order": 90.0, 
      "required": false, 
      "question_group": "9fa8d1a1-fcb7-11df-b8f8-0016760580f0", 
      "options": [], 
      "val_min": 0.0, 
      "val_default": "0", 
      "answer_type": "percent", 
      "eng_tooltip": "", 
      "val_max": 100.0
    }
  }, 
  {
    "pk": 79, 
    "model": "gwst_app.interviewquestion", 
    "fields": {
      "all_resources": false, 
      "code": "se_b_purch", 
      "layout": "horizontal", 
      "eng_text": "Boat purchase", 
      "int_group": 6, 
      "question_set": 1, 
      "display_order": 100.0, 
      "required": false, 
      "question_group": "9fa8d1a1-fcb7-11df-b8f8-0016760580f0", 
      "options": [], 
      "val_min": 0.0, 
      "val_default": "0", 
      "answer_type": "percent", 
      "eng_tooltip": "", 
      "val_max": 100.0
    }
  }, 
  {
    "pk": 80, 
    "model": "gwst_app.interviewquestion", 
    "fields": {
      "all_resources": false, 
      "code": "se_b_store", 
      "layout": "horizontal", 
      "eng_text": "Boat storage", 
      "int_group": 6, 
      "question_set": 1, 
      "display_order": 110.0, 
      "required": false, 
      "question_group": "9fa8d1a1-fcb7-11df-b8f8-0016760580f0", 
      "options": [], 
      "val_min": 0.0, 
      "val_default": "0", 
      "answer_type": "percent", 
      "eng_tooltip": "", 
      "val_max": 100.0
    }
  }, 
  {
    "pk": 81, 
    "model": "gwst_app.interviewquestion", 
    "fields": {
      "all_resources": false, 
      "code": "se_b_maint", 
      "layout": "horizontal", 
      "eng_text": "Boat maintenance/expenses", 
      "int_group": 6, 
      "question_set": 1, 
      "display_order": 120.0, 
      "required": false, 
      "question_group": "9fa8d1a1-fcb7-11df-b8f8-0016760580f0", 
      "options": [], 
      "val_min": 0.0, 
      "val_default": "0", 
      "answer_type": "percent", 
      "eng_tooltip": "", 
      "val_max": 100.0
    }
  }, 
  {
    "pk": 82, 
    "model": "gwst_app.interviewquestion", 
    "fields": {
      "all_resources": false, 
      "code": "se_b_fuel", 
      "layout": "horizontal", 
      "eng_text": "Boat fuel", 
      "int_group": 6, 
      "question_set": 1, 
      "display_order": 130.0, 
      "required": false, 
      "question_group": "9fa8d1a1-fcb7-11df-b8f8-0016760580f0", 
      "options": [], 
      "val_min": 0.0, 
      "val_default": "0", 
      "answer_type": "percent", 
      "eng_tooltip": "", 
      "val_max": 100.0
    }
  }, 
  {
    "pk": 83, 
    "model": "gwst_app.interviewquestion", 
    "fields": {
      "all_resources": false, 
      "code": "se_k_rent", 
      "layout": "horizontal", 
      "eng_text": "Kayak rental", 
      "int_group": 6, 
      "question_set": 1, 
      "display_order": 140.0, 
      "required": false, 
      "question_group": "9fa8d1a1-fcb7-11df-b8f8-0016760580f0", 
      "options": [], 
      "val_min": 0.0, 
      "val_default": "0", 
      "answer_type": "percent", 
      "eng_tooltip": "", 
      "val_max": 100.0
    }
  }, 
  {
    "pk": 84, 
    "model": "gwst_app.interviewquestion", 
    "fields": {
      "all_resources": false, 
      "code": "se_k_purch", 
      "layout": "horizontal", 
      "eng_text": "Kayak purchase", 
      "int_group": 6, 
      "question_set": 1, 
      "display_order": 150.0, 
      "required": false, 
      "question_group": "9fa8d1a1-fcb7-11df-b8f8-0016760580f0", 
      "options": [], 
      "val_min": 0.0, 
      "val_default": "0", 
      "answer_type": "percent", 
      "eng_tooltip": "", 
      "val_max": 100.0
    }
  }, 
  {
    "pk": 85, 
    "model": "gwst_app.interviewquestion", 
    "fields": {
      "all_resources": false, 
      "code": "se_ramp", 
      "layout": "horizontal", 
      "eng_text": "Ramp/launch fees", 
      "int_group": 6, 
      "question_set": 1, 
      "display_order": 160.0, 
      "required": false, 
      "question_group": "9fa8d1a1-fcb7-11df-b8f8-0016760580f0", 
      "options": [], 
      "val_min": 0.0, 
      "val_default": "0", 
      "answer_type": "percent", 
      "eng_tooltip": "", 
      "val_max": 100.0
    }
  }, 
  {
    "pk": 86, 
    "model": "gwst_app.interviewquestion", 
    "fields": {
      "all_resources": false, 
      "code": "se_charter", 
      "layout": "horizontal", 
      "eng_text": "Charter fees", 
      "int_group": 6, 
      "question_set": 1, 
      "display_order": 170.0, 
      "required": false, 
      "question_group": "9fa8d1a1-fcb7-11df-b8f8-0016760580f0", 
      "options": [], 
      "val_min": 0.0, 
      "val_default": "0", 
      "answer_type": "percent", 
      "eng_tooltip": "", 
      "val_max": 100.0
    }
  }, 
  {
    "pk": 87, 
    "model": "gwst_app.interviewquestion", 
    "fields": {
      "all_resources": false, 
      "code": "se_license", 
      "layout": "horizontal", 
      "eng_text": "Fishing license fee", 
      "int_group": 6, 
      "question_set": 1, 
      "display_order": 180.0, 
      "required": false, 
      "question_group": "9fa8d1a1-fcb7-11df-b8f8-0016760580f0", 
      "options": [], 
      "val_min": 0.0, 
      "val_default": "0", 
      "answer_type": "percent", 
      "eng_tooltip": "", 
      "val_max": 100.0
    }
  }, 
  {
    "pk": 88, 
    "model": "gwst_app.interviewquestion", 
    "fields": {
      "all_resources": false, 
      "code": "se_misc", 
      "layout": "horizontal", 
      "eng_text": "Miscellaneous (sundries, ice, etc.)", 
      "int_group": 6, 
      "question_set": 1, 
      "display_order": 190.0, 
      "required": false, 
      "question_group": "9fa8d1a1-fcb7-11df-b8f8-0016760580f0", 
      "options": [], 
      "val_min": 0.0, 
      "val_default": "0", 
      "answer_type": "percent", 
      "eng_tooltip": "", 
      "val_max": 100.0
    }
  }, 
  {
    "pk": 65, 
    "model": "gwst_app.interviewquestion", 
    "fields": {
      "all_resources": false, 
      "code": "gender", 
      "layout": "horizontal", 
      "eng_text": "Gender", 
      "int_group": 7, 
      "question_set": null, 
      "display_order": 10.0, 
      "required": false, 
      "question_group": null, 
      "options": [
        "a20", 
        "a4", 
        "a5"
      ], 
      "val_min": null, 
      "val_default": "", 
      "answer_type": "select", 
      "eng_tooltip": "", 
      "val_max": null
    }
  }, 
  {
    "pk": 66, 
    "model": "gwst_app.interviewquestion", 
    "fields": {
      "all_resources": false, 
      "code": "age", 
      "layout": "horizontal", 
      "eng_text": "Age", 
      "int_group": 7, 
      "question_set": null, 
      "display_order": 20.0, 
      "required": false, 
      "question_group": null, 
      "options": [], 
      "val_min": 0.0, 
      "val_default": "", 
      "answer_type": "integer", 
      "eng_tooltip": "", 
      "val_max": 100.0
    }
  }, 
  {
    "pk": 67, 
    "model": "gwst_app.interviewquestion", 
    "fields": {
      "all_resources": false, 
      "code": "race", 
      "layout": "horizontal", 
      "eng_text": "Race", 
      "int_group": 7, 
      "question_set": null, 
      "display_order": 30.0, 
      "required": false, 
      "question_group": null, 
      "options": [
        "7f891600-fca8-11df-9ccc-0016760580f0", 
        "8560e7b0-fca8-11df-8679-0016760580f0", 
        "8e7e205e-fca8-11df-9c06-0016760580f0", 
        "95612080-fca8-11df-8d3c-0016760580f0", 
        "99b670e1-fca8-11df-aad3-0016760580f0", 
        "9e5a7d80-fca8-11df-9e09-0016760580f0"
      ], 
      "val_min": null, 
      "val_default": "", 
      "answer_type": "select", 
      "eng_tooltip": "", 
      "val_max": null
    }
  }, 
  {
    "pk": 68, 
    "model": "gwst_app.interviewquestion", 
    "fields": {
      "all_resources": false, 
      "code": "education", 
      "layout": "horizontal", 
      "eng_text": "Level of education", 
      "int_group": 7, 
      "question_set": null, 
      "display_order": 40.0, 
      "required": false, 
      "question_group": null, 
      "options": [
        "a5829cf0-fca8-11df-ac4f-0016760580f0", 
        "ad11465e-fca8-11df-a964-0016760580f0", 
        "b29ec89e-fca8-11df-acf7-0016760580f0", 
        "bb4f5ccf-fca8-11df-89c8-0016760580f0", 
        "c1c3958f-fca8-11df-9330-0016760580f0"
      ], 
      "val_min": null, 
      "val_default": "", 
      "answer_type": "select", 
      "eng_tooltip": "", 
      "val_max": null
    }
  }, 
  {
    "pk": 69, 
    "model": "gwst_app.interviewquestion", 
    "fields": {
      "all_resources": false, 
      "code": "income", 
      "layout": "horizontal", 
      "eng_text": "Total household income", 
      "int_group": 7, 
      "question_set": null, 
      "display_order": 50.0, 
      "required": false, 
      "question_group": null, 
      "options": [
        "c8868a8f-fca8-11df-a410-0016760580f0", 
        "d1003040-fca8-11df-9522-0016760580f0", 
        "d85245e1-fca8-11df-b9e9-0016760580f0"
      ], 
      "val_min": null, 
      "val_default": "", 
      "answer_type": "select", 
      "eng_tooltip": "", 
      "val_max": null
    }
  }, 
  {
    "pk": 89, 
    "model": "gwst_app.interviewquestion", 
    "fields": {
      "all_resources": false, 
      "code": "mpa_aware", 
      "layout": null, 
      "eng_text": "I was aware of the MPA closures", 
      "int_group": 8, 
      "question_set": null, 
      "display_order": 10.0, 
      "required": false, 
      "question_group": null, 
      "options": [], 
      "val_min": null, 
      "val_default": "", 
      "answer_type": "boolean", 
      "eng_tooltip": "", 
      "val_max": null
    }
  }, 
  {
    "pk": 90, 
    "model": "gwst_app.interviewquestion", 
    "fields": {
      "all_resources": false, 
      "code": "mpa_i_src", 
      "layout": null, 
      "eng_text": "How you were informed about the closures", 
      "int_group": 8, 
      "question_set": null, 
      "display_order": 20.0, 
      "required": false, 
      "question_group": null, 
      "options": [
        "1003e611-03c0-11e0-9ef0-0016760580f0", 
        "1694ce91-03c0-11e0-bedd-0016760580f0", 
        "1e299280-03c0-11e0-b8cf-0016760580f0", 
        "28496e21-03c0-11e0-850b-0016760580f0", 
        "34117b80-03c0-11e0-8636-0016760580f0", 
        "4aa757c0-03c0-11e0-aab9-0016760580f0", 
        "5080b00f-03c0-11e0-9b66-0016760580f0", 
        "576759b0-03c0-11e0-892e-0016760580f0", 
        "61eb4e4f-03c0-11e0-a2b1-0016760580f0", 
        "698e6a1e-03c0-11e0-9493-0016760580f0", 
        "763b804f-03c0-11e0-9b06-0016760580f0", 
        "7b644d51-03c0-11e0-8b95-0016760580f0"
      ], 
      "val_min": null, 
      "val_default": "", 
      "answer_type": "checkbox", 
      "eng_tooltip": "", 
      "val_max": null
    }
  }, 
  {
    "pk": 91, 
    "model": "gwst_app.interviewquestion", 
    "fields": {
      "all_resources": false, 
      "code": "mpa_specif", 
      "layout": null, 
      "eng_text": "I am aware of specific MPAs", 
      "int_group": 8, 
      "question_set": null, 
      "display_order": 30.0, 
      "required": false, 
      "question_group": null, 
      "options": [], 
      "val_min": null, 
      "val_default": "", 
      "answer_type": "boolean", 
      "eng_tooltip": "", 
      "val_max": null
    }
  }, 
  {
    "pk": 92, 
    "model": "gwst_app.interviewquestion", 
    "fields": {
      "all_resources": false, 
      "code": "mpa_sp_mpa", 
      "layout": null, 
      "eng_text": "I am aware of the following MPAs", 
      "int_group": 8, 
      "question_set": null, 
      "display_order": 40.0, 
      "required": false, 
      "question_group": null, 
      "options": [
        "08db55ae-02f5-11e0-a724-0016760580f0", 
        "0ed136ae-02f5-11e0-b38a-0016760580f0", 
        "17e0dacf-02f5-11e0-a471-0016760580f0", 
        "224a90b0-02f5-11e0-ac67-0016760580f0", 
        "2357b061-02f4-11e0-8de6-0016760580f0", 
        "2d327740-02f5-11e0-98dc-0016760580f0", 
        "2d39718f-02f4-11e0-9eef-0016760580f0", 
        "32e338ee-02f5-11e0-8406-0016760580f0", 
        "3644a8e1-02f4-11e0-8ea5-0016760580f0", 
        "38d45f00-02f5-11e0-8514-0016760580f0", 
        "3f24ffa1-02f4-11e0-8e3c-0016760580f0", 
        "47fe035e-02f4-11e0-a18b-0016760580f0", 
        "52192411-02f4-11e0-99e6-0016760580f0", 
        "5c40048f-02f4-11e0-9294-0016760580f0", 
        "61b543de-02f4-11e0-9663-0016760580f0", 
        "68606b1e-02f4-11e0-989a-0016760580f0", 
        "701401b0-02f4-11e0-8676-0016760580f0", 
        "76ba46f0-02f4-11e0-9764-0016760580f0", 
        "7e53c5d1-02f4-11e0-a40f-0016760580f0", 
        "8feb4070-02f4-11e0-af72-0016760580f0", 
        "97bdf7c0-02f4-11e0-a7bf-0016760580f0", 
        "9f360bee-02f4-11e0-8843-0016760580f0", 
        "a6289c70-02f4-11e0-91ab-0016760580f0", 
        "b4362d00-02f4-11e0-8bd8-0016760580f0", 
        "ba785940-02f4-11e0-8f0a-0016760580f0", 
        "c0078930-02f4-11e0-91ef-0016760580f0", 
        "d393cef0-02f4-11e0-8eb1-0016760580f0", 
        "db9892c0-02f4-11e0-9dd5-0016760580f0", 
        "e6877e30-02f4-11e0-acf4-0016760580f0", 
        "ede7c4a1-02f4-11e0-bcec-0016760580f0", 
        "fe1c05c0-02f4-11e0-b00e-0016760580f0"
      ], 
      "val_min": null, 
      "val_default": "", 
      "answer_type": "checkbox", 
      "eng_tooltip": "", 
      "val_max": null
    }
  }
]