[
  {
    "pk": "a2", 
    "model": "gwst_app.region", 
    "fields": {
      "s_bound": 5170000.0, 
      "code": "ORCC", 
      "name": "Oregon Central Coast", 
      "n_bound": 5850000.0, 
      "w_bound": -14500000.0, 
      "e_bound": -13500000.0
    }
  }, 
  {
    "pk": "a1", 
    "model": "gwst_app.region", 
    "fields": {
      "s_bound": 4510000.0, 
      "code": "NCCA", 
      "name": "California North Coast", 
      "n_bound": 5230000.0, 
      "w_bound": -14400000.0, 
      "e_bound": -13300000.0
    }
  }, 
  {
    "pk": "26", 
    "model": "gwst_app.resource", 
    "fields": {
      "shape_color": "FFFF00", 
      "select_description": "", 
      "code": "chr_div", 
      "name": "diving"
    }
  }, 
  {
    "pk": "27", 
    "model": "gwst_app.resource", 
    "fields": {
      "shape_color": "FFFF00", 
      "select_description": "", 
      "code": "chr_wha", 
      "name": "whale watching"
    }
  }, 
  {
    "pk": "28", 
    "model": "gwst_app.resource", 
    "fields": {
      "shape_color": "FFFF00", 
      "select_description": "", 
      "code": "bird_watch", 
      "name": "bird watching"
    }
  }, 
  {
    "pk": "29", 
    "model": "gwst_app.resource", 
    "fields": {
      "shape_color": "FFFF00", 
      "select_description": "", 
      "code": "mammal_vie", 
      "name": "marine mammal viewing"
    }
  }, 
  {
    "pk": "30", 
    "model": "gwst_app.resource", 
    "fields": {
      "shape_color": "FFFF00", 
      "select_description": "", 
      "code": "leisure", 
      "name": "leisure cruise"
    }
  }, 
  {
    "pk": "31", 
    "model": "gwst_app.resource", 
    "fields": {
      "shape_color": "FFFF00", 
      "select_description": "", 
      "code": "glass_bott", 
      "name": "glass bottom boat"
    }
  }, 
  {
    "pk": "4e853961-fc19-11df-8bf7-0016760580f0", 
    "model": "gwst_app.resource", 
    "fields": {
      "shape_color": "FFFF00", 
      "select_description": "", 
      "code": "div_abalon", 
      "name": "Abalone - Dive"
    }
  }, 
  {
    "pk": "68e2f30f-fc19-11df-a0c1-0016760580f0", 
    "model": "gwst_app.resource", 
    "fields": {
      "shape_color": "FFFF00", 
      "select_description": "", 
      "code": "shr_abalon", 
      "name": "Abalone - Shore Picking"
    }
  }, 
  {
    "pk": "7e80b3b0-fc19-11df-8746-0016760580f0", 
    "model": "gwst_app.resource", 
    "fields": {
      "shape_color": "FFFF00", 
      "select_description": "", 
      "code": "spr_rckfsh", 
      "name": "Rockfish - Spearfish"
    }
  }, 
  {
    "pk": "8bc6394f-fc19-11df-8c65-0016760580f0", 
    "model": "gwst_app.resource", 
    "fields": {
      "shape_color": "FFFF00", 
      "select_description": "", 
      "code": "spr_lngcod", 
      "name": "Lingcod - Spearfish"
    }
  }, 
  {
    "pk": "9741fb70-fc19-11df-bf8d-0016760580f0", 
    "model": "gwst_app.resource", 
    "fields": {
      "shape_color": "FFFF00", 
      "select_description": "", 
      "code": "spr_fltfsh", 
      "name": "Flatfish - Spearfish"
    }
  }, 
  {
    "pk": "a75c4bf0-fc19-11df-8610-0016760580f0", 
    "model": "gwst_app.resource", 
    "fields": {
      "shape_color": "FFFF00", 
      "select_description": "", 
      "code": "spr_calhal", 
      "name": "California Halibut - Spearfish"
    }
  }, 
  {
    "pk": "bdb8c8ae-fc19-11df-9cd1-0016760580f0", 
    "model": "gwst_app.resource", 
    "fields": {
      "shape_color": "FFFF00", 
      "select_description": "", 
      "code": "spr_seabas", 
      "name": "Seabass - Spearfish"
    }
  }, 
  {
    "pk": "d685f74f-fc19-11df-a420-0016760580f0", 
    "model": "gwst_app.resource", 
    "fields": {
      "shape_color": "FFFF00", 
      "select_description": "", 
      "code": "spr_perch", 
      "name": "Surf/Seaperch - Spearfish"
    }
  }, 
  {
    "pk": "ebf1ab70-fc19-11df-864b-0016760580f0", 
    "model": "gwst_app.resource", 
    "fields": {
      "shape_color": "FFFF00", 
      "select_description": "", 
      "code": "div_dcrab", 
      "name": "Dungeness Crab - Dive"
    }
  }, 
  {
    "pk": "08e88691-fc1a-11df-ab34-0016760580f0", 
    "model": "gwst_app.resource", 
    "fields": {
      "shape_color": "FFFF00", 
      "select_description": "", 
      "code": "shr_dcrab", 
      "name": "Dungeness Crab - Shore picking"
    }
  }, 
  {
    "pk": "1b03890f-fc1a-11df-8798-0016760580f0", 
    "model": "gwst_app.resource", 
    "fields": {
      "shape_color": "FFFF00", 
      "select_description": "", 
      "code": "div_scalop", 
      "name": "Scallops - Dive"
    }
  }, 
  {
    "pk": "c0f316b0-fc1a-11df-8ea4-0016760580f0", 
    "model": "gwst_app.resource", 
    "fields": {
      "shape_color": "FFFF00", 
      "select_description": "", 
      "code": "div_urchin", 
      "name": "Sea Urchin - Dive"
    }
  }, 
  {
    "pk": "dc6eea8f-fc1a-11df-8c05-0016760580f0", 
    "model": "gwst_app.resource", 
    "fields": {
      "shape_color": "FFFF00", 
      "select_description": "", 
      "code": "shr_seweed", 
      "name": "Kelp/Seaweed - Shore picking"
    }
  }, 
  {
    "pk": "ec67d05e-fc1a-11df-8852-0016760580f0", 
    "model": "gwst_app.resource", 
    "fields": {
      "shape_color": "FFFF00", 
      "select_description": "", 
      "code": "shr_clams", 
      "name": "Clams - Shore picking"
    }
  }, 
  {
    "pk": "f9eb4961-fc1a-11df-8f56-0016760580f0", 
    "model": "gwst_app.resource", 
    "fields": {
      "shape_color": "FFFF00", 
      "select_description": "", 
      "code": "shr_mussls", 
      "name": "Mussels - Shore picking"
    }
  }, 
  {
    "pk": "084c7830-fc1b-11df-9954-0016760580f0", 
    "model": "gwst_app.resource", 
    "fields": {
      "shape_color": "FFFF00", 
      "select_description": "", 
      "code": "other", 
      "name": "Other"
    }
  }, 
  {
    "pk": 3, 
    "model": "gwst_app.interview", 
    "fields": {
      "code": "non_con", 
      "name": "Oregon Non-Consumptive", 
      "shape_name_plural": "activity areas", 
      "region": "a2", 
      "resource_name_plural": "non-consumptive activities", 
      "draw_shape_text": "", 
      "resource_action": "do", 
      "resource_name": "activity", 
      "shape_name": "activity area", 
      "active": true, 
      "organization": "Ecotrust", 
      "assign_groups_text": "", 
      "group_status_text": "MAIN MENU: There are several groups of questions. You are asked to complete these groups in order. Before moving on to a new group, you must complete and finalize the previous group of questions. You may review or even reopen a 'finalized' group later if you change your mind.  You cannot complete the survey until all required groups of questions are finalized.  You are free to skip any groups that give you the option.", 
      "interview_complete_text": "This survey is now complete.  I you have any questions or concerns, please feel free to contact us at <a href='mailto:fish@ecotrust.org'>fish@ecotrust.org</a>", 
      "description": "Non-Consumptive desktop survey (Intercept)"
    }
  }, 
  {
    "pk": 4, 
    "model": "gwst_app.interview", 
    "fields": {
      "code": "nccm_dive", 
      "name": "North Central CA Dive Monitoring", 
      "shape_name_plural": "target grounds", 
      "region": "a1", 
      "resource_name_plural": "species", 
      "draw_shape_text": "", 
      "resource_action": "target", 
      "resource_name": "species", 
      "shape_name": "target ground", 
      "active": true, 
      "organization": "Ecotrust", 
      "assign_groups_text": "", 
      "group_status_text": "MAIN MENU: There are several groups of questions. You are asked to complete these groups in order. Before moving on to a new group, you must complete and finalize the previous group of questions. You may review or even reopen a 'finalized' group later if you change your mind.  You cannot complete the survey until all required groups of questions are finalized.  You are free to skip any groups that give you the option.", 
      "interview_complete_text": "This survey is now complete.  I you have any questions or concerns, please feel free to contact us at <a href='mailto:fish@ecotrust.org'>fish@ecotrust.org</a>", 
      "description": "Dive desktop survey"
    }
  }, 
  {
    "pk": 1, 
    "model": "gwst_app.interviewgroup", 
    "fields": {
      "shape_color": "FFFFFF", 
      "code": "main", 
      "name": "Main Questions", 
      "is_user_group": false, 
      "required_group": true, 
      "question_width": 200, 
      "select_resource_text": "", 
      "preselect": true, 
      "user_draws_shapes": false, 
      "interview": 3, 
      "member_title": "main", 
      "page_template": "base_form.html", 
      "resources": [], 
      "description": "General Questions"
    }
  }, 
  {
    "pk": 2, 
    "model": "gwst_app.interviewgroup", 
    "fields": {
      "shape_color": "FFFFFF", 
      "code": "ch_own", 
      "name": "Charter Boat Owner", 
      "is_user_group": false, 
      "required_group": false, 
      "question_width": 425, 
      "select_resource_text": "", 
      "preselect": true, 
      "user_draws_shapes": false, 
      "interview": 3, 
      "member_title": "charter boat owner", 
      "page_template": "base_form.html", 
      "resources": [], 
      "description": "Owner Questions"
    }
  }, 
  {
    "pk": 3, 
    "model": "gwst_app.interviewgroup", 
    "fields": {
      "shape_color": "FFFFFF", 
      "code": "ch_op", 
      "name": "Charter Boat Operator", 
      "is_user_group": false, 
      "required_group": true, 
      "question_width": 275, 
      "select_resource_text": "", 
      "preselect": true, 
      "user_draws_shapes": true, 
      "interview": 3, 
      "member_title": "charter boat operator", 
      "page_template": "base_form.html", 
      "resources": [
        "26", 
        "27", 
        "28", 
        "29", 
        "30", 
        "31"
      ], 
      "description": "Operator Questions"
    }
  }, 
  {
    "pk": 4, 
    "model": "gwst_app.interviewgroup", 
    "fields": {
      "shape_color": "FFFFFF", 
      "code": "main", 
      "name": "Main Questions", 
      "is_user_group": false, 
      "required_group": true, 
      "question_width": 200, 
      "select_resource_text": "", 
      "preselect": true, 
      "user_draws_shapes": false, 
      "interview": 4, 
      "member_title": "main", 
      "page_template": "base_form.html", 
      "resources": [], 
      "description": "General Questions"
    }
  }, 
  {
    "pk": 5, 
    "model": "gwst_app.interviewgroup", 
    "fields": {
      "shape_color": "FFFFFF", 
      "code": "harvest", 
      "name": "Harvesting Questions", 
      "is_user_group": true, 
      "required_group": true, 
      "question_width": 425, 
      "select_resource_text": "", 
      "preselect": true, 
      "user_draws_shapes": true, 
      "interview": 4, 
      "member_title": "harvester", 
      "page_template": "base_form.html", 
      "resources": [
        "084c7830-fc1b-11df-9954-0016760580f0", 
        "08e88691-fc1a-11df-ab34-0016760580f0", 
        "1b03890f-fc1a-11df-8798-0016760580f0", 
        "4e853961-fc19-11df-8bf7-0016760580f0", 
        "68e2f30f-fc19-11df-a0c1-0016760580f0", 
        "7e80b3b0-fc19-11df-8746-0016760580f0", 
        "8bc6394f-fc19-11df-8c65-0016760580f0", 
        "9741fb70-fc19-11df-bf8d-0016760580f0", 
        "a75c4bf0-fc19-11df-8610-0016760580f0", 
        "bdb8c8ae-fc19-11df-9cd1-0016760580f0", 
        "c0f316b0-fc1a-11df-8ea4-0016760580f0", 
        "d685f74f-fc19-11df-a420-0016760580f0", 
        "dc6eea8f-fc1a-11df-8c05-0016760580f0", 
        "ebf1ab70-fc19-11df-864b-0016760580f0", 
        "ec67d05e-fc1a-11df-8852-0016760580f0", 
        "f9eb4961-fc1a-11df-8f56-0016760580f0"
      ], 
      "description": "Harvesting Questions"
    }
  }, 
  {
    "pk": 6, 
    "model": "gwst_app.interviewgroup", 
    "fields": {
      "shape_color": "FFFFFF", 
      "code": "soc", 
      "name": "Socio-Economic Questions", 
      "is_user_group": false, 
      "required_group": true, 
      "question_width": 275, 
      "select_resource_text": "", 
      "preselect": true, 
      "user_draws_shapes": false, 
      "interview": 4, 
      "member_title": "person", 
      "page_template": "base_form.html", 
      "resources": [], 
      "description": "Socio-Economic Questions"
    }
  }, 
  {
    "pk": 7, 
    "model": "gwst_app.interviewgroup", 
    "fields": {
      "shape_color": "FFFFFF", 
      "code": "dem", 
      "name": "Demographic Questions", 
      "is_user_group": false, 
      "required_group": true, 
      "question_width": 275, 
      "select_resource_text": "", 
      "preselect": true, 
      "user_draws_shapes": false, 
      "interview": 4, 
      "member_title": "person", 
      "page_template": "base_form.html", 
      "resources": [], 
      "description": "Demographic Questions"
    }
  }, 
  {
    "pk": "a4", 
    "model": "gwst_app.interviewansweroption", 
    "fields": {
      "display_order": 4.0, 
      "eng_text": "Male"
    }
  }, 
  {
    "pk": "a5", 
    "model": "gwst_app.interviewansweroption", 
    "fields": {
      "display_order": 5.0, 
      "eng_text": "Female"
    }
  }, 
  {
    "pk": "a20", 
    "model": "gwst_app.interviewansweroption", 
    "fields": {
      "display_order": 19.0, 
      "eng_text": "Other"
    }
  }, 
  {
    "pk": "a21", 
    "model": "gwst_app.interviewansweroption", 
    "fields": {
      "display_order": 1.0, 
      "eng_text": "Significantly higher"
    }
  }, 
  {
    "pk": "a22", 
    "model": "gwst_app.interviewansweroption", 
    "fields": {
      "display_order": 2.0, 
      "eng_text": "Somewhat higher"
    }
  }, 
  {
    "pk": "a23", 
    "model": "gwst_app.interviewansweroption", 
    "fields": {
      "display_order": 3.0, 
      "eng_text": "Average"
    }
  }, 
  {
    "pk": "a24", 
    "model": "gwst_app.interviewansweroption", 
    "fields": {
      "display_order": 4.0, 
      "eng_text": "Somewhat lower"
    }
  }, 
  {
    "pk": "a25", 
    "model": "gwst_app.interviewansweroption", 
    "fields": {
      "display_order": 5.0, 
      "eng_text": "Significantly lower"
    }
  }, 
  {
    "pk": "a28", 
    "model": "gwst_app.interviewansweroption", 
    "fields": {
      "display_order": 0.0, 
      "eng_text": "Yes"
    }
  }, 
  {
    "pk": "a29", 
    "model": "gwst_app.interviewansweroption", 
    "fields": {
      "display_order": 1.0, 
      "eng_text": "No"
    }
  }, 
  {
    "pk": "347dac00-7b22-11df-94a8-001b210ee9bb", 
    "model": "gwst_app.interviewansweroption", 
    "fields": {
      "display_order": 25.0, 
      "eng_text": "1/4 day"
    }
  }, 
  {
    "pk": "39bbfccf-7b22-11df-9a97-001b210ee9bb", 
    "model": "gwst_app.interviewansweroption", 
    "fields": {
      "display_order": 50.0, 
      "eng_text": "1/2 day"
    }
  }, 
  {
    "pk": "40376180-7b22-11df-8ac7-001b210ee9bb", 
    "model": "gwst_app.interviewansweroption", 
    "fields": {
      "display_order": 75.0, 
      "eng_text": "3/4 day"
    }
  }, 
  {
    "pk": "4610b9cf-7b22-11df-856f-001b210ee9bb", 
    "model": "gwst_app.interviewansweroption", 
    "fields": {
      "display_order": 100.0, 
      "eng_text": "full day"
    }
  }, 
  {
    "pk": "50627ade-7b22-11df-b2b8-001b210ee9bb", 
    "model": "gwst_app.interviewansweroption", 
    "fields": {
      "display_order": 101.0, 
      "eng_text": "> 1 day"
    }
  }, 
  {
    "pk": "a1", 
    "model": "gwst_app.questiongroupvalidator", 
    "fields": {
      "description": "Sum to 100", 
      "param_4": "", 
      "param_1": "100", 
      "param_3": "", 
      "param_2": "", 
      "type": "sum"
    }
  }, 
  {
    "pk": "1a0015a1-7b1f-11df-865d-001b210ee9bb", 
    "model": "gwst_app.questiongroup", 
    "fields": {
      "code": "chr_GER", 
      "eng_text": "%GER - Charter", 
      "validators": [
        "a1"
      ]
    }
  }, 
  {
    "pk": "c5d8e330-8087-11df-a673-001b210ee9bb", 
    "model": "gwst_app.questiongroup", 
    "fields": {
      "code": "co_pctrev", 
      "eng_text": "Charter owner's percentage of gross revenue", 
      "validators": [
        "a1"
      ]
    }
  }, 
  {
    "pk": 1, 
    "model": "gwst_app.interviewquestion", 
    "fields": {
      "all_resources": false, 
      "code": "int_name", 
      "eng_text": "Interviewer's Name(s)", 
      "int_group": 1, 
      "question_set": null, 
      "display_order": 10.0, 
      "required": true, 
      "question_group": null, 
      "options": [], 
      "val_min": null, 
      "val_default": "", 
      "answer_type": "text", 
      "eng_tooltip": "Names of all individuals (field staff) conducting interview", 
      "val_max": null
    }
  }, 
  {
    "pk": 2, 
    "model": "gwst_app.interviewquestion", 
    "fields": {
      "all_resources": false, 
      "code": "op_f_name", 
      "eng_text": "Operator's First Name", 
      "int_group": 1, 
      "question_set": null, 
      "display_order": 20.0, 
      "required": false, 
      "question_group": null, 
      "options": [], 
      "val_min": null, 
      "val_default": "", 
      "answer_type": "text", 
      "eng_tooltip": "First name of Operator", 
      "val_max": null
    }
  }, 
  {
    "pk": 3, 
    "model": "gwst_app.interviewquestion", 
    "fields": {
      "all_resources": false, 
      "code": "op_l_name", 
      "eng_text": "Operator's Last Name", 
      "int_group": 1, 
      "question_set": null, 
      "display_order": 30.0, 
      "required": true, 
      "question_group": null, 
      "options": [], 
      "val_min": null, 
      "val_default": "", 
      "answer_type": "text", 
      "eng_tooltip": "Last Name of Operator", 
      "val_max": null
    }
  }, 
  {
    "pk": 4, 
    "model": "gwst_app.interviewquestion", 
    "fields": {
      "all_resources": false, 
      "code": "mail_ad", 
      "eng_text": "Operator's Mailing Address", 
      "int_group": 1, 
      "question_set": null, 
      "display_order": 40.0, 
      "required": true, 
      "question_group": null, 
      "options": [], 
      "val_min": null, 
      "val_default": "", 
      "answer_type": "text", 
      "eng_tooltip": "Address to which we can send the operator\u2019s  maps for verification", 
      "val_max": null
    }
  }, 
  {
    "pk": 5, 
    "model": "gwst_app.interviewquestion", 
    "fields": {
      "all_resources": false, 
      "code": "op_phone", 
      "eng_text": "Operator's Phone Number", 
      "int_group": 1, 
      "question_set": null, 
      "display_order": 50.0, 
      "required": false, 
      "question_group": null, 
      "options": [], 
      "val_min": null, 
      "val_default": "", 
      "answer_type": "phone", 
      "eng_tooltip": "Phone number where the operator can be reached", 
      "val_max": null
    }
  }, 
  {
    "pk": 6, 
    "model": "gwst_app.interviewquestion", 
    "fields": {
      "all_resources": false, 
      "code": "op_email", 
      "eng_text": "Operator's Email Address", 
      "int_group": 1, 
      "question_set": null, 
      "display_order": 60.0, 
      "required": false, 
      "question_group": null, 
      "options": [], 
      "val_min": null, 
      "val_default": "", 
      "answer_type": "text", 
      "eng_tooltip": "Email address where the operator can be reached", 
      "val_max": null
    }
  }, 
  {
    "pk": 7, 
    "model": "gwst_app.interviewquestion", 
    "fields": {
      "all_resources": false, 
      "code": "op_age", 
      "eng_text": "Operator's Age", 
      "int_group": 1, 
      "question_set": null, 
      "display_order": 70.0, 
      "required": true, 
      "question_group": null, 
      "options": [], 
      "val_min": 12.0, 
      "val_default": "", 
      "answer_type": "integer", 
      "eng_tooltip": "Operator\u2019s age in years", 
      "val_max": 100.0
    }
  }, 
  {
    "pk": 8, 
    "model": "gwst_app.interviewquestion", 
    "fields": {
      "all_resources": false, 
      "code": "op_gender", 
      "eng_text": "Operator's Gender", 
      "int_group": 1, 
      "question_set": null, 
      "display_order": 80.0, 
      "required": true, 
      "question_group": null, 
      "options": [
        "a4", 
        "a5"
      ], 
      "val_min": null, 
      "val_default": "", 
      "answer_type": "select", 
      "eng_tooltip": "", 
      "val_max": null
    }
  }, 
  {
    "pk": 9, 
    "model": "gwst_app.interviewquestion", 
    "fields": {
      "all_resources": false, 
      "code": "ow_op", 
      "eng_text": "Does the owner generally operate the vessel(s)", 
      "int_group": 2, 
      "question_set": 1, 
      "display_order": 10.0, 
      "required": true, 
      "question_group": null, 
      "options": [
        "a28", 
        "a29"
      ], 
      "val_min": null, 
      "val_default": "", 
      "answer_type": "select", 
      "eng_tooltip": "", 
      "val_max": null
    }
  }, 
  {
    "pk": 10, 
    "model": "gwst_app.interviewquestion", 
    "fields": {
      "all_resources": false, 
      "code": "ow_numboat", 
      "eng_text": "Number of charter boats", 
      "int_group": 2, 
      "question_set": 1, 
      "display_order": 20.0, 
      "required": true, 
      "question_group": null, 
      "options": [], 
      "val_min": 1.0, 
      "val_default": "", 
      "answer_type": "integer", 
      "eng_tooltip": "Number of charter boats the operator owns", 
      "val_max": 100.0
    }
  }, 
  {
    "pk": 11, 
    "model": "gwst_app.interviewquestion", 
    "fields": {
      "all_resources": false, 
      "code": "ow_yearown", 
      "eng_text": "Years of ownership", 
      "int_group": 2, 
      "question_set": 1, 
      "display_order": 30.0, 
      "required": true, 
      "question_group": null, 
      "options": [], 
      "val_min": 0.0, 
      "val_default": "", 
      "answer_type": "integer", 
      "eng_tooltip": "Number of years the owner has owned ANY charter boat(s)", 
      "val_max": 100.0
    }
  }, 
  {
    "pk": 12, 
    "model": "gwst_app.interviewquestion", 
    "fields": {
      "all_resources": false, 
      "code": "ow_grosrev", 
      "eng_text": "Average annual gross revenue from all charter trips", 
      "int_group": 2, 
      "question_set": 1, 
      "display_order": 40.0, 
      "required": true, 
      "question_group": null, 
      "options": [], 
      "val_min": 0.0, 
      "val_default": "", 
      "answer_type": "money", 
      "eng_tooltip": "Owner's average annual gross revenue from both consumptive and non-consumptive charter activities ", 
      "val_max": null
    }
  }, 
  {
    "pk": 13, 
    "model": "gwst_app.interviewquestion", 
    "fields": {
      "all_resources": false, 
      "code": "ow_rev00", 
      "eng_text": "Average percentage of gross revenue from WHALE WATCHING", 
      "int_group": 2, 
      "question_set": 2, 
      "display_order": 50.0, 
      "required": false, 
      "question_group": "c5d8e330-8087-11df-a673-001b210ee9bb", 
      "options": [], 
      "val_min": 0.0, 
      "val_default": "0", 
      "answer_type": "percent", 
      "eng_tooltip": "Owner's percentage of annual gross revenue from non-consumptive charter whale watching", 
      "val_max": 100.0
    }
  }, 
  {
    "pk": 36, 
    "model": "gwst_app.interviewquestion", 
    "fields": {
      "all_resources": false, 
      "code": "ow_rev01", 
      "eng_text": "Average percentage of gross revenue from BIRD WATCHING", 
      "int_group": 2, 
      "question_set": 2, 
      "display_order": 51.0, 
      "required": false, 
      "question_group": "c5d8e330-8087-11df-a673-001b210ee9bb", 
      "options": [], 
      "val_min": 0.0, 
      "val_default": "0", 
      "answer_type": "percent", 
      "eng_tooltip": "Operator\u2019s percentage of annual gross revenue from bird watching", 
      "val_max": 100.0
    }
  }, 
  {
    "pk": 37, 
    "model": "gwst_app.interviewquestion", 
    "fields": {
      "all_resources": false, 
      "code": "ow_rev02", 
      "eng_text": "Average percentage of gross revenue from MARINE MAMMAL VIEWING", 
      "int_group": 2, 
      "question_set": 2, 
      "display_order": 52.0, 
      "required": false, 
      "question_group": "c5d8e330-8087-11df-a673-001b210ee9bb", 
      "options": [], 
      "val_min": 0.0, 
      "val_default": "0", 
      "answer_type": "percent", 
      "eng_tooltip": "Operator\u2019s percentage of annual gross revenue from marine mammal viewing", 
      "val_max": 100.0
    }
  }, 
  {
    "pk": 38, 
    "model": "gwst_app.interviewquestion", 
    "fields": {
      "all_resources": false, 
      "code": "ow_rev03", 
      "eng_text": "Average percentage of gross revenue from LEISURE CRUISING", 
      "int_group": 2, 
      "question_set": 2, 
      "display_order": 53.0, 
      "required": false, 
      "question_group": "c5d8e330-8087-11df-a673-001b210ee9bb", 
      "options": [], 
      "val_min": 0.0, 
      "val_default": "0", 
      "answer_type": "percent", 
      "eng_tooltip": "Operator\u2019s percentage of annual gross revenue from leisure cruising", 
      "val_max": 100.0
    }
  }, 
  {
    "pk": 41, 
    "model": "gwst_app.interviewquestion", 
    "fields": {
      "all_resources": false, 
      "code": "ow_rev04", 
      "eng_text": "Average percentage of gross revenue from GLASS BOTTOM BOATING", 
      "int_group": 2, 
      "question_set": 2, 
      "display_order": 54.0, 
      "required": false, 
      "question_group": "c5d8e330-8087-11df-a673-001b210ee9bb", 
      "options": [], 
      "val_min": 0.0, 
      "val_default": "0", 
      "answer_type": "percent", 
      "eng_tooltip": "Operator\u2019s percentage of annual gross revenue from glass bottom boat cruises", 
      "val_max": 100.0
    }
  }, 
  {
    "pk": 40, 
    "model": "gwst_app.interviewquestion", 
    "fields": {
      "all_resources": false, 
      "code": "ow_rev05", 
      "eng_text": "Average percentage of gross revenue from DIVING", 
      "int_group": 2, 
      "question_set": 2, 
      "display_order": 55.0, 
      "required": false, 
      "question_group": "c5d8e330-8087-11df-a673-001b210ee9bb", 
      "options": [], 
      "val_min": 0.0, 
      "val_default": "0", 
      "answer_type": "percent", 
      "eng_tooltip": "Operator\u2019s percentage of annual gross revenue from diving", 
      "val_max": 100.0
    }
  }, 
  {
    "pk": 34, 
    "model": "gwst_app.interviewquestion", 
    "fields": {
      "all_resources": false, 
      "code": "ow_rev06", 
      "eng_text": "Average percentage of gross revenue from FISHING", 
      "int_group": 2, 
      "question_set": 2, 
      "display_order": 56.0, 
      "required": false, 
      "question_group": "c5d8e330-8087-11df-a673-001b210ee9bb", 
      "options": [], 
      "val_min": 0.0, 
      "val_default": "0", 
      "answer_type": "percent", 
      "eng_tooltip": "Operator\u2019s percentage of annual gross revenue from consumptive charter activities like fishing", 
      "val_max": 100.0
    }
  }, 
  {
    "pk": 45, 
    "model": "gwst_app.interviewquestion", 
    "fields": {
      "all_resources": false, 
      "code": "ow_rev07", 
      "eng_text": "Average percentage of gross revenue from COMBO: Whale Watching + Marine Mammal Viewing + Bird Watching", 
      "int_group": 2, 
      "question_set": 2, 
      "display_order": 60.0, 
      "required": false, 
      "question_group": "c5d8e330-8087-11df-a673-001b210ee9bb", 
      "options": [], 
      "val_min": 0.0, 
      "val_default": "0", 
      "answer_type": "percent", 
      "eng_tooltip": "Operator\u2019s percentage of annual gross revenue from COMBO 1", 
      "val_max": 100.0
    }
  }, 
  {
    "pk": 46, 
    "model": "gwst_app.interviewquestion", 
    "fields": {
      "all_resources": false, 
      "code": "ow_rev08", 
      "eng_text": "Average percentage of gross revenue from COMBO:  Marine Mammal Viewing + Bird Watching", 
      "int_group": 2, 
      "question_set": 2, 
      "display_order": 70.0, 
      "required": false, 
      "question_group": "c5d8e330-8087-11df-a673-001b210ee9bb", 
      "options": [], 
      "val_min": 0.0, 
      "val_default": "0", 
      "answer_type": "percent", 
      "eng_tooltip": "Operator\u2019s percentage of annual gross revenue from COMBO 2", 
      "val_max": 100.0
    }
  }, 
  {
    "pk": 47, 
    "model": "gwst_app.interviewquestion", 
    "fields": {
      "all_resources": false, 
      "code": "ow_rev09", 
      "eng_text": "Average percentage of gross revenue from COMBO: Whale Watching + Marine Mammal Viewing", 
      "int_group": 2, 
      "question_set": 2, 
      "display_order": 80.0, 
      "required": false, 
      "question_group": "c5d8e330-8087-11df-a673-001b210ee9bb", 
      "options": [], 
      "val_min": 0.0, 
      "val_default": "0", 
      "answer_type": "percent", 
      "eng_tooltip": "Operator\u2019s percentage of annual gross revenue from COMBO 3", 
      "val_max": 100.0
    }
  }, 
  {
    "pk": 48, 
    "model": "gwst_app.interviewquestion", 
    "fields": {
      "all_resources": false, 
      "code": "ow_rev10", 
      "eng_text": "Average percentage of gross revenue from COMBO: Whale Watching + Bird Watching", 
      "int_group": 2, 
      "question_set": 2, 
      "display_order": 90.0, 
      "required": false, 
      "question_group": "c5d8e330-8087-11df-a673-001b210ee9bb", 
      "options": [], 
      "val_min": 0.0, 
      "val_default": "0", 
      "answer_type": "percent", 
      "eng_tooltip": "Operator\u2019s percentage of annual gross revenue from COMBO 4", 
      "val_max": 100.0
    }
  }, 
  {
    "pk": 49, 
    "model": "gwst_app.interviewquestion", 
    "fields": {
      "all_resources": false, 
      "code": "ow_revoth1", 
      "eng_text": "Average percentage of gross revenue from OTHER 1", 
      "int_group": 2, 
      "question_set": 2, 
      "display_order": 100.0, 
      "required": false, 
      "question_group": "c5d8e330-8087-11df-a673-001b210ee9bb", 
      "options": [], 
      "val_min": 0.0, 
      "val_default": "0", 
      "answer_type": "percent", 
      "eng_tooltip": "Operator\u2019s percentage of annual gross revenue from other non-consumptive activities", 
      "val_max": 100.0
    }
  }, 
  {
    "pk": 50, 
    "model": "gwst_app.interviewquestion", 
    "fields": {
      "all_resources": false, 
      "code": "ow_txtoth1", 
      "eng_text": "Please specify what OTHER 1 is", 
      "int_group": 2, 
      "question_set": 2, 
      "display_order": 105.0, 
      "required": false, 
      "question_group": null, 
      "options": [], 
      "val_min": null, 
      "val_default": "", 
      "answer_type": "text", 
      "eng_tooltip": "If you draw revenue from something other than those sources listed above, what is it?", 
      "val_max": null
    }
  }, 
  {
    "pk": 51, 
    "model": "gwst_app.interviewquestion", 
    "fields": {
      "all_resources": false, 
      "code": "ow_revoth2", 
      "eng_text": "Average percentage of gross revenue from OTHER 2", 
      "int_group": 2, 
      "question_set": 2, 
      "display_order": 110.0, 
      "required": false, 
      "question_group": "c5d8e330-8087-11df-a673-001b210ee9bb", 
      "options": [], 
      "val_min": 0.0, 
      "val_default": "0", 
      "answer_type": "percent", 
      "eng_tooltip": "Operator\u2019s percentage of annual gross revenue from other non-consumptive activities", 
      "val_max": 100.0
    }
  }, 
  {
    "pk": 52, 
    "model": "gwst_app.interviewquestion", 
    "fields": {
      "all_resources": false, 
      "code": "ow_txtoth2", 
      "eng_text": "Please specify what OTHER 2 is", 
      "int_group": 2, 
      "question_set": 2, 
      "display_order": 115.0, 
      "required": false, 
      "question_group": null, 
      "options": [], 
      "val_min": null, 
      "val_default": "", 
      "answer_type": "text", 
      "eng_tooltip": "If you draw revenue from something other than those sources listed above, what is it?", 
      "val_max": null
    }
  }, 
  {
    "pk": 39, 
    "model": "gwst_app.interviewquestion", 
    "fields": {
      "all_resources": false, 
      "code": "ow_revoth3", 
      "eng_text": "Average percentage of gross revenue from OTHER 3", 
      "int_group": 2, 
      "question_set": 2, 
      "display_order": 120.0, 
      "required": false, 
      "question_group": "c5d8e330-8087-11df-a673-001b210ee9bb", 
      "options": [], 
      "val_min": 0.0, 
      "val_default": "0", 
      "answer_type": "percent", 
      "eng_tooltip": "Operator\u2019s percentage of annual gross revenue from other non-consumptive activities", 
      "val_max": 100.0
    }
  }, 
  {
    "pk": 53, 
    "model": "gwst_app.interviewquestion", 
    "fields": {
      "all_resources": false, 
      "code": "ow_txtoth3", 
      "eng_text": "Please specify what OTHER 3 is", 
      "int_group": 2, 
      "question_set": 2, 
      "display_order": 125.0, 
      "required": false, 
      "question_group": null, 
      "options": [], 
      "val_min": null, 
      "val_default": "", 
      "answer_type": "text", 
      "eng_tooltip": "If you draw revenue from something other than those sources listed above, what is it?", 
      "val_max": null
    }
  }, 
  {
    "pk": 35, 
    "model": "gwst_app.interviewquestion", 
    "fields": {
      "all_resources": false, 
      "code": "ow_p_rev_t", 
      "eng_text": "Average percentage of gross revenue for total annual operating costs ", 
      "int_group": 2, 
      "question_set": 3, 
      "display_order": 150.0, 
      "required": true, 
      "question_group": null, 
      "options": [], 
      "val_min": 0.0, 
      "val_default": "", 
      "answer_type": "decimal", 
      "eng_tooltip": "Operator\u2019s percentage of annual gross revenue that goes towards both consumptive and non-consumptive operating costs", 
      "val_max": 100.0
    }
  }, 
  {
    "pk": 14, 
    "model": "gwst_app.interviewquestion", 
    "fields": {
      "all_resources": false, 
      "code": "ow_pctcst", 
      "eng_text": "Average percentage of total annual operating costs for non-consumptive trips", 
      "int_group": 2, 
      "question_set": 3, 
      "display_order": 160.0, 
      "required": true, 
      "question_group": null, 
      "options": [], 
      "val_min": 0.0, 
      "val_default": "", 
      "answer_type": "decimal", 
      "eng_tooltip": "What percent of total annual operating costs goes towards non-consumptive trips", 
      "val_max": 100.0
    }
  }, 
  {
    "pk": 15, 
    "model": "gwst_app.interviewquestion", 
    "fields": {
      "all_resources": false, 
      "code": "ow_crew", 
      "eng_text": "Average percentage of NON-CONSUMPTIVE operating costs for: crew/labor", 
      "int_group": 2, 
      "question_set": 3, 
      "display_order": 170.0, 
      "required": true, 
      "question_group": null, 
      "options": [], 
      "val_min": 0.0, 
      "val_default": "", 
      "answer_type": "decimal", 
      "eng_tooltip": "What percent of total non-consumptive annual operating costs goes towards crew/labor ", 
      "val_max": 100.0
    }
  }, 
  {
    "pk": 16, 
    "model": "gwst_app.interviewquestion", 
    "fields": {
      "all_resources": false, 
      "code": "ow_fuel", 
      "eng_text": "Average percentage of NON-CONSUMPTIVE operating costs for: fuel", 
      "int_group": 2, 
      "question_set": 3, 
      "display_order": 180.0, 
      "required": true, 
      "question_group": null, 
      "options": [], 
      "val_min": 0.0, 
      "val_default": "", 
      "answer_type": "decimal", 
      "eng_tooltip": "What percent of total non-consumptive annual operating costs goes towards fuel", 
      "val_max": 100.0
    }
  }, 
  {
    "pk": 19, 
    "model": "gwst_app.interviewquestion", 
    "fields": {
      "all_resources": false, 
      "code": "ow_crewnon", 
      "eng_text": "Average number of crew used for NON-CONSUMPTIVE trips", 
      "int_group": 2, 
      "question_set": 3, 
      "display_order": 190.0, 
      "required": true, 
      "question_group": null, 
      "options": [], 
      "val_min": 0.0, 
      "val_default": "", 
      "answer_type": "integer", 
      "eng_tooltip": "Average number of paid crew members present on non-consumptive trips", 
      "val_max": null
    }
  }, 
  {
    "pk": 20, 
    "model": "gwst_app.interviewquestion", 
    "fields": {
      "all_resources": false, 
      "code": "ow_crewcon", 
      "eng_text": "Average number of crew used for CONSUMPTIVE trips", 
      "int_group": 2, 
      "question_set": 3, 
      "display_order": 200.0, 
      "required": true, 
      "question_group": null, 
      "options": [], 
      "val_min": 0.0, 
      "val_default": "", 
      "answer_type": "integer", 
      "eng_tooltip": "Average number of paid crew members present on consumptive fishing trips", 
      "val_max": null
    }
  }, 
  {
    "pk": 44, 
    "model": "gwst_app.interviewquestion", 
    "fields": {
      "all_resources": false, 
      "code": "ow_ncratio", 
      "eng_text": "How has the ratio of your non-consumptive/consumptive income changed over the last 5 years", 
      "int_group": 2, 
      "question_set": 3, 
      "display_order": 210.0, 
      "required": true, 
      "question_group": null, 
      "options": [], 
      "val_min": null, 
      "val_default": "", 
      "answer_type": "textarea", 
      "eng_tooltip": "", 
      "val_max": null
    }
  }, 
  {
    "pk": 21, 
    "model": "gwst_app.interviewquestion", 
    "fields": {
      "all_resources": false, 
      "code": "op_inchrtr", 
      "eng_text": "Percentage personal income from overall charter boat operations", 
      "int_group": 3, 
      "question_set": null, 
      "display_order": 10.0, 
      "required": true, 
      "question_group": null, 
      "options": [], 
      "val_min": 0.0, 
      "val_default": "", 
      "answer_type": "decimal", 
      "eng_tooltip": "The percentage of the operator\u2019s total income that is derived from consumptive and non-consumptive charter boat operation", 
      "val_max": 100.0
    }
  }, 
  {
    "pk": 31, 
    "model": "gwst_app.interviewquestion", 
    "fields": {
      "all_resources": true, 
      "code": "ac_pcttrip", 
      "eng_text": "Percentage of annual trips", 
      "int_group": 3, 
      "question_set": null, 
      "display_order": 10.0, 
      "required": false, 
      "question_group": null, 
      "options": [], 
      "val_min": 0.0, 
      "val_default": "", 
      "answer_type": "decimal", 
      "eng_tooltip": "Percentage of annual trips conducted as this type of trip ", 
      "val_max": 100.0
    }
  }, 
  {
    "pk": 22, 
    "model": "gwst_app.interviewquestion", 
    "fields": {
      "all_resources": false, 
      "code": "op_inc_non", 
      "eng_text": "Percentage charter operation income from non-consumptive activities", 
      "int_group": 3, 
      "question_set": null, 
      "display_order": 20.0, 
      "required": true, 
      "question_group": null, 
      "options": [], 
      "val_min": 0.0, 
      "val_default": "", 
      "answer_type": "decimal", 
      "eng_tooltip": "The percentage of the operator\u2019s charter income that is derived from non-consumptive activities", 
      "val_max": 100.0
    }
  }, 
  {
    "pk": 32, 
    "model": "gwst_app.interviewquestion", 
    "fields": {
      "all_resources": true, 
      "code": "ac_triplen", 
      "eng_text": "Trip length", 
      "int_group": 3, 
      "question_set": null, 
      "display_order": 20.0, 
      "required": false, 
      "question_group": null, 
      "options": [
        "347dac00-7b22-11df-94a8-001b210ee9bb", 
        "39bbfccf-7b22-11df-9a97-001b210ee9bb", 
        "40376180-7b22-11df-8ac7-001b210ee9bb", 
        "4610b9cf-7b22-11df-856f-001b210ee9bb", 
        "50627ade-7b22-11df-b2b8-001b210ee9bb"
      ], 
      "val_min": null, 
      "val_default": "", 
      "answer_type": "select", 
      "eng_tooltip": "Average time taken for each trip", 
      "val_max": null
    }
  }, 
  {
    "pk": 27, 
    "model": "gwst_app.interviewquestion", 
    "fields": {
      "all_resources": false, 
      "code": "op_numboat", 
      "eng_text": "Number of charter boats operated", 
      "int_group": 3, 
      "question_set": null, 
      "display_order": 25.0, 
      "required": true, 
      "question_group": null, 
      "options": [], 
      "val_min": 0.0, 
      "val_default": "", 
      "answer_type": "integer", 
      "eng_tooltip": "Number of charter boats the individual operates", 
      "val_max": 100.0
    }
  }, 
  {
    "pk": 24, 
    "model": "gwst_app.interviewquestion", 
    "fields": {
      "all_resources": false, 
      "code": "op_v_name", 
      "eng_text": "Vessel name(s)", 
      "int_group": 3, 
      "question_set": null, 
      "display_order": 27.0, 
      "required": true, 
      "question_group": null, 
      "options": [], 
      "val_min": null, 
      "val_default": "", 
      "answer_type": "text", 
      "eng_tooltip": "Name of the vessel(s)", 
      "val_max": null
    }
  }, 
  {
    "pk": 23, 
    "model": "gwst_app.interviewquestion", 
    "fields": {
      "all_resources": false, 
      "code": "op_doc_num", 
      "eng_text": "Vessel document number(s)", 
      "int_group": 3, 
      "question_set": null, 
      "display_order": 30.0, 
      "required": false, 
      "question_group": null, 
      "options": [], 
      "val_min": null, 
      "val_default": "", 
      "answer_type": "text", 
      "eng_tooltip": "5-7 character alphanumeric code", 
      "val_max": null
    }
  }, 
  {
    "pk": 33, 
    "model": "gwst_app.interviewquestion", 
    "fields": {
      "all_resources": true, 
      "code": "ac_cost", 
      "eng_text": "Average cost to passenger per trip", 
      "int_group": 3, 
      "question_set": null, 
      "display_order": 30.0, 
      "required": false, 
      "question_group": null, 
      "options": [], 
      "val_min": 0.0, 
      "val_default": "", 
      "answer_type": "decimal", 
      "eng_tooltip": "How much do you charge for a trip for this particular activity", 
      "val_max": null
    }
  }, 
  {
    "pk": 25, 
    "model": "gwst_app.interviewquestion", 
    "fields": {
      "all_resources": false, 
      "code": "op_v_leng", 
      "eng_text": "Vessel length(s) (feet)", 
      "int_group": 3, 
      "question_set": null, 
      "display_order": 32.0, 
      "required": true, 
      "question_group": null, 
      "options": [], 
      "val_min": 6.0, 
      "val_default": "", 
      "answer_type": "text", 
      "eng_tooltip": "Length of the vessel in feet ", 
      "val_max": null
    }
  }, 
  {
    "pk": 26, 
    "model": "gwst_app.interviewquestion", 
    "fields": {
      "all_resources": false, 
      "code": "op_hm_port", 
      "eng_text": "Home port", 
      "int_group": 3, 
      "question_set": null, 
      "display_order": 60.0, 
      "required": true, 
      "question_group": null, 
      "options": [], 
      "val_min": null, 
      "val_default": "", 
      "answer_type": "text", 
      "eng_tooltip": "Where the operator docks or moorages", 
      "val_max": null
    }
  }, 
  {
    "pk": 28, 
    "model": "gwst_app.interviewquestion", 
    "fields": {
      "all_resources": false, 
      "code": "op_yearsop", 
      "eng_text": "Years operating charter boats", 
      "int_group": 3, 
      "question_set": null, 
      "display_order": 80.0, 
      "required": true, 
      "question_group": null, 
      "options": [], 
      "val_min": 0.0, 
      "val_default": "", 
      "answer_type": "integer", 
      "eng_tooltip": "Number of years the individual has operated charter boats", 
      "val_max": 100.0
    }
  }, 
  {
    "pk": 29, 
    "model": "gwst_app.interviewquestion", 
    "fields": {
      "all_resources": false, 
      "code": "op_avgdays", 
      "eng_text": "Average number of days operating non-consumptive charter boat trips per year", 
      "int_group": 3, 
      "question_set": null, 
      "display_order": 90.0, 
      "required": true, 
      "question_group": null, 
      "options": [], 
      "val_min": 0.0, 
      "val_default": "", 
      "answer_type": "integer", 
      "eng_tooltip": "Average number of days the operator spends operating a non-consumptive charter trip each year", 
      "val_max": 365.0
    }
  }, 
  {
    "pk": 30, 
    "model": "gwst_app.interviewquestion", 
    "fields": {
      "all_resources": false, 
      "code": "op_numpass", 
      "eng_text": "Average number of passengers on a boat per NON-CONSUMPTIVE trip", 
      "int_group": 3, 
      "question_set": null, 
      "display_order": 100.0, 
      "required": true, 
      "question_group": null, 
      "options": [], 
      "val_min": 0.0, 
      "val_default": "", 
      "answer_type": "integer", 
      "eng_tooltip": "Average number of passengers on the charter boat during each non-consumptive trip", 
      "val_max": 200.0
    }
  }, 
  {
    "pk": 42, 
    "model": "gwst_app.interviewquestion", 
    "fields": {
      "all_resources": false, 
      "code": "op_cap_max", 
      "eng_text": "Maximum capacity of passengers on the boat", 
      "int_group": 3, 
      "question_set": null, 
      "display_order": 110.0, 
      "required": true, 
      "question_group": null, 
      "options": [], 
      "val_min": 0.0, 
      "val_default": "", 
      "answer_type": "integer", 
      "eng_tooltip": "", 
      "val_max": null
    }
  }, 
  {
    "pk": 54, 
    "model": "gwst_app.interviewquestion", 
    "fields": {
      "all_resources": false, 
      "code": "f_name", 
      "eng_text": "First Name", 
      "int_group": 4, 
      "question_set": null, 
      "display_order": 10.0, 
      "required": true, 
      "question_group": null, 
      "options": [], 
      "val_min": null, 
      "val_default": "", 
      "answer_type": "text", 
      "eng_tooltip": "Interviewee's first name", 
      "val_max": null
    }
  }, 
  {
    "pk": 55, 
    "model": "gwst_app.interviewquestion", 
    "fields": {
      "all_resources": false, 
      "code": "l_name", 
      "eng_text": "Last Name", 
      "int_group": 4, 
      "question_set": null, 
      "display_order": 20.0, 
      "required": true, 
      "question_group": null, 
      "options": [], 
      "val_min": null, 
      "val_default": "", 
      "answer_type": "text", 
      "eng_tooltip": "Interviewee's last name", 
      "val_max": null
    }
  }, 
  {
    "pk": 56, 
    "model": "gwst_app.interviewquestion", 
    "fields": {
      "all_resources": false, 
      "code": "address", 
      "eng_text": "Mailing Address", 
      "int_group": 4, 
      "question_set": null, 
      "display_order": 30.0, 
      "required": false, 
      "question_group": null, 
      "options": [], 
      "val_min": null, 
      "val_default": "", 
      "answer_type": "text", 
      "eng_tooltip": "Interviewee's mailing address", 
      "val_max": null
    }
  }, 
  {
    "pk": 57, 
    "model": "gwst_app.interviewquestion", 
    "fields": {
      "all_resources": false, 
      "code": "zip_code", 
      "eng_text": "Zip Code", 
      "int_group": 4, 
      "question_set": null, 
      "display_order": 40.0, 
      "required": false, 
      "question_group": null, 
      "options": [], 
      "val_min": null, 
      "val_default": "", 
      "answer_type": "integer", 
      "eng_tooltip": "Interviewee's zip code", 
      "val_max": null
    }
  }, 
  {
    "pk": 58, 
    "model": "gwst_app.interviewquestion", 
    "fields": {
      "all_resources": false, 
      "code": "email", 
      "eng_text": "Email Address", 
      "int_group": 4, 
      "question_set": null, 
      "display_order": 50.0, 
      "required": false, 
      "question_group": null, 
      "options": [], 
      "val_min": null, 
      "val_default": "", 
      "answer_type": "text", 
      "eng_tooltip": "Interviewee's email address", 
      "val_max": null
    }
  }, 
  {
    "pk": 59, 
    "model": "gwst_app.interviewquestion", 
    "fields": {
      "all_resources": false, 
      "code": "phone", 
      "eng_text": "Phone Number", 
      "int_group": 4, 
      "question_set": null, 
      "display_order": 60.0, 
      "required": true, 
      "question_group": null, 
      "options": [], 
      "val_min": null, 
      "val_default": "", 
      "answer_type": "phone", 
      "eng_tooltip": "Interviewee's phone number", 
      "val_max": null
    }
  }, 
  {
    "pk": 60, 
    "model": "gwst_app.interviewquestion", 
    "fields": {
      "all_resources": false, 
      "code": "yrs_dive", 
      "eng_text": "Number of years that you have been sport diving for fish/shellfish", 
      "int_group": 5, 
      "question_set": null, 
      "display_order": 10.0, 
      "required": true, 
      "question_group": null, 
      "options": [], 
      "val_min": 0.0, 
      "val_default": "", 
      "answer_type": "integer", 
      "eng_tooltip": "Years diving", 
      "val_max": 100.0
    }
  }, 
  {
    "pk": 62, 
    "model": "gwst_app.interviewquestion", 
    "fields": {
      "all_resources": true, 
      "code": "day_specie", 
      "eng_text": "Number of days 'on average' spent diving/shore picking for this species last year (2010)", 
      "int_group": 5, 
      "question_set": null, 
      "display_order": 10.0, 
      "required": true, 
      "question_group": null, 
      "options": [], 
      "val_min": 0.0, 
      "val_default": "", 
      "answer_type": "integer", 
      "eng_tooltip": "", 
      "val_max": 365.0
    }
  }, 
  {
    "pk": 61, 
    "model": "gwst_app.interviewquestion", 
    "fields": {
      "all_resources": false, 
      "code": "yrs_pick", 
      "eng_text": "Number of years that you have been shore picking for shellfish/marine life", 
      "int_group": 5, 
      "question_set": null, 
      "display_order": 20.0, 
      "required": false, 
      "question_group": null, 
      "options": [], 
      "val_min": 0.0, 
      "val_default": "", 
      "answer_type": "integer", 
      "eng_tooltip": "Years picking", 
      "val_max": 100.0
    }
  }, 
  {
    "pk": 63, 
    "model": "gwst_app.interviewquestion", 
    "fields": {
      "all_resources": true, 
      "code": "yrs_specie", 
      "eng_text": "Number of years you have been diving/shore picking for this species", 
      "int_group": 5, 
      "question_set": null, 
      "display_order": 20.0, 
      "required": true, 
      "question_group": null, 
      "options": [], 
      "val_min": 0.0, 
      "val_default": "", 
      "answer_type": "integer", 
      "eng_tooltip": "", 
      "val_max": 100.0
    }
  }, 
  {
    "pk": 64, 
    "model": "gwst_app.interviewquestion", 
    "fields": {
      "all_resources": true, 
      "code": "factor_spc", 
      "eng_text": "Primary factor(s) considered when choosing where to dive/shore pick for this species in the last year (2010)", 
      "int_group": 5, 
      "question_set": null, 
      "display_order": 30.0, 
      "required": false, 
      "question_group": null, 
      "options": [], 
      "val_min": null, 
      "val_default": "", 
      "answer_type": "text", 
      "eng_tooltip": "", 
      "val_max": null
    }
  }
]