[
  {
    "pk": "0e237f80-80a9-11df-9407-001b210ee9bb", 
    "model": "sites.site", 
    "fields": {
      "domain": "example.com", 
      "name": "example.com"
    }
  }, 
  {
    "pk": "d8c8b880-80a0-11df-bbc9-001b210ee9bb", 
    "model": "sites.site", 
    "fields": {
      "domain": "example.com", 
      "name": "example.com"
    }
  }, 
  {
    "pk": "60807c00-80a0-11df-b9d0-001b210ee9bb", 
    "model": "sites.site", 
    "fields": {
      "domain": "example.com", 
      "name": "example.com"
    }
  }, 
  {
    "pk": "e9bbc15e-7fd2-11df-a082-001b210ee9bb", 
    "model": "sites.site", 
    "fields": {
      "domain": "example.com", 
      "name": "example.com"
    }
  }, 
  {
    "pk": "e6502c5e-7afe-11df-aaa3-001b210ee9bb", 
    "model": "sites.site", 
    "fields": {
      "domain": "example.com", 
      "name": "example.com"
    }
  }, 
  {
    "pk": "9f13aa4f-7a51-11df-9ead-001b210ee9bb", 
    "model": "sites.site", 
    "fields": {
      "domain": "example.com", 
      "name": "example.com"
    }
  }, 
  {
    "pk": "56323ad1-7412-11df-abdf-001b210ee9bb", 
    "model": "sites.site", 
    "fields": {
      "domain": "example.com", 
      "name": "example.com"
    }
  }, 
  {
    "pk": "a1", 
    "model": "sites.site", 
    "fields": {
      "domain": "mlpa-nc-rec-survey-dev.ecotrust.org", 
      "name": "mlpa-nc-rec-survey-dev.ecotrust.org"
    }
  }, 
  {
    "pk": "a2", 
    "model": "sites.site", 
    "fields": {
      "domain": "mlpa-nc-rec-survey.ecotrust.org", 
      "name": "mlpa-nc-rec-survey.ecotrust.org"
    }
  }, 
  {
    "pk": "a4", 
    "model": "sites.site", 
    "fields": {
      "domain": "oregonfishing-dev.ecotrust.org", 
      "name": "oregonfishing-dev.ecotrust.org"
    }
  }, 
  {
    "pk": "a5", 
    "model": "sites.site", 
    "fields": {
      "domain": "oregonfishing.ecotrust.org", 
      "name": "oregonfishing.ecotrust.org"
    }
  }, 
  {
    "pk": "a3", 
    "model": "sites.site", 
    "fields": {
      "domain": "spatial-survey-demo.ecotrust.org", 
      "name": "spatial-survey-demo.ecotrust.org"
    }
  }, 
  {
    "pk": "a2", 
    "model": "gwst_app.region", 
    "fields": {
      "s_bound": 5170000.0, 
      "code": "ORCC", 
      "name": "Oregon Central Coast", 
      "n_bound": 5850000.0, 
      "w_bound": -14500000.0, 
      "e_bound": -13500000.0
    }
  }, 
  {
    "pk": "a1", 
    "model": "gwst_app.region", 
    "fields": {
      "s_bound": 4510000.0, 
      "code": "NCCA", 
      "name": "California North Coast", 
      "n_bound": 5230000.0, 
      "w_bound": -14400000.0, 
      "e_bound": -13300000.0
    }
  }, 
  {
    "pk": 26, 
    "model": "gwst_app.resource", 
    "fields": {
      "shape_color": "FFFF00", 
      "select_description": "", 
      "code": "chr_div", 
      "name": "diving"
    }
  }, 
  {
    "pk": 27, 
    "model": "gwst_app.resource", 
    "fields": {
      "shape_color": "FFFF00", 
      "select_description": "", 
      "code": "chr_wha", 
      "name": "whale watching"
    }
  }, 
  {
    "pk": 28, 
    "model": "gwst_app.resource", 
    "fields": {
      "shape_color": "FFFF00", 
      "select_description": "", 
      "code": "bird_watch", 
      "name": "bird watching"
    }
  }, 
  {
    "pk": 29, 
    "model": "gwst_app.resource", 
    "fields": {
      "shape_color": "FFFF00", 
      "select_description": "", 
      "code": "mammal_vie", 
      "name": "marine mammal viewing"
    }
  }, 
  {
    "pk": 30, 
    "model": "gwst_app.resource", 
    "fields": {
      "shape_color": "FFFF00", 
      "select_description": "", 
      "code": "leisure", 
      "name": "leisure cruise"
    }
  }, 
  {
    "pk": 31, 
    "model": "gwst_app.resource", 
    "fields": {
      "shape_color": "FFFF00", 
      "select_description": "", 
      "code": "glass_bott", 
      "name": "glass bottom boat"
    }
  }, 
  {
    "pk": 32, 
    "model": "gwst_app.resource", 
    "fields": {
      "shape_color": "FFFF00", 
      "select_description": "", 
      "code": "other", 
      "name": "other"
    }
  }, 
  {
    "pk": 3, 
    "model": "gwst_app.interview", 
    "fields": {
      "code": "non_con", 
      "name": "Oregon Non-Consumptive", 
      "shape_name_plural": "activity areas", 
      "region": "a2", 
      "resource_name_plural": "activities", 
      "draw_shape_text": "INTERVIEW: DRAW SHAPE TEXT", 
      "resource_action": "do", 
      "resource_name": "activity", 
      "shape_name": "activity area", 
      "active": true, 
      "organization": "Ecotrust", 
      "assign_groups_text": "INTERVIEW: ASSIGN GROUPS TEXT", 
      "group_status_text": "INTERVIEW: GROUP STATUS TEXT", 
      "interview_complete_text": "INTERVIEW: INTERVIEW COMPLETE TEXT", 
      "description": "Non-Consumptive desktop survey (Intercept)"
    }
  }, 
  {
    "pk": 1, 
    "model": "gwst_app.interviewgroup", 
    "fields": {
      "shape_color": "FFFFFF", 
      "code": "main", 
      "name": "Main Questions", 
      "is_user_group": false, 
      "required_group": true, 
      "question_width": 100, 
      "select_resource_text": "", 
      "preselect": true, 
      "user_draws_shapes": false, 
      "interview": 3, 
      "member_title": "main", 
      "page_template": "base_form.html", 
      "resources": [], 
      "description": "General Questions"
    }
  }, 
  {
    "pk": 2, 
    "model": "gwst_app.interviewgroup", 
    "fields": {
      "shape_color": "FFFFFF", 
      "code": "ch_own", 
      "name": "Charter Boat Owner", 
      "is_user_group": false, 
      "required_group": false, 
      "question_width": 425, 
      "select_resource_text": "", 
      "preselect": true, 
      "user_draws_shapes": false, 
      "interview": 3, 
      "member_title": "charter boat owner", 
      "page_template": "base_form.html", 
      "resources": [], 
      "description": "Owner Questions"
    }
  }, 
  {
    "pk": 3, 
    "model": "gwst_app.interviewgroup", 
    "fields": {
      "shape_color": "FFFFFF", 
      "code": "ch_op", 
      "name": "Charter Boat Operator", 
      "is_user_group": false, 
      "required_group": true, 
      "question_width": 275, 
      "select_resource_text": "", 
      "preselect": true, 
      "user_draws_shapes": true, 
      "interview": 3, 
      "member_title": "charter boat operator", 
      "page_template": "base_form.html", 
      "resources": [
        26, 
        27, 
        28, 
        29, 
        30, 
        31, 
        32
      ], 
      "description": "Operator Questions"
    }
  }, 
  {
    "pk": "a4", 
    "model": "gwst_app.interviewansweroption", 
    "fields": {
      "display_order": 4.0, 
      "eng_text": "Male"
    }
  }, 
  {
    "pk": "a5", 
    "model": "gwst_app.interviewansweroption", 
    "fields": {
      "display_order": 5.0, 
      "eng_text": "Female"
    }
  }, 
  {
    "pk": "a20", 
    "model": "gwst_app.interviewansweroption", 
    "fields": {
      "display_order": 19.0, 
      "eng_text": "Other"
    }
  }, 
  {
    "pk": "a21", 
    "model": "gwst_app.interviewansweroption", 
    "fields": {
      "display_order": 1.0, 
      "eng_text": "Significantly higher"
    }
  }, 
  {
    "pk": "a22", 
    "model": "gwst_app.interviewansweroption", 
    "fields": {
      "display_order": 2.0, 
      "eng_text": "Somewhat higher"
    }
  }, 
  {
    "pk": "a23", 
    "model": "gwst_app.interviewansweroption", 
    "fields": {
      "display_order": 3.0, 
      "eng_text": "Average"
    }
  }, 
  {
    "pk": "a24", 
    "model": "gwst_app.interviewansweroption", 
    "fields": {
      "display_order": 4.0, 
      "eng_text": "Somewhat lower"
    }
  }, 
  {
    "pk": "a25", 
    "model": "gwst_app.interviewansweroption", 
    "fields": {
      "display_order": 5.0, 
      "eng_text": "Significantly lower"
    }
  }, 
  {
    "pk": "a28", 
    "model": "gwst_app.interviewansweroption", 
    "fields": {
      "display_order": 0.0, 
      "eng_text": "Yes"
    }
  }, 
  {
    "pk": "a29", 
    "model": "gwst_app.interviewansweroption", 
    "fields": {
      "display_order": 1.0, 
      "eng_text": "No"
    }
  }, 
  {
    "pk": "347dac00-7b22-11df-94a8-001b210ee9bb", 
    "model": "gwst_app.interviewansweroption", 
    "fields": {
      "display_order": 25.0, 
      "eng_text": "1/4 day"
    }
  }, 
  {
    "pk": "39bbfccf-7b22-11df-9a97-001b210ee9bb", 
    "model": "gwst_app.interviewansweroption", 
    "fields": {
      "display_order": 50.0, 
      "eng_text": "1/2 day"
    }
  }, 
  {
    "pk": "40376180-7b22-11df-8ac7-001b210ee9bb", 
    "model": "gwst_app.interviewansweroption", 
    "fields": {
      "display_order": 75.0, 
      "eng_text": "3/4 day"
    }
  }, 
  {
    "pk": "4610b9cf-7b22-11df-856f-001b210ee9bb", 
    "model": "gwst_app.interviewansweroption", 
    "fields": {
      "display_order": 100.0, 
      "eng_text": "full day"
    }
  }, 
  {
    "pk": "50627ade-7b22-11df-b2b8-001b210ee9bb", 
    "model": "gwst_app.interviewansweroption", 
    "fields": {
      "display_order": 101.0, 
      "eng_text": "> 1 day"
    }
  }, 
  {
    "pk": "a1", 
    "model": "gwst_app.questiongroupvalidator", 
    "fields": {
      "description": "Sum to 100", 
      "param_4": "", 
      "param_1": "100", 
      "param_3": "", 
      "param_2": "", 
      "type": "sum"
    }
  }, 
  {
    "pk": "1a0015a1-7b1f-11df-865d-001b210ee9bb", 
    "model": "gwst_app.questiongroup", 
    "fields": {
      "code": "chr_GER", 
      "eng_text": "%GER - Charter", 
      "validators": [
        "a1"
      ]
    }
  }, 
  {
    "pk": "c5d8e330-8087-11df-a673-001b210ee9bb", 
    "model": "gwst_app.questiongroup", 
    "fields": {
      "code": "co_pctrev", 
      "eng_text": "Charter owner's percentage of gross revenue", 
      "validators": [
        "a1"
      ]
    }
  }, 
  {
    "pk": 1, 
    "model": "gwst_app.interviewquestion", 
    "fields": {
      "all_resources": false, 
      "code": "int_name", 
      "eng_text": "Interviewer's Name(s)", 
      "int_group": 1, 
      "question_set": null, 
      "display_order": 10.0, 
      "required": true, 
      "question_group": null, 
      "options": [], 
      "val_min": null, 
      "val_default": "", 
      "answer_type": "text", 
      "eng_tooltip": "Names of all individuals (field staff) conducting interview", 
      "val_max": null
    }
  }, 
  {
    "pk": 2, 
    "model": "gwst_app.interviewquestion", 
    "fields": {
      "all_resources": false, 
      "code": "op_f_name", 
      "eng_text": "Operator's First Name", 
      "int_group": 1, 
      "question_set": null, 
      "display_order": 20.0, 
      "required": false, 
      "question_group": null, 
      "options": [], 
      "val_min": null, 
      "val_default": "", 
      "answer_type": "text", 
      "eng_tooltip": "First name of Operator", 
      "val_max": null
    }
  }, 
  {
    "pk": 3, 
    "model": "gwst_app.interviewquestion", 
    "fields": {
      "all_resources": false, 
      "code": "op_l_name", 
      "eng_text": "Operator's Last Name", 
      "int_group": 1, 
      "question_set": null, 
      "display_order": 30.0, 
      "required": true, 
      "question_group": null, 
      "options": [], 
      "val_min": null, 
      "val_default": "", 
      "answer_type": "text", 
      "eng_tooltip": "Last Name of Operator", 
      "val_max": null
    }
  }, 
  {
    "pk": 4, 
    "model": "gwst_app.interviewquestion", 
    "fields": {
      "all_resources": false, 
      "code": "mail_ad", 
      "eng_text": "Mailing Address", 
      "int_group": 1, 
      "question_set": null, 
      "display_order": 40.0, 
      "required": true, 
      "question_group": null, 
      "options": [], 
      "val_min": null, 
      "val_default": "", 
      "answer_type": "text", 
      "eng_tooltip": "Address to which we can send the operator\u2019s  maps for verification", 
      "val_max": null
    }
  }, 
  {
    "pk": 5, 
    "model": "gwst_app.interviewquestion", 
    "fields": {
      "all_resources": false, 
      "code": "op_phone", 
      "eng_text": "Operator's Phone Number", 
      "int_group": 1, 
      "question_set": null, 
      "display_order": 50.0, 
      "required": false, 
      "question_group": null, 
      "options": [], 
      "val_min": null, 
      "val_default": "", 
      "answer_type": "phone", 
      "eng_tooltip": "Phone number where the operator can be reached", 
      "val_max": null
    }
  }, 
  {
    "pk": 6, 
    "model": "gwst_app.interviewquestion", 
    "fields": {
      "all_resources": false, 
      "code": "op_email", 
      "eng_text": "Operator's Email Address", 
      "int_group": 1, 
      "question_set": null, 
      "display_order": 60.0, 
      "required": false, 
      "question_group": null, 
      "options": [], 
      "val_min": null, 
      "val_default": "", 
      "answer_type": "text", 
      "eng_tooltip": "Email address where the operator can be reached", 
      "val_max": null
    }
  }, 
  {
    "pk": 7, 
    "model": "gwst_app.interviewquestion", 
    "fields": {
      "all_resources": false, 
      "code": "op_age", 
      "eng_text": "Operator's Age", 
      "int_group": 1, 
      "question_set": null, 
      "display_order": 70.0, 
      "required": true, 
      "question_group": null, 
      "options": [], 
      "val_min": 12.0, 
      "val_default": "", 
      "answer_type": "integer", 
      "eng_tooltip": "Operator\u2019s age in years", 
      "val_max": 100.0
    }
  }, 
  {
    "pk": 8, 
    "model": "gwst_app.interviewquestion", 
    "fields": {
      "all_resources": false, 
      "code": "op_gender", 
      "eng_text": "Operator's Gender", 
      "int_group": 1, 
      "question_set": null, 
      "display_order": 80.0, 
      "required": true, 
      "question_group": null, 
      "options": [
        "a4", 
        "a5"
      ], 
      "val_min": null, 
      "val_default": "", 
      "answer_type": "select", 
      "eng_tooltip": "", 
      "val_max": null
    }
  }, 
  {
    "pk": 9, 
    "model": "gwst_app.interviewquestion", 
    "fields": {
      "all_resources": false, 
      "code": "ow_op", 
      "eng_text": "Does the owner generally operate the vessel(s)", 
      "int_group": 2, 
      "question_set": 1, 
      "display_order": 10.0, 
      "required": true, 
      "question_group": null, 
      "options": [
        "a28", 
        "a29"
      ], 
      "val_min": null, 
      "val_default": "", 
      "answer_type": "select", 
      "eng_tooltip": "", 
      "val_max": null
    }
  }, 
  {
    "pk": 10, 
    "model": "gwst_app.interviewquestion", 
    "fields": {
      "all_resources": false, 
      "code": "ow_numboat", 
      "eng_text": "Number of charter boats", 
      "int_group": 2, 
      "question_set": 1, 
      "display_order": 20.0, 
      "required": true, 
      "question_group": null, 
      "options": [], 
      "val_min": 1.0, 
      "val_default": "", 
      "answer_type": "integer", 
      "eng_tooltip": "Number of charter boats the operator owns", 
      "val_max": 100.0
    }
  }, 
  {
    "pk": 11, 
    "model": "gwst_app.interviewquestion", 
    "fields": {
      "all_resources": false, 
      "code": "ow_yearown", 
      "eng_text": "Years of ownership", 
      "int_group": 2, 
      "question_set": 1, 
      "display_order": 30.0, 
      "required": true, 
      "question_group": null, 
      "options": [], 
      "val_min": 0.0, 
      "val_default": "", 
      "answer_type": "integer", 
      "eng_tooltip": "Number of years the owner has owned ANY charter boat(s)", 
      "val_max": 100.0
    }
  }, 
  {
    "pk": 12, 
    "model": "gwst_app.interviewquestion", 
    "fields": {
      "all_resources": false, 
      "code": "ow_grosrev", 
      "eng_text": "Average annual gross revenue", 
      "int_group": 2, 
      "question_set": 1, 
      "display_order": 40.0, 
      "required": true, 
      "question_group": null, 
      "options": [], 
      "val_min": 0.0, 
      "val_default": "", 
      "answer_type": "money", 
      "eng_tooltip": "Owner's average annual gross revenue from both consumptive and non-consumptive charter activities ", 
      "val_max": null
    }
  }, 
  {
    "pk": 13, 
    "model": "gwst_app.interviewquestion", 
    "fields": {
      "all_resources": false, 
      "code": "ow_revpct0", 
      "eng_text": "Percentage of gross revenue from WHALE WATCHING", 
      "int_group": 2, 
      "question_set": 2, 
      "display_order": 50.0, 
      "required": false, 
      "question_group": "c5d8e330-8087-11df-a673-001b210ee9bb", 
      "options": [], 
      "val_min": 0.0, 
      "val_default": "0", 
      "answer_type": "integer", 
      "eng_tooltip": "Owner's percentage of annual gross revenue from non-consumptive charter whale watching", 
      "val_max": 100.0
    }
  }, 
  {
    "pk": 36, 
    "model": "gwst_app.interviewquestion", 
    "fields": {
      "all_resources": false, 
      "code": "ow_revpct1", 
      "eng_text": "Percentage of gross revenue from BIRD WATCHING", 
      "int_group": 2, 
      "question_set": 2, 
      "display_order": 51.0, 
      "required": false, 
      "question_group": "c5d8e330-8087-11df-a673-001b210ee9bb", 
      "options": [], 
      "val_min": 0.0, 
      "val_default": "0", 
      "answer_type": "integer", 
      "eng_tooltip": "Operator\u2019s percentage of annual gross revenue from bird watching", 
      "val_max": 100.0
    }
  }, 
  {
    "pk": 37, 
    "model": "gwst_app.interviewquestion", 
    "fields": {
      "all_resources": false, 
      "code": "ow_revpct2", 
      "eng_text": "Percentage of gross revenue from MARINE MAMMAL VIEWING", 
      "int_group": 2, 
      "question_set": 2, 
      "display_order": 52.0, 
      "required": false, 
      "question_group": "c5d8e330-8087-11df-a673-001b210ee9bb", 
      "options": [], 
      "val_min": 0.0, 
      "val_default": "0", 
      "answer_type": "integer", 
      "eng_tooltip": "Operator\u2019s percentage of annual gross revenue from marine mammal viewing", 
      "val_max": 100.0
    }
  }, 
  {
    "pk": 38, 
    "model": "gwst_app.interviewquestion", 
    "fields": {
      "all_resources": false, 
      "code": "ow_revpct3", 
      "eng_text": "Percentage of gross revenue from LEISURE CRUISING", 
      "int_group": 2, 
      "question_set": 2, 
      "display_order": 53.0, 
      "required": false, 
      "question_group": "c5d8e330-8087-11df-a673-001b210ee9bb", 
      "options": [], 
      "val_min": 0.0, 
      "val_default": "0", 
      "answer_type": "integer", 
      "eng_tooltip": "Operator\u2019s percentage of annual gross revenue from leisure cruising", 
      "val_max": 100.0
    }
  }, 
  {
    "pk": 41, 
    "model": "gwst_app.interviewquestion", 
    "fields": {
      "all_resources": false, 
      "code": "ow_revpct4", 
      "eng_text": "Operator\u2019s percentage of annual gross revenue from GLASS BOTTOM BOATING", 
      "int_group": 2, 
      "question_set": 2, 
      "display_order": 54.0, 
      "required": false, 
      "question_group": "c5d8e330-8087-11df-a673-001b210ee9bb", 
      "options": [], 
      "val_min": 0.0, 
      "val_default": "0", 
      "answer_type": "integer", 
      "eng_tooltip": "Operator\u2019s percentage of annual gross revenue from glass bottom boat cruises", 
      "val_max": 100.0
    }
  }, 
  {
    "pk": 40, 
    "model": "gwst_app.interviewquestion", 
    "fields": {
      "all_resources": false, 
      "code": "ow_revpct5", 
      "eng_text": "Operator\u2019s percentage of annual gross revenue from DIVING", 
      "int_group": 2, 
      "question_set": 2, 
      "display_order": 55.0, 
      "required": false, 
      "question_group": "c5d8e330-8087-11df-a673-001b210ee9bb", 
      "options": [], 
      "val_min": 0.0, 
      "val_default": "0", 
      "answer_type": "integer", 
      "eng_tooltip": "Operator\u2019s percentage of annual gross revenue from diving", 
      "val_max": 100.0
    }
  }, 
  {
    "pk": 39, 
    "model": "gwst_app.interviewquestion", 
    "fields": {
      "all_resources": false, 
      "code": "ow_revpct6", 
      "eng_text": "Operator\u2019s percentage of annual gross revenue from OTHER", 
      "int_group": 2, 
      "question_set": 2, 
      "display_order": 56.0, 
      "required": false, 
      "question_group": "c5d8e330-8087-11df-a673-001b210ee9bb", 
      "options": [], 
      "val_min": 0.0, 
      "val_default": "0", 
      "answer_type": "integer", 
      "eng_tooltip": "Operator\u2019s percentage of annual gross revenue from other non-consumptive activities", 
      "val_max": 100.0
    }
  }, 
  {
    "pk": 34, 
    "model": "gwst_app.interviewquestion", 
    "fields": {
      "all_resources": false, 
      "code": "ow_rev_c", 
      "eng_text": "Percentage of gross revenue from FISHING", 
      "int_group": 2, 
      "question_set": 2, 
      "display_order": 59.0, 
      "required": false, 
      "question_group": "c5d8e330-8087-11df-a673-001b210ee9bb", 
      "options": [], 
      "val_min": 0.0, 
      "val_default": "0", 
      "answer_type": "integer", 
      "eng_tooltip": "Operator\u2019s percentage of annual gross revenue from consumptive charter activities like fishing", 
      "val_max": 100.0
    }
  }, 
  {
    "pk": 35, 
    "model": "gwst_app.interviewquestion", 
    "fields": {
      "all_resources": false, 
      "code": "ow_p_rev_t", 
      "eng_text": "Percentage of gross revenue for total annual operating costs ", 
      "int_group": 2, 
      "question_set": 3, 
      "display_order": 60.0, 
      "required": true, 
      "question_group": null, 
      "options": [], 
      "val_min": 0.0, 
      "val_default": "", 
      "answer_type": "decimal", 
      "eng_tooltip": "Operator\u2019s percentage of annual gross revenue that goes towards both consumptive and non-consumptive operating costs", 
      "val_max": 100.0
    }
  }, 
  {
    "pk": 14, 
    "model": "gwst_app.interviewquestion", 
    "fields": {
      "all_resources": false, 
      "code": "ow_pctcst", 
      "eng_text": "Percentage of total annual operating costs for non-consumptive trips", 
      "int_group": 2, 
      "question_set": 3, 
      "display_order": 70.0, 
      "required": true, 
      "question_group": null, 
      "options": [], 
      "val_min": 0.0, 
      "val_default": "", 
      "answer_type": "decimal", 
      "eng_tooltip": "What percent of total annual operating costs goes towards non-consumptive trips", 
      "val_max": 100.0
    }
  }, 
  {
    "pk": 15, 
    "model": "gwst_app.interviewquestion", 
    "fields": {
      "all_resources": false, 
      "code": "ow_crew", 
      "eng_text": "Percentage of non-consumptive operating costs for: crew/labor ", 
      "int_group": 2, 
      "question_set": 3, 
      "display_order": 80.0, 
      "required": true, 
      "question_group": null, 
      "options": [], 
      "val_min": 0.0, 
      "val_default": "", 
      "answer_type": "decimal", 
      "eng_tooltip": "What percent of total annual operating costs (consumptive and non-consumptive combined) goes towards crew/labor ", 
      "val_max": 100.0
    }
  }, 
  {
    "pk": 16, 
    "model": "gwst_app.interviewquestion", 
    "fields": {
      "all_resources": false, 
      "code": "ow_fuel", 
      "eng_text": "Percentage of total non-consumptive operating costs goes for: fuel ", 
      "int_group": 2, 
      "question_set": 3, 
      "display_order": 90.0, 
      "required": true, 
      "question_group": null, 
      "options": [], 
      "val_min": 0.0, 
      "val_default": "", 
      "answer_type": "decimal", 
      "eng_tooltip": "What percent of total annual operating costs (consumptive and non-consumptive combined) goes towards fuel", 
      "val_max": 100.0
    }
  }, 
  {
    "pk": 19, 
    "model": "gwst_app.interviewquestion", 
    "fields": {
      "all_resources": false, 
      "code": "ow_crewnon", 
      "eng_text": "Number of crew used for non-consumptive trips", 
      "int_group": 2, 
      "question_set": 3, 
      "display_order": 100.0, 
      "required": true, 
      "question_group": null, 
      "options": [], 
      "val_min": 0.0, 
      "val_default": "", 
      "answer_type": "integer", 
      "eng_tooltip": "Average number of paid crew members present on non-consumptive trips", 
      "val_max": null
    }
  }, 
  {
    "pk": 20, 
    "model": "gwst_app.interviewquestion", 
    "fields": {
      "all_resources": false, 
      "code": "ow_crewcon", 
      "eng_text": "Number of crew used for consumptive trips", 
      "int_group": 2, 
      "question_set": 3, 
      "display_order": 110.0, 
      "required": true, 
      "question_group": null, 
      "options": [], 
      "val_min": 0.0, 
      "val_default": "", 
      "answer_type": "integer", 
      "eng_tooltip": "Average number of paid crew members present on consumptive fishing trips", 
      "val_max": null
    }
  }, 
  {
    "pk": 21, 
    "model": "gwst_app.interviewquestion", 
    "fields": {
      "all_resources": false, 
      "code": "op_inchrtr", 
      "eng_text": "Percentage income from overall charter boat operations", 
      "int_group": 3, 
      "question_set": null, 
      "display_order": 10.0, 
      "required": true, 
      "question_group": null, 
      "options": [], 
      "val_min": 0.0, 
      "val_default": "", 
      "answer_type": "decimal", 
      "eng_tooltip": "The percentage of the operator\u2019s total income that is derived from consumptive and non-consumptive charter boat operation", 
      "val_max": 100.0
    }
  }, 
  {
    "pk": 31, 
    "model": "gwst_app.interviewquestion", 
    "fields": {
      "all_resources": true, 
      "code": "ac_pcttrip", 
      "eng_text": "Percentage of annual trips", 
      "int_group": 3, 
      "question_set": null, 
      "display_order": 10.0, 
      "required": false, 
      "question_group": null, 
      "options": [], 
      "val_min": 0.0, 
      "val_default": "", 
      "answer_type": "decimal", 
      "eng_tooltip": "Percentage of annual trips conducted as this type of trip ", 
      "val_max": 100.0
    }
  }, 
  {
    "pk": 22, 
    "model": "gwst_app.interviewquestion", 
    "fields": {
      "all_resources": false, 
      "code": "op_inc_non", 
      "eng_text": "Percentage charter operation income from non-consumptive activities", 
      "int_group": 3, 
      "question_set": null, 
      "display_order": 20.0, 
      "required": true, 
      "question_group": null, 
      "options": [], 
      "val_min": 0.0, 
      "val_default": "", 
      "answer_type": "decimal", 
      "eng_tooltip": "The percentage of the operator\u2019s charter income that is derived from non-consumptive activities", 
      "val_max": 100.0
    }
  }, 
  {
    "pk": 32, 
    "model": "gwst_app.interviewquestion", 
    "fields": {
      "all_resources": true, 
      "code": "ac_triplen", 
      "eng_text": "Trip Length", 
      "int_group": 3, 
      "question_set": null, 
      "display_order": 20.0, 
      "required": false, 
      "question_group": null, 
      "options": [
        "347dac00-7b22-11df-94a8-001b210ee9bb", 
        "39bbfccf-7b22-11df-9a97-001b210ee9bb", 
        "40376180-7b22-11df-8ac7-001b210ee9bb", 
        "4610b9cf-7b22-11df-856f-001b210ee9bb", 
        "50627ade-7b22-11df-b2b8-001b210ee9bb"
      ], 
      "val_min": null, 
      "val_default": "", 
      "answer_type": "select", 
      "eng_tooltip": "Average time taken for each trip", 
      "val_max": null
    }
  }, 
  {
    "pk": 23, 
    "model": "gwst_app.interviewquestion", 
    "fields": {
      "all_resources": false, 
      "code": "op_doc_num", 
      "eng_text": "Vessel document number", 
      "int_group": 3, 
      "question_set": null, 
      "display_order": 30.0, 
      "required": true, 
      "question_group": null, 
      "options": [], 
      "val_min": null, 
      "val_default": "", 
      "answer_type": "text", 
      "eng_tooltip": "5-7 character alphanumeric code", 
      "val_max": null
    }
  }, 
  {
    "pk": 33, 
    "model": "gwst_app.interviewquestion", 
    "fields": {
      "all_resources": true, 
      "code": "ac_cost", 
      "eng_text": "Cost to passenger", 
      "int_group": 3, 
      "question_set": null, 
      "display_order": 30.0, 
      "required": false, 
      "question_group": null, 
      "options": [], 
      "val_min": 0.0, 
      "val_default": "", 
      "answer_type": "decimal", 
      "eng_tooltip": "How much do you charge for a trip for this particular activity", 
      "val_max": null
    }
  }, 
  {
    "pk": 24, 
    "model": "gwst_app.interviewquestion", 
    "fields": {
      "all_resources": false, 
      "code": "op_v_name", 
      "eng_text": "Vessel name(s)", 
      "int_group": 3, 
      "question_set": null, 
      "display_order": 40.0, 
      "required": true, 
      "question_group": null, 
      "options": [], 
      "val_min": null, 
      "val_default": "", 
      "answer_type": "text", 
      "eng_tooltip": "Name of the vessel(s)", 
      "val_max": null
    }
  }, 
  {
    "pk": 25, 
    "model": "gwst_app.interviewquestion", 
    "fields": {
      "all_resources": false, 
      "code": "op_v_leng", 
      "eng_text": "Vessel length (feet)", 
      "int_group": 3, 
      "question_set": null, 
      "display_order": 50.0, 
      "required": true, 
      "question_group": null, 
      "options": [], 
      "val_min": 6.0, 
      "val_default": "", 
      "answer_type": "decimal", 
      "eng_tooltip": "Length of the vessel in feet ", 
      "val_max": null
    }
  }, 
  {
    "pk": 26, 
    "model": "gwst_app.interviewquestion", 
    "fields": {
      "all_resources": false, 
      "code": "op_hm_port", 
      "eng_text": "Home port", 
      "int_group": 3, 
      "question_set": null, 
      "display_order": 60.0, 
      "required": true, 
      "question_group": null, 
      "options": [], 
      "val_min": null, 
      "val_default": "", 
      "answer_type": "text", 
      "eng_tooltip": "Where the operator docks or moorages", 
      "val_max": null
    }
  }, 
  {
    "pk": 27, 
    "model": "gwst_app.interviewquestion", 
    "fields": {
      "all_resources": false, 
      "code": "op_numboat", 
      "eng_text": "Number of charter boats operated", 
      "int_group": 3, 
      "question_set": null, 
      "display_order": 70.0, 
      "required": true, 
      "question_group": null, 
      "options": [], 
      "val_min": 0.0, 
      "val_default": "", 
      "answer_type": "integer", 
      "eng_tooltip": "Number of charter boats the individual operates", 
      "val_max": 100.0
    }
  }, 
  {
    "pk": 28, 
    "model": "gwst_app.interviewquestion", 
    "fields": {
      "all_resources": false, 
      "code": "op_yearsop", 
      "eng_text": "Years of operating charter boats", 
      "int_group": 3, 
      "question_set": null, 
      "display_order": 80.0, 
      "required": true, 
      "question_group": null, 
      "options": [], 
      "val_min": 0.0, 
      "val_default": "", 
      "answer_type": "integer", 
      "eng_tooltip": "Number of years the individual has operated charter boats", 
      "val_max": 100.0
    }
  }, 
  {
    "pk": 29, 
    "model": "gwst_app.interviewquestion", 
    "fields": {
      "all_resources": false, 
      "code": "op_avgdays", 
      "eng_text": "Average number of days operating non-consumptive charter boat trips per year", 
      "int_group": 3, 
      "question_set": null, 
      "display_order": 90.0, 
      "required": true, 
      "question_group": null, 
      "options": [], 
      "val_min": 0.0, 
      "val_default": "", 
      "answer_type": "integer", 
      "eng_tooltip": "Average number of days the operator spends operating a non-consumptive charter trip each year", 
      "val_max": 365.0
    }
  }, 
  {
    "pk": 30, 
    "model": "gwst_app.interviewquestion", 
    "fields": {
      "all_resources": false, 
      "code": "op_numpass", 
      "eng_text": "Average number of passengers on a boat per trip", 
      "int_group": 3, 
      "question_set": null, 
      "display_order": 100.0, 
      "required": true, 
      "question_group": null, 
      "options": [], 
      "val_min": 0.0, 
      "val_default": "", 
      "answer_type": "integer", 
      "eng_tooltip": "Average number of passengers on the charter boat during each non-consumptive trip", 
      "val_max": 200.0
    }
  }, 
  {
    "pk": "a3", 
    "model": "gwst_app.faqgroup", 
    "fields": {
      "faq_group_name": "1. General"
    }
  }, 
  {
    "pk": "a4", 
    "model": "gwst_app.faqgroup", 
    "fields": {
      "faq_group_name": "2. Technical"
    }
  }, 
  {
    "pk": "a1", 
    "model": "gwst_app.faqgroup", 
    "fields": {
      "faq_group_name": "3. Drawing Fishing Grounds"
    }
  }, 
  {
    "pk": "a2", 
    "model": "gwst_app.faq", 
    "fields": {
      "answer": "The number of fishing grounds you draw is your choice.  Most people draw anywhere from 2-10 fishing grounds per species.", 
      "importance": 1, 
      "question": "How many fishing grounds should I draw?", 
      "faq_group": "a1"
    }
  }, 
  {
    "pk": "a12", 
    "model": "gwst_app.faq", 
    "fields": {
      "answer": "On Windows,  right-click 'My Computer' or just right-click your desktop and select \"Properties\", then click the \"Settings\" tab. Use the \"Screen resolution\" slider to increase your resolution to at least 1024 x 768, then click the \"Apply\" button. ", 
      "importance": 2, 
      "question": "How do I increase my screen resolution?", 
      "faq_group": "a4"
    }
  }, 
  {
    "pk": "a8", 
    "model": "gwst_app.faq", 
    "fields": {
      "answer": "We understand that water temperature and other factors affect migratory patterns of species like tuna.  This will make the general area you fish larger when looking at things all together like this but often there are still specific places you fish.  Maybe certain sections of water always tend to be warmer and you tend to do better there.  Maybe you don't fish tuna unless they're within 20 miles of shore or maybe you do multi-days out 60 miles.  Maybe you don't fish tuna any further north or south than a given point.  That's the information we want to capture.", 
      "importance": 5, 
      "question": "I don't fish in the same places for migratory fish like tuna.  How do I deal with that when drawing fishing grounds?", 
      "faq_group": "a1"
    }
  }, 
  {
    "pk": "a3", 
    "model": "gwst_app.faq", 
    "fields": {
      "answer": "The map takes the longest to load.  People without a broadband internet connection may need to wait up to a minute or two the first time they draw fishing grounds.  If you wait and still nothing loads then try refreshing the page. If still nothing then verify you are using a supported browser (IE 6+, Firefox 1.0+, Safari 1.2+, Chrome 2+). If you have a supported browser then next verify you have 'javascript' enabled in your browser preferences (it is by default). Seek the help of friends and family if you're unsure how to do any of these steps or email us at fish@ecotrust.org.  Another option is simply to try another computer. Computers more than 5 years old are more likely to have issues.", 
      "importance": 1, 
      "question": "Why is the page not loading correctly or not loading at all when I go to draw fishing grounds?", 
      "faq_group": "a1"
    }
  }, 
  {
    "pk": "a1", 
    "model": "gwst_app.faq", 
    "fields": {
      "answer": "The precision of your fishing grounds is important; however, we understand that accuracy will vary between users.  Please just do the best you can with the time you have and provide us with any extra information on boundaries so that our team can make your fishing grounds more accurate.\r\n\r\nWe also understand that you might be reluctant to share your favorite little fishing hole, while at the same time you don't want to lose it.  Just make sure your fishing hole is at least captured in one of your fishing grounds and you put a sufficient value on it.\r\n\r\nIn most cases you should not be drawing a single fishing ground that covers hundreds of square miles.  Tuna and other migratory species are a bit of an exception.  Split these large fishing grounds up into multiple areas if possible and weight them separately with pennies.", 
      "importance": 1, 
      "question": "How much precision should I use when drawing fishing grounds?", 
      "faq_group": "a1"
    }
  }, 
  {
    "pk": "a13", 
    "model": "gwst_app.faq", 
    "fields": {
      "answer": "For the overall project to map and gather information on the importance of Oregon\u2019s coastal commercial, charter, and recreational fishing grounds is funded by the Oregon Wave Energy Trust (OWET- <a href=\"http://www.oregonwave.org\">http://www.oregonwave.org</a>), the Oregon Department of Land Conservation and Development (DLCD- <a href=\"http://www.lcd.state.or.us\">http://www.lcd.state.or.us</a>), and the David and Lucile Packard Foundation (<a href=\"http://www.packard.org\">http://www.packard.org</a>). ", 
      "importance": 1, 
      "question": "Who provided funding for this project?", 
      "faq_group": "a3"
    }
  }, 
  {
    "pk": "a10", 
    "model": "gwst_app.faq", 
    "fields": {
      "answer": "Unfortunately internet explorer 6 is an aging web browser and doesn't support the necessary map features.  Upgrading to internet explorer 7 or 8 will solve your problem.  If you can't upgrade for one reason or another, try using another browser like Firefox if you can or simply use a different computer.", 
      "importance": 4, 
      "question": "When I click to start drawing fishing grounds I get an error saying that Internet Explorer 6 isn't supported.  What do I do?", 
      "faq_group": "a4"
    }
  }, 
  {
    "pk": "a6", 
    "model": "gwst_app.faq", 
    "fields": {
      "answer": "The information you provide will be used to represent the socioeconomic importance of recreational fishing areas along the coast of Oregon. This information will help guide the placement of wave energy facilities in ways that reduce the impacts on fishermen. By taking part in this survey, you have the opportunity to directly contribute to Oregon\u2019s wave energy planning process and enable decision-makers to reduce potential impacts on fishermen and the coastal economies. ", 
      "importance": 3, 
      "question": "Why should I provide information about my fishing?", 
      "faq_group": "a3"
    }
  }, 
  {
    "pk": "a14", 
    "model": "gwst_app.faq", 
    "fields": {
      "answer": "No, Ecotrust\u2019s Oregon Fisheries Uses and Values project was designed and began as a solely state funded project. This project from the beginning has been designed to respond and address the fishing community\u2019s need to be represented alongside other datasets in Oregon\u2019s Territorial Sea Planning process. Packard will not receive any data from Ecotrust nor do they have input or influence on how the project is conducted. Packard has simply provided the funds up front for a project that had already been conceptualized with the state and the fishing community. ", 
      "importance": 2, 
      "question": "Does the Packard Foundation have control over any aspect of the project or the data collected?", 
      "faq_group": "a3"
    }
  }, 
  {
    "pk": "a15", 
    "model": "gwst_app.faq", 
    "fields": {
      "answer": "The data collected on recreational, charter, and commercial fishing grounds will be aggregated (all individual information combined) to create \u2018heat maps\u2019 for each fishery-sector combination in each port. These \u2018heat maps\u2019 will display the relative importance of fishing grounds, with red hot areas indicating areas of high importance. How maps are presented to the DLCD for planning usage will be at the discretion of each port\u2019s fishing community. A community may decide to release individual fishery-sector maps or they may simply release what we call a \u2018cross-sector aggregate map\u2019 which gives equal weight to and combines each sector\u2019s (recreational, charter, and commercial) grounds into one map. This type of map was created and released for the Southern Oregon Ocean Resources Coalition (SOORC) and has set the standard for what at minimum the state will accept for the Territorial Sea Planning process. This type of map will also be the method to display the relative importance of fishing grounds in a state-wide map.  ", 
      "importance": 4, 
      "question": "How will fishing area information be used?", 
      "faq_group": "a3"
    }
  }, 
  {
    "pk": "a16", 
    "model": "gwst_app.faq", 
    "fields": {
      "answer": "The data collected on fishing expenditures will be used to conduct economic impact analyses on candidate wave energy locations. These impact analyses will not only calculate the potential loss of revenue and percentage loss of fishing grounds to the commercial, charter, and recreational sectors but also to the adjacent coastal and state economies- which fishermen have long called attention to the importance of representing. It should be emphasized that this survey is not designed to determine the overall value of recreational, charter, or commercial fishing in a particular port or to the overall state/coastal economy. Moreover, summary statistics on economic information provided will not be compiled of made public. The expenditure survey is solely designed to determine the general percentage of expenditures associated with the various industries that also rely upon fishing. ", 
      "importance": 5, 
      "question": "How will economic information be used?", 
      "faq_group": "a3"
    }
  }, 
  {
    "pk": "a17", 
    "model": "gwst_app.faq", 
    "fields": {
      "answer": "Ecotrust will widely announce and hold review map meetings with the fishing community in each port. These fishermen will then provide feedback to ensure the data collected is an accurate representation of the relative importance of fishing grounds associated with their port. During the review map meeting each sector (commercial, charter, and recreational) will be provided individual fishery and aggregate maps to review. These maps are only for review purpose and will not be released to any individual or group. During the Oregon Territorial Sea Planning process Ecoturst will also work with fishing communities and association to review impact analyses on identified potential waver energy sites. ", 
      "importance": 6, 
      "question": "How will you check the accuracy of fishing ground maps and information?", 
      "faq_group": "a3"
    }
  }, 
  {
    "pk": "a18", 
    "model": "gwst_app.faq", 
    "fields": {
      "answer": "All individual information will be kept private and confidential. The only information that is made public are the maps that each port fishing communities decides to submit to the DLCD- such as the cross-sector aggregate maps (mentioned in the \u201cHow will fishing area information be used?\u201d question above).", 
      "importance": 7, 
      "question": "What information is kept private and what is public?", 
      "faq_group": "a3"
    }
  }, 
  {
    "pk": "a19", 
    "model": "gwst_app.faq", 
    "fields": {
      "answer": "The Department of Land Conservation and Development (DLCD) will be administering the planning process which will involve Oregon\u2019s Ocean Policy Advisory Council (OPAC) and Territorial Sea Plan Advisory Committee (TSPAC). These entities have several fishing interests serving in these groups. Decision-making and planning will be done on a port by port scale with input from various stakeholders including the fishing community at every step.  However, the entity responsible for approving a TSP plan under Oregon Law is the Land Conservation and Development Commission (LCDC) which will receive recommendations from the DLCD based on the community input outlined above. ", 
      "importance": 8, 
      "question": "Who is in charge of Oregon\u2019s Territorial Sea planning process and who will be making decisions?", 
      "faq_group": "a3"
    }
  }, 
  {
    "pk": "a20", 
    "model": "gwst_app.faq", 
    "fields": {
      "answer": "Only the cross-sector aggregate maps are made public and requests for this information must be made through the DLCD. Any other requests for more detailed information belongs to the decision of each fishing community and their representatives, such as; SOORC (Southern Oregon Ocean Resource Coalition), FINE (Fishermen Involved in Natural Energy), FACT (Fisherman Advisory Committee of Tillamook), and NSAT (Depoe Bay Near Shore Action Team). If these groups decide it is to the benefit of the fishing community to release additional data (such as sector or species maps) then each individual fisherman that contributed information to the maps must be contacted and approve its use for the solicited purpose. However, under no circumstances will individual information be released. ", 
      "importance": 9, 
      "question": "Can individuals or institutions/agencies ask permission to see additional information? Who will control the release of that information?", 
      "faq_group": "a3"
    }
  }
]
