[
  {
    "pk": 1, 
    "model": "auth.user", 
    "fields": {
      "username": "ken", 
      "first_name": "", 
      "last_name": "", 
      "is_active": true, 
      "is_superuser": true, 
      "is_staff": true, 
      "last_login": "2009-06-02 11:17:09", 
      "groups": [], 
      "user_permissions": [], 
      "password": "sha1$a4475$a288560222f949e68985d76550dce47203e01ed7", 
      "email": "k@e.org", 
      "date_joined": "2009-05-21 10:51:22"
    }
  }, 
  {
    "pk": 12, 
    "model": "auth.user", 
    "fields": {
      "username": "twelch", 
      "first_name": "", 
      "last_name": "", 
      "is_active": true, 
      "is_superuser": false, 
      "is_staff": false, 
      "last_login": "2009-07-01 13:21:23", 
      "groups": [], 
      "user_permissions": [], 
      "password": "sha1$27391$54af43a321920966da0cc5d5931fe311bfcf09ec", 
      "email": "", 
      "date_joined": "2009-07-01 13:21:23"
    }
  }, 
  {
    "pk": 2, 
    "model": "auth.user", 
    "fields": {
      "username": "test", 
      "first_name": "test", 
      "last_name": "tester", 
      "is_active": true, 
      "is_superuser": false, 
      "is_staff": false, 
      "last_login": "2009-07-15 22:25:35", 
      "groups": [], 
      "user_permissions": [], 
      "password": "sha1$6ed65$0060004f9cf22802e107939f5adc4365956e08ee", 
      "email": "t@t.org", 
      "date_joined": "2009-06-02 11:50:33"
    }
  }, 
  {
    "pk": 13, 
    "model": "auth.user", 
    "fields": {
      "username": "charles", 
      "first_name": "Charles", 
      "last_name": "Steinback", 
      "is_active": true, 
      "is_superuser": false, 
      "is_staff": false, 
      "last_login": "2009-07-16 12:36:14", 
      "groups": [], 
      "user_permissions": [], 
      "password": "sha1$9100e$35ef63fdf06e0644dfbef7fe17c25b81d69494b8", 
      "email": "charles@ecotrust.org", 
      "date_joined": "2009-07-16 12:34:20"
    }
  }, 
  {
    "pk": 14, 
    "model": "auth.user", 
    "fields": {
      "username": "jbonkoski", 
      "first_name": "Jon", 
      "last_name": "Bonkoski", 
      "is_active": true, 
      "is_superuser": true, 
      "is_staff": true, 
      "last_login": "2009-07-16 12:40:36", 
      "groups": [], 
      "user_permissions": [], 
      "password": "sha1$3b6ab$e9957ce4b6834200e678702207f7b80b6ddd3554", 
      "email": "jbonkoski@ecotrust.org", 
      "date_joined": "2009-07-16 12:40:36"
    }
  }, 
  {
    "pk": 15, 
    "model": "auth.user", 
    "fields": {
      "username": "skruse", 
      "first_name": "Sarah", 
      "last_name": "Kruse", 
      "is_active": true, 
      "is_superuser": true, 
      "is_staff": true, 
      "last_login": "2009-07-16 12:42:00", 
      "groups": [], 
      "user_permissions": [], 
      "password": "sha1$02d3c$578ad36cde14518a9a779c42e9fa6157bd0bba37", 
      "email": "skruse@ecotrust.org", 
      "date_joined": "2009-07-16 12:42:00"
    }
  }, 
  {
    "pk": 3, 
    "model": "auth.user", 
    "fields": {
      "username": "testadmin", 
      "first_name": "testadmin", 
      "last_name": "ta", 
      "is_active": true, 
      "is_superuser": true, 
      "is_staff": true, 
      "last_login": "2009-07-16 16:13:00", 
      "groups": [], 
      "user_permissions": [], 
      "password": "sha1$6c215$989ff2bd2d3f6625d73b0dc628245cb4d047b001", 
      "email": "ta@t.org", 
      "date_joined": "2009-06-02 11:51:40"
    }
  }, 
  {
    "pk": 2, 
    "model": "gwst_app.region", 
    "fields": {
      "code": "ORCC", 
      "name": "Oregon Central Coast", 
      "bounds": null
    }
  }, 
  {
    "pk": 1, 
    "model": "gwst_app.region", 
    "fields": {
      "code": "NCCA", 
      "name": "California North Coast", 
      "bounds": null
    }
  }, 
  {
    "pk": 1, 
    "model": "gwst_app.resource", 
    "fields": {
      "shape_color": "FF", 
      "code": "sal", 
      "name": "Salmon"
    }
  }, 
  {
    "pk": 2, 
    "model": "gwst_app.resource", 
    "fields": {
      "shape_color": "FF", 
      "code": "tun", 
      "name": "Tuna"
    }
  }, 
  {
    "pk": 4, 
    "model": "gwst_app.resource", 
    "fields": {
      "shape_color": "FF", 
      "code": "dcrb", 
      "name": "Dungeness Crab"
    }
  }, 
  {
    "pk": 5, 
    "model": "gwst_app.resource", 
    "fields": {
      "shape_color": "FF", 
      "code": "phal", 
      "name": "Pacific Halibut"
    }
  }, 
  {
    "pk": 6, 
    "model": "gwst_app.resource", 
    "fields": {
      "shape_color": "FF", 
      "code": "chal", 
      "name": "California Halibut"
    }
  }, 
  {
    "pk": 8, 
    "model": "gwst_app.resource", 
    "fields": {
      "shape_color": "FF", 
      "code": "bait", 
      "name": "Anchovy/Herring (bait fish)"
    }
  }, 
  {
    "pk": 9, 
    "model": "gwst_app.resource", 
    "fields": {
      "shape_color": "FF", 
      "code": "shray", 
      "name": "Sharks/Rays"
    }
  }, 
  {
    "pk": 10, 
    "model": "gwst_app.resource", 
    "fields": {
      "shape_color": "FF", 
      "code": "atna", 
      "name": "Albacore Tuna"
    }
  }, 
  {
    "pk": 11, 
    "model": "gwst_app.resource", 
    "fields": {
      "shape_color": "FF", 
      "code": "hsqd", 
      "name": "Humboldt Squid"
    }
  }, 
  {
    "pk": 3, 
    "model": "gwst_app.resource", 
    "fields": {
      "shape_color": "FF", 
      "code": "rock", 
      "name": "Rockfish/Bottomfish"
    }
  }, 
  {
    "pk": 7, 
    "model": "gwst_app.resource", 
    "fields": {
      "shape_color": "FF", 
      "code": "oflt", 
      "name": "Other Flatfish (soles, turbots)"
    }
  }, 
  {
    "pk": 15, 
    "model": "gwst_app.resource", 
    "fields": {
      "shape_color": "FF", 
      "code": "abl", 
      "name": "Abalone"
    }
  }, 
  {
    "pk": 16, 
    "model": "gwst_app.resource", 
    "fields": {
      "shape_color": "FF", 
      "code": "urch", 
      "name": "Urchin"
    }
  }, 
  {
    "pk": 17, 
    "model": "gwst_app.resource", 
    "fields": {
      "shape_color": "FF", 
      "code": "rscl", 
      "name": "Rock Scallops"
    }
  }, 
  {
    "pk": 14, 
    "model": "gwst_app.resource", 
    "fields": {
      "shape_color": "FF", 
      "code": "sndb", 
      "name": "Sanddabs"
    }
  }, 
  {
    "pk": 2, 
    "model": "gwst_app.interview", 
    "fields": {
      "code": "ORRrecfish", 
      "name": "ORCC rec fisherman", 
      "region": 2, 
      "draw_shape_text": "", 
      "active": false, 
      "organization": "Ecotrust", 
      "group_status_text": "", 
      "description": "Oregon central coast rec fishermen"
    }
  }, 
  {
    "pk": 1, 
    "model": "gwst_app.interview", 
    "fields": {
      "code": "NCrecfish", 
      "name": "MLPA North Coast Recreational Fishing Survey", 
      "region": 1, 
      "draw_shape_text": "<div id=\"help_panel\">\r\n<p>Please take a few moments to familiarize yourself with the tool before you start drawing shapes.</p>\r\n\r\n<p>Brief instructions and demonstration videos can be found by clicking on the \"Instructions\" tab at the top of this window. Advanced features are available such as copying one or all shapes from one fishery to another (a time-saver if you target multiple species in the same areas).</p>\r\n\r\n<p>As you begin drawing your shapes, please remember that <b>for each fishery</b> or species you target, you will be given an imaginary bag of <b>100 pennies</b>. As you draw shapes on the map you will place some number of pennies on that shape. The more pennies you place on a shape, the more value or importance you are placing on that shape. Keep doing this until you have drawn all your shapes and have used up all 100 pennies for that fishery.</p>\r\n\r\n<p>Before you start each fishery, it helps to form a mental picture of the important fishing areas you have for that fishery and how many pennies you will assign to each of those areas. We encourage you to distribute the shapes as you see fit. That could mean a single area worth 100 pennies or 100 areas worth 1 penny each. It is your choice as to how you allocate your pennies.</p>\r\n\r\n<p>To see this information again after closing this window, click the Help button in the upper right.</p>\r\n\r\n<p>Please do not hesitate to email <a href=\"mailto:fish@ecotrust.org\">fish@ecotrust.org</a> if you need more help.</p></div>", 
      "active": true, 
      "organization": "Ecotrust", 
      "group_status_text": "Please carefully read all instructions and complete the survey.  Some sections will ask you to answer questions, others will ask you to draw shapes representing your fishing grounds.  Finalize each section once you are done.\r\n<br/><br/>\r\nThe survey process might seem complex at times, but understand that the wide range of fishing interests on the North Coast is not easy to capture and we want to provide the highest quality information possible. \r\n<br/><br/>\r\nIf you have questions about Ecotrust's involvement in the MLPA process and what your incentive is to reveal your fishing grounds to us, please <a target='_blank' href='http://www.ecotrust.org/mlpa/'>visit our MLPA page</a>.\r\n<br/><br/>\r\nWe are listening to your feedback. If you have technical problems please read our <a href='/faq' target='_blank'>Frequently Asked Questions</a>.  If you are finding the online interview too difficult to complete, please email us at fish@ecotrust.org or call us using the number provided in your registration email and we will find a way to get your information included into this process.\r\n", 
      "description": "rec fish"
    }
  }, 
  {
    "pk": 2, 
    "model": "gwst_app.interviewgroup", 
    "fields": {
      "shape_color": "FF", 
      "code": "kyk", 
      "name": "Kayak", 
      "required_group": false, 
      "user_draws_shapes": true, 
      "interview": 1, 
      "resources": [
        1, 
        6, 
        8, 
        9, 
        3, 
        14
      ], 
      "description": "kayakers"
    }
  }, 
  {
    "pk": 3, 
    "model": "gwst_app.interviewgroup", 
    "fields": {
      "shape_color": "FF", 
      "code": "prvsl", 
      "name": "Private Vessel", 
      "required_group": false, 
      "user_draws_shapes": true, 
      "interview": 1, 
      "resources": [
        1, 
        2, 
        4, 
        5, 
        6, 
        8, 
        9, 
        10, 
        11, 
        3, 
        7, 
        14
      ], 
      "description": "private vessel anglers"
    }
  }, 
  {
    "pk": 1, 
    "model": "gwst_app.interviewgroup", 
    "fields": {
      "shape_color": "FF", 
      "code": "div", 
      "name": "Dive/Spear", 
      "required_group": false, 
      "user_draws_shapes": true, 
      "interview": 1, 
      "resources": [
        3, 
        15, 
        16, 
        17
      ], 
      "description": "Diving and spear/hand take"
    }
  }, 
  {
    "pk": 4, 
    "model": "gwst_app.interviewgroup", 
    "fields": {
      "shape_color": "FF", 
      "code": "div", 
      "name": "Dive/Spear", 
      "required_group": false, 
      "user_draws_shapes": true, 
      "interview": 2, 
      "resources": [
        1
      ], 
      "description": "Diving and spear/hand take"
    }
  }, 
  {
    "pk": 5, 
    "model": "gwst_app.interviewgroup", 
    "fields": {
      "shape_color": "FF", 
      "code": "pri", 
      "name": "Sport Boat", 
      "required_group": false, 
      "user_draws_shapes": true, 
      "interview": 2, 
      "resources": [
        3
      ], 
      "description": "Private Vessel"
    }
  }, 
  {
    "pk": 6, 
    "model": "gwst_app.interviewgroup", 
    "fields": {
      "shape_color": "FF", 
      "code": "main", 
      "name": "Main Questions", 
      "required_group": true, 
      "user_draws_shapes": false, 
      "interview": 1, 
      "resources": [], 
      "description": "General questions"
    }
  }, 
  {
    "pk": 7, 
    "model": "gwst_app.interviewgroup", 
    "fields": {
      "shape_color": "FF", 
      "code": "main", 
      "name": "Main Questions", 
      "required_group": true, 
      "user_draws_shapes": false, 
      "interview": 2, 
      "resources": [], 
      "description": "General Questions"
    }
  }, 
  {
    "pk": 1, 
    "model": "gwst_app.interviewansweroption", 
    "fields": {
      "display_order": 0.0, 
      "eng_text": "Yes!"
    }
  }, 
  {
    "pk": 2, 
    "model": "gwst_app.interviewansweroption", 
    "fields": {
      "display_order": 1.5, 
      "eng_text": "No."
    }
  }, 
  {
    "pk": 3, 
    "model": "gwst_app.interviewansweroption", 
    "fields": {
      "display_order": 2.0, 
      "eng_text": "Don't mind if I do!"
    }
  }, 
  {
    "pk": 4, 
    "model": "gwst_app.interviewansweroption", 
    "fields": {
      "display_order": 4.0, 
      "eng_text": "Male"
    }
  }, 
  {
    "pk": 5, 
    "model": "gwst_app.interviewansweroption", 
    "fields": {
      "display_order": 5.0, 
      "eng_text": "Female"
    }
  }, 
  {
    "pk": 6, 
    "model": "gwst_app.interviewansweroption", 
    "fields": {
      "display_order": 1.0, 
      "eng_text": "Swimming"
    }
  }, 
  {
    "pk": 7, 
    "model": "gwst_app.interviewansweroption", 
    "fields": {
      "display_order": 2.0, 
      "eng_text": "Kayak"
    }
  }, 
  {
    "pk": 8, 
    "model": "gwst_app.interviewansweroption", 
    "fields": {
      "display_order": 3.0, 
      "eng_text": "Private Boat"
    }
  }, 
  {
    "pk": 9, 
    "model": "gwst_app.interviewansweroption", 
    "fields": {
      "display_order": 1.0, 
      "eng_text": "Free dive"
    }
  }, 
  {
    "pk": 10, 
    "model": "gwst_app.interviewansweroption", 
    "fields": {
      "display_order": 2.0, 
      "eng_text": "Scuba Dive"
    }
  }, 
  {
    "pk": 11, 
    "model": "gwst_app.interviewansweroption", 
    "fields": {
      "display_order": 1.0, 
      "eng_text": "Trailer"
    }
  }, 
  {
    "pk": 12, 
    "model": "gwst_app.interviewansweroption", 
    "fields": {
      "display_order": 2.0, 
      "eng_text": "Slip"
    }
  }, 
  {
    "pk": 13, 
    "model": "gwst_app.interviewansweroption", 
    "fields": {
      "display_order": 3.0, 
      "eng_text": "Dry Dock"
    }
  }, 
  {
    "pk": 14, 
    "model": "gwst_app.interviewansweroption", 
    "fields": {
      "display_order": 4.0, 
      "eng_text": "Paddleboard"
    }
  }, 
  {
    "pk": 15, 
    "model": "gwst_app.interviewansweroption", 
    "fields": {
      "display_order": 1.0, 
      "eng_text": "Motor"
    }
  }, 
  {
    "pk": 16, 
    "model": "gwst_app.interviewansweroption", 
    "fields": {
      "display_order": 2.0, 
      "eng_text": "Non-motorized"
    }
  }, 
  {
    "pk": 1, 
    "model": "gwst_app.questiongroupvalidator", 
    "fields": {
      "description": "Sum to 100", 
      "param_4": "", 
      "param_1": "100", 
      "param_3": "", 
      "param_2": "", 
      "type": "sum"
    }
  }, 
  {
    "pk": 1, 
    "model": "gwst_app.questiongroup", 
    "fields": {
      "code": "dive_perc", 
      "eng_text": "What percentage of your dives are", 
      "validators": [
        1
      ]
    }
  }, 
  {
    "pk": 1, 
    "model": "gwst_app.interviewquestion", 
    "fields": {
      "code": "num_dives", 
      "eng_text": "Average number of dives per trip", 
      "int_group": 1, 
      "question_set": null, 
      "display_order": 1.0, 
      "required": true, 
      "question_group": null, 
      "options": [], 
      "val_min": 1.0, 
      "val_default": "", 
      "answer_type": "integer", 
      "eng_tooltip": "", 
      "val_max": 100.0
    }
  }, 
  {
    "pk": 31, 
    "model": "gwst_app.interviewquestion", 
    "fields": {
      "code": "access", 
      "eng_text": "Primary access method to dive locations", 
      "int_group": 1, 
      "question_set": null, 
      "display_order": 2.0, 
      "required": true, 
      "question_group": null, 
      "options": [
        6, 
        7, 
        8, 
        14
      ], 
      "val_min": null, 
      "val_default": "", 
      "answer_type": "select", 
      "eng_tooltip": "", 
      "val_max": null
    }
  }, 
  {
    "pk": 32, 
    "model": "gwst_app.interviewquestion", 
    "fields": {
      "code": "dive_meth", 
      "eng_text": "Primary dive method", 
      "int_group": 1, 
      "question_set": null, 
      "display_order": 3.0, 
      "required": true, 
      "question_group": null, 
      "options": [
        9, 
        10
      ], 
      "val_min": null, 
      "val_default": "", 
      "answer_type": "select", 
      "eng_tooltip": "", 
      "val_max": null
    }
  }, 
  {
    "pk": 33, 
    "model": "gwst_app.interviewquestion", 
    "fields": {
      "code": "dive_shore", 
      "eng_text": "What percentage of your dives are shore based?", 
      "int_group": 1, 
      "question_set": null, 
      "display_order": 4.0, 
      "required": true, 
      "question_group": 1, 
      "options": [], 
      "val_min": 0.0, 
      "val_default": "0", 
      "answer_type": "integer", 
      "eng_tooltip": "Percentage of dives from which you start out from the mainland", 
      "val_max": 100.0
    }
  }, 
  {
    "pk": 34, 
    "model": "gwst_app.interviewquestion", 
    "fields": {
      "code": "dive_isle", 
      "eng_text": "What percentage of your dives are island based?", 
      "int_group": 1, 
      "question_set": null, 
      "display_order": 5.0, 
      "required": true, 
      "question_group": 1, 
      "options": [], 
      "val_min": 0.0, 
      "val_default": "0", 
      "answer_type": "integer", 
      "eng_tooltip": "Percentage of dives from which you start out from an island", 
      "val_max": 100.0
    }
  }, 
  {
    "pk": 2, 
    "model": "gwst_app.interviewquestion", 
    "fields": {
      "code": "launch1", 
      "eng_text": "Launch port/site 1", 
      "int_group": 2, 
      "question_set": null, 
      "display_order": 1.0, 
      "required": true, 
      "question_group": null, 
      "options": [], 
      "val_min": null, 
      "val_default": "", 
      "answer_type": "text", 
      "eng_tooltip": "Ports and sites you launch your kayak from", 
      "val_max": null
    }
  }, 
  {
    "pk": 26, 
    "model": "gwst_app.interviewquestion", 
    "fields": {
      "code": "launch2", 
      "eng_text": "Launch port/site 2", 
      "int_group": 2, 
      "question_set": null, 
      "display_order": 2.0, 
      "required": false, 
      "question_group": null, 
      "options": [], 
      "val_min": null, 
      "val_default": "", 
      "answer_type": "text", 
      "eng_tooltip": "Ports and sites you launch your kayak from", 
      "val_max": null
    }
  }, 
  {
    "pk": 27, 
    "model": "gwst_app.interviewquestion", 
    "fields": {
      "code": "launch3", 
      "eng_text": "Launch port/site 3", 
      "int_group": 2, 
      "question_set": null, 
      "display_order": 3.0, 
      "required": false, 
      "question_group": null, 
      "options": [], 
      "val_min": null, 
      "val_default": "", 
      "answer_type": "text", 
      "eng_tooltip": "Ports and sites you launch your kayak from", 
      "val_max": null
    }
  }, 
  {
    "pk": 28, 
    "model": "gwst_app.interviewquestion", 
    "fields": {
      "code": "launch4", 
      "eng_text": "Launch port/site 4", 
      "int_group": 2, 
      "question_set": null, 
      "display_order": 4.0, 
      "required": false, 
      "question_group": null, 
      "options": [], 
      "val_min": null, 
      "val_default": "", 
      "answer_type": "text", 
      "eng_tooltip": "Ports and sites you launch your kayak from", 
      "val_max": null
    }
  }, 
  {
    "pk": 29, 
    "model": "gwst_app.interviewquestion", 
    "fields": {
      "code": "years_exp", 
      "eng_text": "How many years experience do you have fishing from a kayak?", 
      "int_group": 2, 
      "question_set": null, 
      "display_order": 5.0, 
      "required": true, 
      "question_group": null, 
      "options": [], 
      "val_min": 0.0, 
      "val_default": "", 
      "answer_type": "integer", 
      "eng_tooltip": "", 
      "val_max": 100.0
    }
  }, 
  {
    "pk": 30, 
    "model": "gwst_app.interviewquestion", 
    "fields": {
      "code": "days_fish", 
      "eng_text": "How many days on average do you spend each year fishing from a kayak?", 
      "int_group": 2, 
      "question_set": null, 
      "display_order": 6.0, 
      "required": true, 
      "question_group": null, 
      "options": [], 
      "val_min": 1.0, 
      "val_default": "", 
      "answer_type": "integer", 
      "eng_tooltip": "", 
      "val_max": 365.0
    }
  }, 
  {
    "pk": 12, 
    "model": "gwst_app.interviewquestion", 
    "fields": {
      "code": "boat_type", 
      "eng_text": "Type of boat", 
      "int_group": 3, 
      "question_set": null, 
      "display_order": 1.0, 
      "required": true, 
      "question_group": null, 
      "options": [
        15, 
        16
      ], 
      "val_min": null, 
      "val_default": "", 
      "answer_type": "select", 
      "eng_tooltip": "", 
      "val_max": null
    }
  }, 
  {
    "pk": 13, 
    "model": "gwst_app.interviewquestion", 
    "fields": {
      "code": "dfg_num", 
      "eng_text": "CDFG Boat Number", 
      "int_group": 3, 
      "question_set": null, 
      "display_order": 2.0, 
      "required": true, 
      "question_group": null, 
      "options": [], 
      "val_min": null, 
      "val_default": "", 
      "answer_type": "text", 
      "eng_tooltip": "", 
      "val_max": null
    }
  }, 
  {
    "pk": 14, 
    "model": "gwst_app.interviewquestion", 
    "fields": {
      "code": "yrs_op", 
      "eng_text": "Years operating a sport boat", 
      "int_group": 3, 
      "question_set": null, 
      "display_order": 3.0, 
      "required": true, 
      "question_group": null, 
      "options": [], 
      "val_min": 0.0, 
      "val_default": "", 
      "answer_type": "integer", 
      "eng_tooltip": "", 
      "val_max": 100.0
    }
  }, 
  {
    "pk": 15, 
    "model": "gwst_app.interviewquestion", 
    "fields": {
      "code": "yrs_own", 
      "eng_text": "Years owning a sport boat", 
      "int_group": 3, 
      "question_set": null, 
      "display_order": 4.0, 
      "required": true, 
      "question_group": null, 
      "options": [], 
      "val_min": 0.0, 
      "val_default": "", 
      "answer_type": "integer", 
      "eng_tooltip": "", 
      "val_max": 100.0
    }
  }, 
  {
    "pk": 16, 
    "model": "gwst_app.interviewquestion", 
    "fields": {
      "code": "v_length", 
      "eng_text": "Vessel length (in feet)", 
      "int_group": 3, 
      "question_set": null, 
      "display_order": 5.0, 
      "required": true, 
      "question_group": null, 
      "options": [], 
      "val_min": 6.0, 
      "val_default": "", 
      "answer_type": "integer", 
      "eng_tooltip": "", 
      "val_max": 200.0
    }
  }, 
  {
    "pk": 17, 
    "model": "gwst_app.interviewquestion", 
    "fields": {
      "code": "storage", 
      "eng_text": "Storage location", 
      "int_group": 3, 
      "question_set": null, 
      "display_order": 6.0, 
      "required": true, 
      "question_group": null, 
      "options": [
        11, 
        12, 
        13
      ], 
      "val_min": null, 
      "val_default": "", 
      "answer_type": "select", 
      "eng_tooltip": "", 
      "val_max": null
    }
  }, 
  {
    "pk": 18, 
    "model": "gwst_app.interviewquestion", 
    "fields": {
      "code": "homeport", 
      "eng_text": "Home port (dock/moorage)", 
      "int_group": 3, 
      "question_set": null, 
      "display_order": 7.0, 
      "required": true, 
      "question_group": null, 
      "options": [], 
      "val_min": null, 
      "val_default": "", 
      "answer_type": "text", 
      "eng_tooltip": "", 
      "val_max": null
    }
  }, 
  {
    "pk": 19, 
    "model": "gwst_app.interviewquestion", 
    "fields": {
      "code": "launch1", 
      "eng_text": "Launch Port 1 (In addition to home port)", 
      "int_group": 3, 
      "question_set": null, 
      "display_order": 8.0, 
      "required": false, 
      "question_group": null, 
      "options": [], 
      "val_min": null, 
      "val_default": "", 
      "answer_type": "text", 
      "eng_tooltip": "", 
      "val_max": null
    }
  }, 
  {
    "pk": 20, 
    "model": "gwst_app.interviewquestion", 
    "fields": {
      "code": "launch2", 
      "eng_text": "Launch Port 2", 
      "int_group": 3, 
      "question_set": null, 
      "display_order": 9.0, 
      "required": false, 
      "question_group": null, 
      "options": [], 
      "val_min": null, 
      "val_default": "", 
      "answer_type": "text", 
      "eng_tooltip": "", 
      "val_max": null
    }
  }, 
  {
    "pk": 21, 
    "model": "gwst_app.interviewquestion", 
    "fields": {
      "code": "launch3", 
      "eng_text": "Launch Port 3", 
      "int_group": 3, 
      "question_set": null, 
      "display_order": 10.0, 
      "required": false, 
      "question_group": null, 
      "options": [], 
      "val_min": null, 
      "val_default": "", 
      "answer_type": "text", 
      "eng_tooltip": "", 
      "val_max": null
    }
  }, 
  {
    "pk": 22, 
    "model": "gwst_app.interviewquestion", 
    "fields": {
      "code": "launch4", 
      "eng_text": "Launch Port 4", 
      "int_group": 3, 
      "question_set": null, 
      "display_order": 11.0, 
      "required": false, 
      "question_group": null, 
      "options": [], 
      "val_min": null, 
      "val_default": "", 
      "answer_type": "text", 
      "eng_tooltip": "", 
      "val_max": null
    }
  }, 
  {
    "pk": 23, 
    "model": "gwst_app.interviewquestion", 
    "fields": {
      "code": "yrs_exp", 
      "eng_text": "Years experience fishing from a sport boat", 
      "int_group": 3, 
      "question_set": null, 
      "display_order": 12.0, 
      "required": true, 
      "question_group": null, 
      "options": [], 
      "val_min": 1.0, 
      "val_default": "", 
      "answer_type": "integer", 
      "eng_tooltip": "", 
      "val_max": 120.0
    }
  }, 
  {
    "pk": 24, 
    "model": "gwst_app.interviewquestion", 
    "fields": {
      "code": "avg_ppl", 
      "eng_text": "Average number of individuals with you on a boat per trip (not including self)", 
      "int_group": 3, 
      "question_set": null, 
      "display_order": 13.0, 
      "required": true, 
      "question_group": null, 
      "options": [], 
      "val_min": 1.0, 
      "val_default": "", 
      "answer_type": "integer", 
      "eng_tooltip": "", 
      "val_max": 100.0
    }
  }, 
  {
    "pk": 25, 
    "model": "gwst_app.interviewquestion", 
    "fields": {
      "code": "avg_days", 
      "eng_text": "Average number of days fishing from a sport boat per year", 
      "int_group": 3, 
      "question_set": null, 
      "display_order": 14.0, 
      "required": true, 
      "question_group": null, 
      "options": [], 
      "val_min": 0.0, 
      "val_default": "", 
      "answer_type": "integer", 
      "eng_tooltip": "", 
      "val_max": 365.0
    }
  }, 
  {
    "pk": 3, 
    "model": "gwst_app.interviewquestion", 
    "fields": {
      "code": "city", 
      "eng_text": "City/Town", 
      "int_group": 6, 
      "question_set": null, 
      "display_order": 1.0, 
      "required": true, 
      "question_group": null, 
      "options": [], 
      "val_min": null, 
      "val_default": "", 
      "answer_type": "text", 
      "eng_tooltip": "#", 
      "val_max": null
    }
  }, 
  {
    "pk": 4, 
    "model": "gwst_app.interviewquestion", 
    "fields": {
      "code": "state", 
      "eng_text": "State", 
      "int_group": 6, 
      "question_set": null, 
      "display_order": 2.0, 
      "required": true, 
      "question_group": null, 
      "options": [], 
      "val_min": null, 
      "val_default": "CA", 
      "answer_type": "text", 
      "eng_tooltip": "", 
      "val_max": null
    }
  }, 
  {
    "pk": 5, 
    "model": "gwst_app.interviewquestion", 
    "fields": {
      "code": "phone", 
      "eng_text": "Phone Number", 
      "int_group": 6, 
      "question_set": null, 
      "display_order": 3.0, 
      "required": false, 
      "question_group": null, 
      "options": [], 
      "val_min": null, 
      "val_default": "", 
      "answer_type": "phone", 
      "eng_tooltip": "", 
      "val_max": null
    }
  }, 
  {
    "pk": 6, 
    "model": "gwst_app.interviewquestion", 
    "fields": {
      "code": "age", 
      "eng_text": "Age", 
      "int_group": 6, 
      "question_set": null, 
      "display_order": 4.0, 
      "required": true, 
      "question_group": null, 
      "options": [], 
      "val_min": 10.0, 
      "val_default": "", 
      "answer_type": "integer", 
      "eng_tooltip": "", 
      "val_max": 120.0
    }
  }, 
  {
    "pk": 7, 
    "model": "gwst_app.interviewquestion", 
    "fields": {
      "code": "gender", 
      "eng_text": "Gender", 
      "int_group": 6, 
      "question_set": null, 
      "display_order": 5.0, 
      "required": true, 
      "question_group": null, 
      "options": [
        4, 
        5
      ], 
      "val_min": null, 
      "val_default": "", 
      "answer_type": "select", 
      "eng_tooltip": "", 
      "val_max": null
    }
  }, 
  {
    "pk": 8, 
    "model": "gwst_app.interviewquestion", 
    "fields": {
      "code": "boat_type", 
      "eng_text": "Type of boat", 
      "int_group": 5, 
      "question_set": null, 
      "display_order": 1.0, 
      "required": false, 
      "question_group": null, 
      "options": [], 
      "val_min": null, 
      "val_default": "", 
      "answer_type": "text", 
      "eng_tooltip": "", 
      "val_max": null
    }
  }, 
  {
    "pk": 9, 
    "model": "gwst_app.interviewquestion", 
    "fields": {
      "code": "boat_num", 
      "eng_text": "Department of Fish and Game boat number", 
      "int_group": 5, 
      "question_set": null, 
      "display_order": 2.0, 
      "required": false, 
      "question_group": null, 
      "options": [], 
      "val_min": null, 
      "val_default": "", 
      "answer_type": "text", 
      "eng_tooltip": "", 
      "val_max": null
    }
  }, 
  {
    "pk": 10, 
    "model": "gwst_app.interviewquestion", 
    "fields": {
      "code": "yrs_op", 
      "eng_text": "Years operating a sport boat", 
      "int_group": 5, 
      "question_set": null, 
      "display_order": 3.0, 
      "required": false, 
      "question_group": null, 
      "options": [], 
      "val_min": null, 
      "val_default": "", 
      "answer_type": "text", 
      "eng_tooltip": "", 
      "val_max": null
    }
  }, 
  {
    "pk": 1, 
    "model": "gwst_app.faqgroup", 
    "fields": {
      "faq_group_name": "Drawing Shapes"
    }
  }, 
  {
    "pk": 1, 
    "model": "gwst_app.faq", 
    "fields": {
      "answer": "The precision of your shapes is important; however, we understand that accuracy will vary between users.  Please just do the best you can with the time you have and provide us with any extra information on boundaries so that our team can make your shapes more accurate.", 
      "importance": 1, 
      "question": "How much precision should I use when drawing shapes?", 
      "faq_group": 1
    }
  }, 
  {
    "pk": 2, 
    "model": "gwst_app.faq", 
    "fields": {
      "answer": "The number of shapes you draw is your choice.  Most people draw anywhere from 2-10 shapes per resource.", 
      "importance": 1, 
      "question": "How many shapes should I draw?", 
      "faq_group": 1
    }
  }, 
  {
    "pk": 3, 
    "model": "gwst_app.faq", 
    "fields": {
      "answer": "The map takes the longest to load.  People without a broadband internet connection may need to wait up to a minute or two the first time they draw shapes.  If you wait and still nothing loads then try refreshing the page. If still nothing then verify you are using a supported browser (IE 6+, Firefox 1.0+, Safari 1.2+, Chrome 2+). If you have a supported browser then next verify you have 'javascript' enabled in your browser preferences. Seek the help of friends and family if you're unsure how to do any of these steps or email us at fish@ecotrust.org.  Another option is simply to try another computer. Computers more than 5 years old are more likely to have issues.", 
      "importance": 1, 
      "question": "Why is the map is not loading for me when I go to draw shapes?", 
      "faq_group": 1
    }
  }
]
