[
  {
    "pk": 1, 
    "model": "auth.user", 
    "fields": {
      "username": "ken", 
      "first_name": "", 
      "last_name": "", 
      "is_active": true, 
      "is_superuser": true, 
      "is_staff": true, 
      "last_login": "2009-06-02 11:17:09", 
      "groups": [], 
      "user_permissions": [], 
      "password": "sha1$a4475$a288560222f949e68985d76550dce47203e01ed7", 
      "email": "k@e.org", 
      "date_joined": "2009-05-21 10:51:22"
    }
  }, 
  {
    "pk": 12, 
    "model": "auth.user", 
    "fields": {
      "username": "twelch", 
      "first_name": "", 
      "last_name": "", 
      "is_active": true, 
      "is_superuser": false, 
      "is_staff": false, 
      "last_login": "2009-07-01 13:21:23", 
      "groups": [], 
      "user_permissions": [], 
      "password": "sha1$27391$54af43a321920966da0cc5d5931fe311bfcf09ec", 
      "email": "", 
      "date_joined": "2009-07-01 13:21:23"
    }
  }, 
  {
    "pk": 13, 
    "model": "auth.user", 
    "fields": {
      "username": "charles", 
      "first_name": "Charles", 
      "last_name": "Steinback", 
      "is_active": true, 
      "is_superuser": false, 
      "is_staff": false, 
      "last_login": "2009-07-16 12:36:14", 
      "groups": [], 
      "user_permissions": [], 
      "password": "sha1$9100e$35ef63fdf06e0644dfbef7fe17c25b81d69494b8", 
      "email": "charles@ecotrust.org", 
      "date_joined": "2009-07-16 12:34:20"
    }
  }, 
  {
    "pk": 14, 
    "model": "auth.user", 
    "fields": {
      "username": "jbonkoski", 
      "first_name": "Jon", 
      "last_name": "Bonkoski", 
      "is_active": true, 
      "is_superuser": true, 
      "is_staff": true, 
      "last_login": "2009-07-16 12:40:36", 
      "groups": [], 
      "user_permissions": [], 
      "password": "sha1$3b6ab$e9957ce4b6834200e678702207f7b80b6ddd3554", 
      "email": "jbonkoski@ecotrust.org", 
      "date_joined": "2009-07-16 12:40:36"
    }
  }, 
  {
    "pk": 15, 
    "model": "auth.user", 
    "fields": {
      "username": "skruse", 
      "first_name": "Sarah", 
      "last_name": "Kruse", 
      "is_active": true, 
      "is_superuser": true, 
      "is_staff": true, 
      "last_login": "2009-07-16 12:42:00", 
      "groups": [], 
      "user_permissions": [], 
      "password": "sha1$02d3c$578ad36cde14518a9a779c42e9fa6157bd0bba37", 
      "email": "skruse@ecotrust.org", 
      "date_joined": "2009-07-16 12:42:00"
    }
  }, 
  {
    "pk": 18, 
    "model": "auth.user", 
    "fields": {
      "username": "lweiss", 
      "first_name": "Leanne", 
      "last_name": "Weiss", 
      "is_active": true, 
      "is_superuser": false, 
      "is_staff": false, 
      "last_login": "2009-07-17 16:18:03", 
      "groups": [], 
      "user_permissions": [], 
      "password": "sha1$84376$4f203e4080b5f4be35651842a5a471de68fcbde5", 
      "email": "lweiss@ecotrust.org", 
      "date_joined": "2009-07-17 16:18:03"
    }
  }, 
  {
    "pk": 19, 
    "model": "auth.user", 
    "fields": {
      "username": "shetrick", 
      "first_name": "Sonya", 
      "last_name": "Hetrick", 
      "is_active": true, 
      "is_superuser": false, 
      "is_staff": false, 
      "last_login": "2009-07-17 16:19:17", 
      "groups": [], 
      "user_permissions": [], 
      "password": "sha1$e6d5b$2296faa9a119332723aa743eec49ec99c83afeee", 
      "email": "shetrick@ecotrust.org", 
      "date_joined": "2009-07-17 16:19:17"
    }
  }, 
  {
    "pk": 2, 
    "model": "auth.user", 
    "fields": {
      "username": "test", 
      "first_name": "test", 
      "last_name": "tester", 
      "is_active": true, 
      "is_superuser": false, 
      "is_staff": false, 
      "last_login": "2009-07-19 22:18:52", 
      "groups": [], 
      "user_permissions": [], 
      "password": "sha1$6ed65$0060004f9cf22802e107939f5adc4365956e08ee", 
      "email": "t@t.org", 
      "date_joined": "2009-06-02 11:50:33"
    }
  }, 
  {
    "pk": 3, 
    "model": "auth.user", 
    "fields": {
      "username": "testadmin", 
      "first_name": "testadmin", 
      "last_name": "ta", 
      "is_active": true, 
      "is_superuser": true, 
      "is_staff": true, 
      "last_login": "2009-07-20 11:00:37", 
      "groups": [], 
      "user_permissions": [], 
      "password": "sha1$6c215$989ff2bd2d3f6625d73b0dc628245cb4d047b001", 
      "email": "ta@t.org", 
      "date_joined": "2009-06-02 11:51:40"
    }
  }, 
  {
    "pk": 2, 
    "model": "gwst_app.region", 
    "fields": {
      "code": "ORCC", 
      "name": "Oregon Central Coast", 
      "bounds": null
    }
  }, 
  {
    "pk": 1, 
    "model": "gwst_app.region", 
    "fields": {
      "code": "NCCA", 
      "name": "California North Coast", 
      "bounds": null
    }
  }, 
  {
    "pk": 1, 
    "model": "gwst_app.resource", 
    "fields": {
      "shape_color": "FF", 
      "code": "sal", 
      "name": "Salmon"
    }
  }, 
  {
    "pk": 2, 
    "model": "gwst_app.resource", 
    "fields": {
      "shape_color": "FF", 
      "code": "tun", 
      "name": "Tuna"
    }
  }, 
  {
    "pk": 4, 
    "model": "gwst_app.resource", 
    "fields": {
      "shape_color": "FF", 
      "code": "dcrb", 
      "name": "Dungeness Crab"
    }
  }, 
  {
    "pk": 5, 
    "model": "gwst_app.resource", 
    "fields": {
      "shape_color": "FF", 
      "code": "phal", 
      "name": "Pacific Halibut"
    }
  }, 
  {
    "pk": 6, 
    "model": "gwst_app.resource", 
    "fields": {
      "shape_color": "FF", 
      "code": "chal", 
      "name": "California Halibut"
    }
  }, 
  {
    "pk": 8, 
    "model": "gwst_app.resource", 
    "fields": {
      "shape_color": "FF", 
      "code": "bait", 
      "name": "Anchovy/Herring (bait fish)"
    }
  }, 
  {
    "pk": 9, 
    "model": "gwst_app.resource", 
    "fields": {
      "shape_color": "FF", 
      "code": "shray", 
      "name": "Sharks/Rays"
    }
  }, 
  {
    "pk": 10, 
    "model": "gwst_app.resource", 
    "fields": {
      "shape_color": "FF", 
      "code": "atna", 
      "name": "Albacore Tuna"
    }
  }, 
  {
    "pk": 11, 
    "model": "gwst_app.resource", 
    "fields": {
      "shape_color": "FF", 
      "code": "hsqd", 
      "name": "Humboldt Squid"
    }
  }, 
  {
    "pk": 3, 
    "model": "gwst_app.resource", 
    "fields": {
      "shape_color": "FF", 
      "code": "rock", 
      "name": "Rockfish/Bottomfish"
    }
  }, 
  {
    "pk": 7, 
    "model": "gwst_app.resource", 
    "fields": {
      "shape_color": "FF", 
      "code": "oflt", 
      "name": "Other Flatfish (soles, turbots)"
    }
  }, 
  {
    "pk": 15, 
    "model": "gwst_app.resource", 
    "fields": {
      "shape_color": "FF", 
      "code": "abl", 
      "name": "Abalone"
    }
  }, 
  {
    "pk": 16, 
    "model": "gwst_app.resource", 
    "fields": {
      "shape_color": "FF", 
      "code": "urch", 
      "name": "Urchin"
    }
  }, 
  {
    "pk": 17, 
    "model": "gwst_app.resource", 
    "fields": {
      "shape_color": "FF", 
      "code": "rscl", 
      "name": "Rock Scallops"
    }
  }, 
  {
    "pk": 14, 
    "model": "gwst_app.resource", 
    "fields": {
      "shape_color": "FF", 
      "code": "sndb", 
      "name": "Sanddabs"
    }
  }, 
  {
    "pk": 18, 
    "model": "gwst_app.resource", 
    "fields": {
      "shape_color": "FF", 
      "code": "rckpr", 
      "name": "Rockfish (Pre-RCA)"
    }
  }, 
  {
    "pk": 19, 
    "model": "gwst_app.resource", 
    "fields": {
      "shape_color": "FF", 
      "code": "rckpo", 
      "name": "Rockfish (Post-RCA)"
    }
  }, 
  {
    "pk": 2, 
    "model": "gwst_app.interview", 
    "fields": {
      "code": "ORRrecfish", 
      "name": "ORCC rec fisherman", 
      "region": 2, 
      "draw_shape_text": "", 
      "active": false, 
      "organization": "Ecotrust", 
      "group_status_text": "", 
      "description": "Oregon central coast rec fishermen"
    }
  }, 
  {
    "pk": 1, 
    "model": "gwst_app.interview", 
    "fields": {
      "code": "NCrecfish", 
      "name": "MLPA North Coast Recreational Fishing Survey", 
      "region": 1, 
      "draw_shape_text": "<div id=\"help_panel\">\r\n\r\n<b> Getting Started </b>\r\n\r\n<p>Please take a few moments to familiarize yourself with the tool before you start drawing shapes.  Brief instructions and demonstration videos can be found by clicking on the \"Instructions\" tab at the top of this window.  These are <u>highly recommended</u> as they will not only help you get started, but show you features that can make this process go much faster.</p>\r\n\r\n<b>How It Works</b>\r\n\r\n<p>The way the drawing process works is <b>for each species</b> group you target, you are given an imaginary bag of <b>100 pennies</b>.  You will draw shapes on the map representing your fishing grounds and then place some number of pennies on those shapes. The more pennies you place on a shape, the more value or importance you are placing on it. Keep doing this until you have drawn all your shapes and used all your pennies.</p>\r\n\r\n<p>How many shapes you draw and how specific you are is up to you.  Most people draw between 3 and 8 shapes per fishery per user group. </p>\r\n\r\n<b>More Help</b>\r\n\r\n<p>To see this information again after closing this window, click the Help button in the upper right.  Additional help can be found on our <a href='/faq' target='_blank'>frequently asked questions</a> page. Please do not hesitate to email <a href=\"mailto:fish@ecotrust.org\">fish@ecotrust.org</a> if you need more help.</p></div>", 
      "active": true, 
      "organization": "Ecotrust", 
      "group_status_text": "Please carefully read all instructions and complete the survey.  You will be asked to answer questions and draw your fishing grounds.  The drawing portion of the survey can be technically challenging for some.  Please understand this is a necessary part of the survey and provides the best representation of your fishing interests.\r\n<br/><br/>\r\nIf you have questions about Ecotrust's involvement in the MLPA process and what your incentive is to reveal your fishing grounds to us, please <a target='_blank' href='http://www.ecotrust.org/mlpa/'>visit our MLPA page</a>.\r\n<br/><br/>\r\nWe are listening to your feedback. If you have technical problems please read our <a href='/faq' target='_blank'>Frequently Asked Questions</a>.  If you are finding the online interview too difficult to complete, please email us at fish@ecotrust.org or call us using the number provided in your registration email and we will find a way to get your information included into this process.\r\n", 
      "description": "rec fish"
    }
  }, 
  {
    "pk": 3, 
    "model": "gwst_app.interviewgroup", 
    "fields": {
      "shape_color": "FF", 
      "code": "prvsl", 
      "name": "Private Vessel", 
      "required_group": false, 
      "preselect": true, 
      "user_draws_shapes": true, 
      "interview": 1, 
      "resources": [
        1, 
        2, 
        4, 
        5, 
        6, 
        8, 
        9, 
        10, 
        11, 
        3, 
        7, 
        14
      ], 
      "description": "private vessel anglers"
    }
  }, 
  {
    "pk": 1, 
    "model": "gwst_app.interviewgroup", 
    "fields": {
      "shape_color": "FF", 
      "code": "div", 
      "name": "Dive/Spear", 
      "required_group": false, 
      "preselect": true, 
      "user_draws_shapes": true, 
      "interview": 1, 
      "resources": [
        3, 
        15, 
        16, 
        17
      ], 
      "description": "Diving and spear/hand take"
    }
  }, 
  {
    "pk": 4, 
    "model": "gwst_app.interviewgroup", 
    "fields": {
      "shape_color": "FF", 
      "code": "div", 
      "name": "Dive/Spear", 
      "required_group": false, 
      "preselect": true, 
      "user_draws_shapes": true, 
      "interview": 2, 
      "resources": [
        1
      ], 
      "description": "Diving and spear/hand take"
    }
  }, 
  {
    "pk": 5, 
    "model": "gwst_app.interviewgroup", 
    "fields": {
      "shape_color": "FF", 
      "code": "pri", 
      "name": "Sport Boat", 
      "required_group": false, 
      "preselect": true, 
      "user_draws_shapes": true, 
      "interview": 2, 
      "resources": [
        3
      ], 
      "description": "Private Vessel"
    }
  }, 
  {
    "pk": 6, 
    "model": "gwst_app.interviewgroup", 
    "fields": {
      "shape_color": "FF", 
      "code": "main", 
      "name": "Main Questions", 
      "required_group": true, 
      "preselect": true, 
      "user_draws_shapes": false, 
      "interview": 1, 
      "resources": [], 
      "description": "General questions"
    }
  }, 
  {
    "pk": 7, 
    "model": "gwst_app.interviewgroup", 
    "fields": {
      "shape_color": "FF", 
      "code": "main", 
      "name": "Main Questions", 
      "required_group": true, 
      "preselect": true, 
      "user_draws_shapes": false, 
      "interview": 2, 
      "resources": [], 
      "description": "General Questions"
    }
  }, 
  {
    "pk": 2, 
    "model": "gwst_app.interviewgroup", 
    "fields": {
      "shape_color": "FF", 
      "code": "kyk", 
      "name": "Kayak", 
      "required_group": false, 
      "preselect": true, 
      "user_draws_shapes": true, 
      "interview": 1, 
      "resources": [
        1, 
        6, 
        8, 
        9, 
        3, 
        14
      ], 
      "description": "kayakers"
    }
  }, 
  {
    "pk": 2, 
    "model": "gwst_app.interviewgroupmembership", 
    "fields": {
      "status": "finalized", 
      "user_status_msg": "2/2 resource group(s) complete", 
      "date_completed": "2009-07-19 22:28:29", 
      "int_group": 1, 
      "completed": false, 
      "num_complete_resources": 2, 
      "reviewed": false, 
      "date_reviewed": null, 
      "user": 2, 
      "date_started": "2009-07-19 22:20:04", 
      "percent_involvement": 40, 
      "num_incomplete_resources": 0
    }
  }, 
  {
    "pk": 4, 
    "model": "gwst_app.interviewgroupmembership", 
    "fields": {
      "status": "in-progress", 
      "user_status_msg": "no shapes drawn", 
      "date_completed": null, 
      "int_group": 2, 
      "completed": false, 
      "num_complete_resources": 0, 
      "reviewed": false, 
      "date_reviewed": null, 
      "user": 2, 
      "date_started": "2009-07-19 22:28:47", 
      "percent_involvement": 30, 
      "num_incomplete_resources": 2
    }
  }, 
  {
    "pk": 3, 
    "model": "gwst_app.interviewgroupmembership", 
    "fields": {
      "status": "not yet started", 
      "user_status_msg": "no shapes drawn", 
      "date_completed": null, 
      "int_group": 3, 
      "completed": false, 
      "num_complete_resources": 0, 
      "reviewed": false, 
      "date_reviewed": null, 
      "user": 2, 
      "date_started": null, 
      "percent_involvement": 30, 
      "num_incomplete_resources": 0
    }
  }, 
  {
    "pk": 1, 
    "model": "gwst_app.interviewgroupmembership", 
    "fields": {
      "status": "finalized", 
      "user_status_msg": "no shapes drawn", 
      "date_completed": "2009-07-19 22:19:32", 
      "int_group": 6, 
      "completed": false, 
      "num_complete_resources": 0, 
      "reviewed": false, 
      "date_reviewed": null, 
      "user": 2, 
      "date_started": "2009-07-19 22:19:27", 
      "percent_involvement": null, 
      "num_incomplete_resources": 0
    }
  }, 
  {
    "pk": 1, 
    "model": "gwst_app.groupmemberresource", 
    "fields": {
      "resource": 1, 
      "group_membership": 4
    }
  }, 
  {
    "pk": 2, 
    "model": "gwst_app.groupmemberresource", 
    "fields": {
      "resource": 6, 
      "group_membership": 4
    }
  }, 
  {
    "pk": 3, 
    "model": "gwst_app.groupmemberresource", 
    "fields": {
      "resource": 8, 
      "group_membership": 4
    }
  }, 
  {
    "pk": 4, 
    "model": "gwst_app.groupmemberresource", 
    "fields": {
      "resource": 3, 
      "group_membership": 2
    }
  }, 
  {
    "pk": 5, 
    "model": "gwst_app.groupmemberresource", 
    "fields": {
      "resource": 16, 
      "group_membership": 2
    }
  }, 
  {
    "pk": 1, 
    "model": "gwst_app.interviewansweroption", 
    "fields": {
      "display_order": 0.0, 
      "eng_text": "Yes!"
    }
  }, 
  {
    "pk": 2, 
    "model": "gwst_app.interviewansweroption", 
    "fields": {
      "display_order": 1.5, 
      "eng_text": "No."
    }
  }, 
  {
    "pk": 3, 
    "model": "gwst_app.interviewansweroption", 
    "fields": {
      "display_order": 2.0, 
      "eng_text": "Don't mind if I do!"
    }
  }, 
  {
    "pk": 4, 
    "model": "gwst_app.interviewansweroption", 
    "fields": {
      "display_order": 4.0, 
      "eng_text": "Male"
    }
  }, 
  {
    "pk": 5, 
    "model": "gwst_app.interviewansweroption", 
    "fields": {
      "display_order": 5.0, 
      "eng_text": "Female"
    }
  }, 
  {
    "pk": 6, 
    "model": "gwst_app.interviewansweroption", 
    "fields": {
      "display_order": 1.0, 
      "eng_text": "Swimming"
    }
  }, 
  {
    "pk": 7, 
    "model": "gwst_app.interviewansweroption", 
    "fields": {
      "display_order": 2.0, 
      "eng_text": "Kayak"
    }
  }, 
  {
    "pk": 8, 
    "model": "gwst_app.interviewansweroption", 
    "fields": {
      "display_order": 3.0, 
      "eng_text": "Private Boat"
    }
  }, 
  {
    "pk": 9, 
    "model": "gwst_app.interviewansweroption", 
    "fields": {
      "display_order": 1.0, 
      "eng_text": "Free dive"
    }
  }, 
  {
    "pk": 10, 
    "model": "gwst_app.interviewansweroption", 
    "fields": {
      "display_order": 2.0, 
      "eng_text": "Scuba Dive"
    }
  }, 
  {
    "pk": 11, 
    "model": "gwst_app.interviewansweroption", 
    "fields": {
      "display_order": 1.0, 
      "eng_text": "Trailer"
    }
  }, 
  {
    "pk": 12, 
    "model": "gwst_app.interviewansweroption", 
    "fields": {
      "display_order": 2.0, 
      "eng_text": "Slip"
    }
  }, 
  {
    "pk": 13, 
    "model": "gwst_app.interviewansweroption", 
    "fields": {
      "display_order": 3.0, 
      "eng_text": "Dry Dock"
    }
  }, 
  {
    "pk": 14, 
    "model": "gwst_app.interviewansweroption", 
    "fields": {
      "display_order": 4.0, 
      "eng_text": "Paddleboard"
    }
  }, 
  {
    "pk": 15, 
    "model": "gwst_app.interviewansweroption", 
    "fields": {
      "display_order": 1.0, 
      "eng_text": "Motor"
    }
  }, 
  {
    "pk": 16, 
    "model": "gwst_app.interviewansweroption", 
    "fields": {
      "display_order": 2.0, 
      "eng_text": "Non-motorized"
    }
  }, 
  {
    "pk": 1, 
    "model": "gwst_app.questiongroupvalidator", 
    "fields": {
      "description": "Sum to 100", 
      "param_4": "", 
      "param_1": "100", 
      "param_3": "", 
      "param_2": "", 
      "type": "sum"
    }
  }, 
  {
    "pk": 1, 
    "model": "gwst_app.questiongroup", 
    "fields": {
      "code": "dive_perc", 
      "eng_text": "What percentage of your dives are", 
      "validators": [
        1
      ]
    }
  }, 
  {
    "pk": 1, 
    "model": "gwst_app.interviewquestion", 
    "fields": {
      "code": "num_dives", 
      "eng_text": "Average number of dives per trip", 
      "int_group": 1, 
      "question_set": null, 
      "display_order": 1.0, 
      "required": true, 
      "question_group": null, 
      "options": [], 
      "val_min": 1.0, 
      "val_default": "", 
      "answer_type": "integer", 
      "eng_tooltip": "", 
      "val_max": 100.0
    }
  }, 
  {
    "pk": 31, 
    "model": "gwst_app.interviewquestion", 
    "fields": {
      "code": "access", 
      "eng_text": "Primary access method to dive locations", 
      "int_group": 1, 
      "question_set": null, 
      "display_order": 2.0, 
      "required": true, 
      "question_group": null, 
      "options": [
        6, 
        7, 
        8, 
        14
      ], 
      "val_min": null, 
      "val_default": "", 
      "answer_type": "select", 
      "eng_tooltip": "", 
      "val_max": null
    }
  }, 
  {
    "pk": 32, 
    "model": "gwst_app.interviewquestion", 
    "fields": {
      "code": "dive_meth", 
      "eng_text": "Primary dive method", 
      "int_group": 1, 
      "question_set": null, 
      "display_order": 3.0, 
      "required": true, 
      "question_group": null, 
      "options": [
        9, 
        10
      ], 
      "val_min": null, 
      "val_default": "", 
      "answer_type": "select", 
      "eng_tooltip": "", 
      "val_max": null
    }
  }, 
  {
    "pk": 33, 
    "model": "gwst_app.interviewquestion", 
    "fields": {
      "code": "dive_shore", 
      "eng_text": "What percentage of your dives are shore based?", 
      "int_group": 1, 
      "question_set": null, 
      "display_order": 4.0, 
      "required": true, 
      "question_group": 1, 
      "options": [], 
      "val_min": 0.0, 
      "val_default": "0", 
      "answer_type": "integer", 
      "eng_tooltip": "Percentage of dives from which you start out from the mainland", 
      "val_max": 100.0
    }
  }, 
  {
    "pk": 34, 
    "model": "gwst_app.interviewquestion", 
    "fields": {
      "code": "dive_isle", 
      "eng_text": "What percentage of your dives are island based?", 
      "int_group": 1, 
      "question_set": null, 
      "display_order": 5.0, 
      "required": true, 
      "question_group": 1, 
      "options": [], 
      "val_min": 0.0, 
      "val_default": "0", 
      "answer_type": "integer", 
      "eng_tooltip": "Percentage of dives from which you start out from an island", 
      "val_max": 100.0
    }
  }, 
  {
    "pk": 2, 
    "model": "gwst_app.interviewquestion", 
    "fields": {
      "code": "launch1", 
      "eng_text": "Launch port/site 1", 
      "int_group": 2, 
      "question_set": null, 
      "display_order": 1.0, 
      "required": true, 
      "question_group": null, 
      "options": [], 
      "val_min": null, 
      "val_default": "", 
      "answer_type": "text", 
      "eng_tooltip": "Ports and sites you launch your kayak from", 
      "val_max": null
    }
  }, 
  {
    "pk": 26, 
    "model": "gwst_app.interviewquestion", 
    "fields": {
      "code": "launch2", 
      "eng_text": "Launch port/site 2", 
      "int_group": 2, 
      "question_set": null, 
      "display_order": 2.0, 
      "required": false, 
      "question_group": null, 
      "options": [], 
      "val_min": null, 
      "val_default": "", 
      "answer_type": "text", 
      "eng_tooltip": "Ports and sites you launch your kayak from", 
      "val_max": null
    }
  }, 
  {
    "pk": 27, 
    "model": "gwst_app.interviewquestion", 
    "fields": {
      "code": "launch3", 
      "eng_text": "Launch port/site 3", 
      "int_group": 2, 
      "question_set": null, 
      "display_order": 3.0, 
      "required": false, 
      "question_group": null, 
      "options": [], 
      "val_min": null, 
      "val_default": "", 
      "answer_type": "text", 
      "eng_tooltip": "Ports and sites you launch your kayak from", 
      "val_max": null
    }
  }, 
  {
    "pk": 28, 
    "model": "gwst_app.interviewquestion", 
    "fields": {
      "code": "launch4", 
      "eng_text": "Launch port/site 4", 
      "int_group": 2, 
      "question_set": null, 
      "display_order": 4.0, 
      "required": false, 
      "question_group": null, 
      "options": [], 
      "val_min": null, 
      "val_default": "", 
      "answer_type": "text", 
      "eng_tooltip": "Ports and sites you launch your kayak from", 
      "val_max": null
    }
  }, 
  {
    "pk": 29, 
    "model": "gwst_app.interviewquestion", 
    "fields": {
      "code": "years_exp", 
      "eng_text": "How many years experience do you have fishing from a kayak?", 
      "int_group": 2, 
      "question_set": null, 
      "display_order": 5.0, 
      "required": true, 
      "question_group": null, 
      "options": [], 
      "val_min": 0.0, 
      "val_default": "", 
      "answer_type": "integer", 
      "eng_tooltip": "", 
      "val_max": 100.0
    }
  }, 
  {
    "pk": 30, 
    "model": "gwst_app.interviewquestion", 
    "fields": {
      "code": "days_fish", 
      "eng_text": "How many days on average do you spend each year fishing from a kayak?", 
      "int_group": 2, 
      "question_set": null, 
      "display_order": 6.0, 
      "required": true, 
      "question_group": null, 
      "options": [], 
      "val_min": 1.0, 
      "val_default": "", 
      "answer_type": "integer", 
      "eng_tooltip": "", 
      "val_max": 365.0
    }
  }, 
  {
    "pk": 12, 
    "model": "gwst_app.interviewquestion", 
    "fields": {
      "code": "boat_type", 
      "eng_text": "Type of boat", 
      "int_group": 3, 
      "question_set": null, 
      "display_order": 1.0, 
      "required": true, 
      "question_group": null, 
      "options": [
        15, 
        16
      ], 
      "val_min": null, 
      "val_default": "", 
      "answer_type": "select", 
      "eng_tooltip": "", 
      "val_max": null
    }
  }, 
  {
    "pk": 13, 
    "model": "gwst_app.interviewquestion", 
    "fields": {
      "code": "dfg_num", 
      "eng_text": "CDFG Boat Number", 
      "int_group": 3, 
      "question_set": null, 
      "display_order": 2.0, 
      "required": true, 
      "question_group": null, 
      "options": [], 
      "val_min": null, 
      "val_default": "", 
      "answer_type": "text", 
      "eng_tooltip": "", 
      "val_max": null
    }
  }, 
  {
    "pk": 14, 
    "model": "gwst_app.interviewquestion", 
    "fields": {
      "code": "yrs_op", 
      "eng_text": "Years operating a sport boat", 
      "int_group": 3, 
      "question_set": null, 
      "display_order": 3.0, 
      "required": true, 
      "question_group": null, 
      "options": [], 
      "val_min": 0.0, 
      "val_default": "", 
      "answer_type": "integer", 
      "eng_tooltip": "", 
      "val_max": 100.0
    }
  }, 
  {
    "pk": 15, 
    "model": "gwst_app.interviewquestion", 
    "fields": {
      "code": "yrs_own", 
      "eng_text": "Years owning a sport boat", 
      "int_group": 3, 
      "question_set": null, 
      "display_order": 4.0, 
      "required": true, 
      "question_group": null, 
      "options": [], 
      "val_min": 0.0, 
      "val_default": "", 
      "answer_type": "integer", 
      "eng_tooltip": "", 
      "val_max": 100.0
    }
  }, 
  {
    "pk": 16, 
    "model": "gwst_app.interviewquestion", 
    "fields": {
      "code": "v_length", 
      "eng_text": "Vessel length (in feet)", 
      "int_group": 3, 
      "question_set": null, 
      "display_order": 5.0, 
      "required": true, 
      "question_group": null, 
      "options": [], 
      "val_min": 6.0, 
      "val_default": "", 
      "answer_type": "integer", 
      "eng_tooltip": "", 
      "val_max": 200.0
    }
  }, 
  {
    "pk": 17, 
    "model": "gwst_app.interviewquestion", 
    "fields": {
      "code": "storage", 
      "eng_text": "Storage location", 
      "int_group": 3, 
      "question_set": null, 
      "display_order": 6.0, 
      "required": true, 
      "question_group": null, 
      "options": [
        11, 
        12, 
        13
      ], 
      "val_min": null, 
      "val_default": "", 
      "answer_type": "select", 
      "eng_tooltip": "", 
      "val_max": null
    }
  }, 
  {
    "pk": 18, 
    "model": "gwst_app.interviewquestion", 
    "fields": {
      "code": "homeport", 
      "eng_text": "Home port (dock/moorage)", 
      "int_group": 3, 
      "question_set": null, 
      "display_order": 7.0, 
      "required": true, 
      "question_group": null, 
      "options": [], 
      "val_min": null, 
      "val_default": "", 
      "answer_type": "text", 
      "eng_tooltip": "", 
      "val_max": null
    }
  }, 
  {
    "pk": 19, 
    "model": "gwst_app.interviewquestion", 
    "fields": {
      "code": "launch1", 
      "eng_text": "Launch Port 1 (In addition to home port)", 
      "int_group": 3, 
      "question_set": null, 
      "display_order": 8.0, 
      "required": false, 
      "question_group": null, 
      "options": [], 
      "val_min": null, 
      "val_default": "", 
      "answer_type": "text", 
      "eng_tooltip": "", 
      "val_max": null
    }
  }, 
  {
    "pk": 20, 
    "model": "gwst_app.interviewquestion", 
    "fields": {
      "code": "launch2", 
      "eng_text": "Launch Port 2", 
      "int_group": 3, 
      "question_set": null, 
      "display_order": 9.0, 
      "required": false, 
      "question_group": null, 
      "options": [], 
      "val_min": null, 
      "val_default": "", 
      "answer_type": "text", 
      "eng_tooltip": "", 
      "val_max": null
    }
  }, 
  {
    "pk": 21, 
    "model": "gwst_app.interviewquestion", 
    "fields": {
      "code": "launch3", 
      "eng_text": "Launch Port 3", 
      "int_group": 3, 
      "question_set": null, 
      "display_order": 10.0, 
      "required": false, 
      "question_group": null, 
      "options": [], 
      "val_min": null, 
      "val_default": "", 
      "answer_type": "text", 
      "eng_tooltip": "", 
      "val_max": null
    }
  }, 
  {
    "pk": 22, 
    "model": "gwst_app.interviewquestion", 
    "fields": {
      "code": "launch4", 
      "eng_text": "Launch Port 4", 
      "int_group": 3, 
      "question_set": null, 
      "display_order": 11.0, 
      "required": false, 
      "question_group": null, 
      "options": [], 
      "val_min": null, 
      "val_default": "", 
      "answer_type": "text", 
      "eng_tooltip": "", 
      "val_max": null
    }
  }, 
  {
    "pk": 23, 
    "model": "gwst_app.interviewquestion", 
    "fields": {
      "code": "yrs_exp", 
      "eng_text": "Years experience fishing from a sport boat", 
      "int_group": 3, 
      "question_set": null, 
      "display_order": 12.0, 
      "required": true, 
      "question_group": null, 
      "options": [], 
      "val_min": 1.0, 
      "val_default": "", 
      "answer_type": "integer", 
      "eng_tooltip": "", 
      "val_max": 120.0
    }
  }, 
  {
    "pk": 24, 
    "model": "gwst_app.interviewquestion", 
    "fields": {
      "code": "avg_ppl", 
      "eng_text": "Average number of individuals with you on a boat per trip (not including self)", 
      "int_group": 3, 
      "question_set": null, 
      "display_order": 13.0, 
      "required": true, 
      "question_group": null, 
      "options": [], 
      "val_min": 1.0, 
      "val_default": "", 
      "answer_type": "integer", 
      "eng_tooltip": "", 
      "val_max": 100.0
    }
  }, 
  {
    "pk": 25, 
    "model": "gwst_app.interviewquestion", 
    "fields": {
      "code": "avg_days", 
      "eng_text": "Average number of days fishing from a sport boat per year", 
      "int_group": 3, 
      "question_set": null, 
      "display_order": 14.0, 
      "required": true, 
      "question_group": null, 
      "options": [], 
      "val_min": 0.0, 
      "val_default": "", 
      "answer_type": "integer", 
      "eng_tooltip": "", 
      "val_max": 365.0
    }
  }, 
  {
    "pk": 3, 
    "model": "gwst_app.interviewquestion", 
    "fields": {
      "code": "city", 
      "eng_text": "City/Town", 
      "int_group": 6, 
      "question_set": null, 
      "display_order": 1.0, 
      "required": true, 
      "question_group": null, 
      "options": [], 
      "val_min": null, 
      "val_default": "", 
      "answer_type": "text", 
      "eng_tooltip": "#", 
      "val_max": null
    }
  }, 
  {
    "pk": 4, 
    "model": "gwst_app.interviewquestion", 
    "fields": {
      "code": "state", 
      "eng_text": "State", 
      "int_group": 6, 
      "question_set": null, 
      "display_order": 2.0, 
      "required": true, 
      "question_group": null, 
      "options": [], 
      "val_min": null, 
      "val_default": "CA", 
      "answer_type": "text", 
      "eng_tooltip": "", 
      "val_max": null
    }
  }, 
  {
    "pk": 5, 
    "model": "gwst_app.interviewquestion", 
    "fields": {
      "code": "phone", 
      "eng_text": "Phone Number", 
      "int_group": 6, 
      "question_set": null, 
      "display_order": 3.0, 
      "required": false, 
      "question_group": null, 
      "options": [], 
      "val_min": null, 
      "val_default": "", 
      "answer_type": "phone", 
      "eng_tooltip": "", 
      "val_max": null
    }
  }, 
  {
    "pk": 6, 
    "model": "gwst_app.interviewquestion", 
    "fields": {
      "code": "age", 
      "eng_text": "Age", 
      "int_group": 6, 
      "question_set": null, 
      "display_order": 4.0, 
      "required": true, 
      "question_group": null, 
      "options": [], 
      "val_min": 10.0, 
      "val_default": "", 
      "answer_type": "integer", 
      "eng_tooltip": "", 
      "val_max": 120.0
    }
  }, 
  {
    "pk": 7, 
    "model": "gwst_app.interviewquestion", 
    "fields": {
      "code": "gender", 
      "eng_text": "Gender", 
      "int_group": 6, 
      "question_set": null, 
      "display_order": 5.0, 
      "required": true, 
      "question_group": null, 
      "options": [
        4, 
        5
      ], 
      "val_min": null, 
      "val_default": "", 
      "answer_type": "select", 
      "eng_tooltip": "", 
      "val_max": null
    }
  }, 
  {
    "pk": 8, 
    "model": "gwst_app.interviewquestion", 
    "fields": {
      "code": "boat_type", 
      "eng_text": "Type of boat", 
      "int_group": 5, 
      "question_set": null, 
      "display_order": 1.0, 
      "required": false, 
      "question_group": null, 
      "options": [], 
      "val_min": null, 
      "val_default": "", 
      "answer_type": "text", 
      "eng_tooltip": "", 
      "val_max": null
    }
  }, 
  {
    "pk": 9, 
    "model": "gwst_app.interviewquestion", 
    "fields": {
      "code": "boat_num", 
      "eng_text": "Department of Fish and Game boat number", 
      "int_group": 5, 
      "question_set": null, 
      "display_order": 2.0, 
      "required": false, 
      "question_group": null, 
      "options": [], 
      "val_min": null, 
      "val_default": "", 
      "answer_type": "text", 
      "eng_tooltip": "", 
      "val_max": null
    }
  }, 
  {
    "pk": 10, 
    "model": "gwst_app.interviewquestion", 
    "fields": {
      "code": "yrs_op", 
      "eng_text": "Years operating a sport boat", 
      "int_group": 5, 
      "question_set": null, 
      "display_order": 3.0, 
      "required": false, 
      "question_group": null, 
      "options": [], 
      "val_min": null, 
      "val_default": "", 
      "answer_type": "text", 
      "eng_tooltip": "", 
      "val_max": null
    }
  }, 
  {
    "pk": 1, 
    "model": "gwst_app.interviewinstructions", 
    "fields": {
      "question_set": null, 
      "eng_text": "Please answer these questions in relation to dive/spear angling only. The information you provide will be kept confidential.", 
      "int_group": 1
    }
  }, 
  {
    "pk": 2, 
    "model": "gwst_app.interviewinstructions", 
    "fields": {
      "question_set": null, 
      "eng_text": "Please answer these questions in relation to kayak angling only. The information you provide will be kept confidential.", 
      "int_group": 2
    }
  }, 
  {
    "pk": 3, 
    "model": "gwst_app.interviewinstructions", 
    "fields": {
      "question_set": null, 
      "eng_text": "Please answer these questions in relation to private vessel angling only. The information you provide will be kept confidential.", 
      "int_group": 3
    }
  }, 
  {
    "pk": 4, 
    "model": "gwst_app.interviewinstructions", 
    "fields": {
      "question_set": null, 
      "eng_text": "Please answer these general questions. The information you provide will be kept confidential.", 
      "int_group": 6
    }
  }, 
  {
    "pk": 24, 
    "model": "gwst_app.interviewanswer", 
    "fields": {
      "last_modified": "2009-07-17 15:50:26", 
      "num_times_saved": 1, 
      "int_question": 3, 
      "creation_date": "2009-07-17 15:50:26", 
      "option_val": null, 
      "boolean_val": null, 
      "user": 2, 
      "decimal_val": null, 
      "integer_val": null, 
      "text_val": "Fort Bragg"
    }
  }, 
  {
    "pk": 25, 
    "model": "gwst_app.interviewanswer", 
    "fields": {
      "last_modified": "2009-07-17 15:50:26", 
      "num_times_saved": 1, 
      "int_question": 4, 
      "creation_date": "2009-07-17 15:50:26", 
      "option_val": null, 
      "boolean_val": null, 
      "user": 2, 
      "decimal_val": null, 
      "integer_val": null, 
      "text_val": "CA"
    }
  }, 
  {
    "pk": 26, 
    "model": "gwst_app.interviewanswer", 
    "fields": {
      "last_modified": "2009-07-17 15:50:26", 
      "num_times_saved": 1, 
      "int_question": 5, 
      "creation_date": "2009-07-17 15:50:26", 
      "option_val": null, 
      "boolean_val": null, 
      "user": 2, 
      "decimal_val": null, 
      "integer_val": null, 
      "text_val": "123-123-3444"
    }
  }, 
  {
    "pk": 27, 
    "model": "gwst_app.interviewanswer", 
    "fields": {
      "last_modified": "2009-07-17 15:50:26", 
      "num_times_saved": 1, 
      "int_question": 6, 
      "creation_date": "2009-07-17 15:50:26", 
      "option_val": null, 
      "boolean_val": null, 
      "user": 2, 
      "decimal_val": null, 
      "integer_val": 29, 
      "text_val": "29"
    }
  }, 
  {
    "pk": 28, 
    "model": "gwst_app.interviewanswer", 
    "fields": {
      "last_modified": "2009-07-17 15:50:26", 
      "num_times_saved": 1, 
      "int_question": 7, 
      "creation_date": "2009-07-17 15:50:26", 
      "option_val": 4, 
      "boolean_val": null, 
      "user": 2, 
      "decimal_val": null, 
      "integer_val": null, 
      "text_val": "Male"
    }
  }, 
  {
    "pk": 29, 
    "model": "gwst_app.interviewanswer", 
    "fields": {
      "last_modified": "2009-07-17 15:50:26", 
      "num_times_saved": 1, 
      "int_question": 1, 
      "creation_date": "2009-07-17 15:50:26", 
      "option_val": null, 
      "boolean_val": null, 
      "user": 2, 
      "decimal_val": null, 
      "integer_val": 4, 
      "text_val": "4"
    }
  }, 
  {
    "pk": 30, 
    "model": "gwst_app.interviewanswer", 
    "fields": {
      "last_modified": "2009-07-17 15:50:26", 
      "num_times_saved": 1, 
      "int_question": 31, 
      "creation_date": "2009-07-17 15:50:26", 
      "option_val": 8, 
      "boolean_val": null, 
      "user": 2, 
      "decimal_val": null, 
      "integer_val": null, 
      "text_val": "Private Boat"
    }
  }, 
  {
    "pk": 31, 
    "model": "gwst_app.interviewanswer", 
    "fields": {
      "last_modified": "2009-07-17 15:50:26", 
      "num_times_saved": 1, 
      "int_question": 32, 
      "creation_date": "2009-07-17 15:50:26", 
      "option_val": 9, 
      "boolean_val": null, 
      "user": 2, 
      "decimal_val": null, 
      "integer_val": null, 
      "text_val": "Free dive"
    }
  }, 
  {
    "pk": 32, 
    "model": "gwst_app.interviewanswer", 
    "fields": {
      "last_modified": "2009-07-17 15:50:26", 
      "num_times_saved": 1, 
      "int_question": 33, 
      "creation_date": "2009-07-17 15:50:26", 
      "option_val": null, 
      "boolean_val": null, 
      "user": 2, 
      "decimal_val": null, 
      "integer_val": 80, 
      "text_val": "80"
    }
  }, 
  {
    "pk": 33, 
    "model": "gwst_app.interviewanswer", 
    "fields": {
      "last_modified": "2009-07-17 15:50:26", 
      "num_times_saved": 1, 
      "int_question": 34, 
      "creation_date": "2009-07-17 15:50:26", 
      "option_val": null, 
      "boolean_val": null, 
      "user": 2, 
      "decimal_val": null, 
      "integer_val": 20, 
      "text_val": "20"
    }
  }, 
  {
    "pk": 34, 
    "model": "gwst_app.interviewanswer", 
    "fields": {
      "last_modified": "2009-07-17 15:50:26", 
      "num_times_saved": 1, 
      "int_question": 2, 
      "creation_date": "2009-07-17 15:50:26", 
      "option_val": null, 
      "boolean_val": null, 
      "user": 2, 
      "decimal_val": null, 
      "integer_val": null, 
      "text_val": "Moore Landing"
    }
  }, 
  {
    "pk": 35, 
    "model": "gwst_app.interviewanswer", 
    "fields": {
      "last_modified": "2009-07-17 15:50:26", 
      "num_times_saved": 1, 
      "int_question": 26, 
      "creation_date": "2009-07-17 15:50:26", 
      "option_val": null, 
      "boolean_val": null, 
      "user": 2, 
      "decimal_val": null, 
      "integer_val": null, 
      "text_val": ""
    }
  }, 
  {
    "pk": 36, 
    "model": "gwst_app.interviewanswer", 
    "fields": {
      "last_modified": "2009-07-17 15:50:26", 
      "num_times_saved": 1, 
      "int_question": 27, 
      "creation_date": "2009-07-17 15:50:26", 
      "option_val": null, 
      "boolean_val": null, 
      "user": 2, 
      "decimal_val": null, 
      "integer_val": null, 
      "text_val": ""
    }
  }, 
  {
    "pk": 37, 
    "model": "gwst_app.interviewanswer", 
    "fields": {
      "last_modified": "2009-07-17 15:50:26", 
      "num_times_saved": 1, 
      "int_question": 28, 
      "creation_date": "2009-07-17 15:50:26", 
      "option_val": null, 
      "boolean_val": null, 
      "user": 2, 
      "decimal_val": null, 
      "integer_val": null, 
      "text_val": ""
    }
  }, 
  {
    "pk": 38, 
    "model": "gwst_app.interviewanswer", 
    "fields": {
      "last_modified": "2009-07-17 15:50:26", 
      "num_times_saved": 1, 
      "int_question": 29, 
      "creation_date": "2009-07-17 15:50:26", 
      "option_val": null, 
      "boolean_val": null, 
      "user": 2, 
      "decimal_val": null, 
      "integer_val": 20, 
      "text_val": "20"
    }
  }, 
  {
    "pk": 39, 
    "model": "gwst_app.interviewanswer", 
    "fields": {
      "last_modified": "2009-07-17 15:50:26", 
      "num_times_saved": 1, 
      "int_question": 30, 
      "creation_date": "2009-07-17 15:50:26", 
      "option_val": null, 
      "boolean_val": null, 
      "user": 2, 
      "decimal_val": null, 
      "integer_val": 50, 
      "text_val": "50"
    }
  }, 
  {
    "pk": 1, 
    "model": "gwst_app.interviewstatus", 
    "fields": {
      "completed": false, 
      "first_login": "2009-07-17 08:01:22", 
      "creation_date": "2009-07-17 08:01:16", 
      "num_logins": 8, 
      "last_login": "2009-07-19 22:18:53", 
      "user": 2, 
      "interview": 1, 
      "complete_date": null, 
      "notes": null
    }
  }, 
  {
    "pk": 14, 
    "model": "gwst_app.interviewshape", 
    "fields": {
      "edit_notes": null, 
      "boundary_s": "", 
      "resource": 3, 
      "boundary_w": "", 
      "int_group": 1, 
      "geometry": "POLYGON ((-345915.4879061896353960 217291.4983808280085213, -348738.3356987739680335 219257.3696498319332022, -348683.2797331332694739 221216.3712045532302000, -346654.4972500822041184 221977.9804819166020025, -344483.0851388197042979 219894.8603085979120806, -344798.4475984877790324 218005.2140957480878569, -345915.4879061896353960 217291.4983808280085213))", 
      "pennies": 25, 
      "edit_status": "unedited", 
      "creation_date": "2009-07-17 15:50:26", 
      "geometry_clipped": "POLYGON ((-345915.4879061896353960 217291.4983808280085213, -348738.3356987739680335 219257.3696498319332022, -348683.2797331332694739 221216.3712045532302000, -346654.4972500822041184 221977.9804819166020025, -344483.0851388197042979 219894.8603085979120806, -344798.4475984877790324 218005.2140957480878569, -345915.4879061896353960 217291.4983808280085213))", 
      "num_times_saved": 2, 
      "last_modified": "2009-07-19 22:26:40", 
      "boundary_e": "", 
      "user": 2, 
      "boundary_n": "", 
      "geometry_edited": null
    }
  }, 
  {
    "pk": 17, 
    "model": "gwst_app.interviewshape", 
    "fields": {
      "edit_notes": null, 
      "boundary_s": "", 
      "resource": 3, 
      "boundary_w": "", 
      "int_group": 1, 
      "geometry": "POLYGON ((-348710.4910617182031274 217177.1234679896733724, -348042.0735857640393078 218378.2849793763598427, -346026.2127807400538586 217105.8743938720435835, -344516.0697059460217133 217912.6653814055607654, -344388.5575185164925642 218752.7132491884985939, -342217.6782304184744135 217924.9782411867054179, -344966.6729066796833649 215435.1160986046306789, -348710.4910617182031274 217177.1234679896733724))", 
      "pennies": 25, 
      "edit_status": "unedited", 
      "creation_date": "2009-07-17 15:50:26", 
      "geometry_clipped": "POLYGON ((-348710.4910617184941657 217177.1234679826011416, -348042.0735857379622757 218378.2849793770583346, -346026.2127807749202475 217105.8743938720435835, -344516.0697059679077938 217912.6653814020392019, -344388.5575185382622294 218752.7132491871016100, -342217.6782304184744135 217924.9782411867054179, -344966.6729066796833649 215435.1160986046306789, -348710.4910617184941657 217177.1234679826011416))", 
      "num_times_saved": 2, 
      "last_modified": "2009-07-19 22:26:50", 
      "boundary_e": "", 
      "user": 2, 
      "boundary_n": "", 
      "geometry_edited": null
    }
  }, 
  {
    "pk": 15, 
    "model": "gwst_app.interviewshape", 
    "fields": {
      "edit_notes": null, 
      "boundary_s": "", 
      "resource": 3, 
      "boundary_w": "20 Fathoms", 
      "int_group": 1, 
      "geometry": "POLYGON ((-337929.4875068296678364 220760.1208810120588169, -341570.0359661797410809 218658.8983710910542868, -340030.3946448983624578 216866.4646944738924503, -339570.0173069594311528 215939.2541728943469934, -338025.8069578740978613 215640.3290559376473539, -335855.4449991325964220 217687.7911122799268924, -337929.4875068296678364 220760.1208810120588169))", 
      "pennies": 40, 
      "edit_status": "unedited", 
      "creation_date": "2009-07-17 15:50:26", 
      "geometry_clipped": "POLYGON ((-340030.3946448983624578 216866.4646944738924503, -341570.0359661797410809 218658.8983710910542868, -338339.1705488562001847 220523.6633143941289745, -337943.8750000346335582 219520.5625000015716068, -337331.4062500127474777 218625.0624999982828740, -336700.2812499782303348 217908.2499999959254637, -336025.2040544105111621 217527.6449104067869484, -338025.8069578740978613 215640.3290559376473539, -339570.0173069596639834 215939.2541728887008503, -340030.3946448983624578 216866.4646944738924503))", 
      "num_times_saved": 2, 
      "last_modified": "2009-07-19 22:27:08", 
      "boundary_e": "", 
      "user": 2, 
      "boundary_n": "", 
      "geometry_edited": null
    }
  }, 
  {
    "pk": 16, 
    "model": "gwst_app.interviewshape", 
    "fields": {
      "edit_notes": null, 
      "boundary_s": "", 
      "resource": 3, 
      "boundary_w": "", 
      "int_group": 1, 
      "geometry": "POLYGON ((-336432.9220275800907984 211560.2968822029361036, -334219.3217573104193434 213929.8538372857437935, -331804.9648064827197231 211193.5978903909563087, -334837.4900712436647154 208211.3227317190321628, -336432.9220275800907984 211560.2968822029361036))", 
      "pennies": 10, 
      "edit_status": "unedited", 
      "creation_date": "2009-07-17 15:50:26", 
      "geometry_clipped": "POLYGON ((-332458.7362640029750764 210550.6596764961141162, -334837.4900712436647154 208211.3227317190321628, -336432.9220275800907984 211560.2968822029361036, -334462.3006318953121081 213669.7561629663396161, -334161.1875000278232619 212473.0624999967112672, -333726.5000000002910383 211597.4687499961582944, -333494.3750000332365744 211477.6249999977881089, -333095.9375000122236088 210956.4843750014842954, -332634.5312500103027560 210742.4062499983119778, -332458.7362640029750764 210550.6596764961141162))", 
      "num_times_saved": 2, 
      "last_modified": "2009-07-19 22:27:16", 
      "boundary_e": "", 
      "user": 2, 
      "boundary_n": "", 
      "geometry_edited": null
    }
  }, 
  {
    "pk": 19, 
    "model": "gwst_app.interviewshape", 
    "fields": {
      "edit_notes": null, 
      "boundary_s": "", 
      "resource": 16, 
      "boundary_w": "", 
      "int_group": 1, 
      "geometry": "POLYGON ((-348710.4910617182031274 217177.1234679896733724, -348042.0735857640393078 218378.2849793763598427, -346026.2127807400538586 217105.8743938720435835, -344516.0697059460217133 217912.6653814055607654, -344388.5575185164925642 218752.7132491884985939, -342217.6782304184744135 217924.9782411867054179, -344966.6729066796833649 215435.1160986046306789, -348710.4910617182031274 217177.1234679896733724))", 
      "pennies": 100, 
      "edit_status": "unedited", 
      "creation_date": "2009-07-19 22:26:10", 
      "geometry_clipped": "POLYGON ((-348710.4910617184941657 217177.1234679826011416, -348042.0735857379622757 218378.2849793770583346, -346026.2127807749202475 217105.8743938720435835, -344516.0697059679077938 217912.6653814020392019, -344388.5575185382622294 218752.7132491871016100, -342217.6782304184744135 217924.9782411867054179, -344966.6729066796833649 215435.1160986046306789, -348710.4910617184941657 217177.1234679826011416))", 
      "num_times_saved": 2, 
      "last_modified": "2009-07-19 22:27:47", 
      "boundary_e": "", 
      "user": 2, 
      "boundary_n": "", 
      "geometry_edited": null
    }
  }, 
  {
    "pk": 1, 
    "model": "gwst_app.faqgroup", 
    "fields": {
      "faq_group_name": "Drawing Shapes"
    }
  }, 
  {
    "pk": 1, 
    "model": "gwst_app.faq", 
    "fields": {
      "answer": "The precision of your shapes is important; however, we understand that accuracy will vary between users.  Please just do the best you can with the time you have and provide us with any extra information on boundaries so that our team can make your shapes more accurate.", 
      "importance": 1, 
      "question": "How much precision should I use when drawing shapes?", 
      "faq_group": 1
    }
  }, 
  {
    "pk": 2, 
    "model": "gwst_app.faq", 
    "fields": {
      "answer": "The number of shapes you draw is your choice.  Most people draw anywhere from 2-10 shapes per resource.", 
      "importance": 1, 
      "question": "How many shapes should I draw?", 
      "faq_group": 1
    }
  }, 
  {
    "pk": 3, 
    "model": "gwst_app.faq", 
    "fields": {
      "answer": "The map takes the longest to load.  People without a broadband internet connection may need to wait up to a minute or two the first time they draw shapes.  If you wait and still nothing loads then try refreshing the page. If still nothing then verify you are using a supported browser (IE 6+, Firefox 1.0+, Safari 1.2+, Chrome 2+). If you have a supported browser then next verify you have 'javascript' enabled in your browser preferences. Seek the help of friends and family if you're unsure how to do any of these steps or email us at fish@ecotrust.org.  Another option is simply to try another computer. Computers more than 5 years old are more likely to have issues.", 
      "importance": 1, 
      "question": "Why is the map is not loading for me when I go to draw shapes?", 
      "faq_group": 1
    }
  }
]
