[
  {
    "pk": "1", 
    "model": "sites.site", 
    "fields": {
      "domain": "example.com", 
      "name": "example.com"
    }
  }, 
  {
    "pk": "ade73fb0-1168-11e1-beac-0016760580f0", 
    "model": "gwst_app.region", 
    "fields": {
      "s_bound": 5116000.0, 
      "code": "NEC", 
      "name": "New England Coast", 
      "n_bound": 5301000.0, 
      "w_bound": -7955000.0, 
      "e_bound": -7675000.0
    }
  }, 
  {
    "pk": "recfishing_act", 
    "model": "gwst_app.resource", 
    "fields": {
      "shape_color": "FFFF00", 
      "select_description": "", 
      "code": "act_recfishing", 
      "name": "Recreational Fishing", 
      "verbose_name": "Recreational Fishing", 
      "method": "Activity"
    }
  }, 
  {
    "pk": "fis-spc1", 
    "model": "gwst_app.resource", 
    "fields": {
      "shape_color": "FFFF00", 
      "select_description": "", 
      "code": "fis_spc1", 
      "name": "Species 1", 
      "verbose_name": "Species 1 - 00001", 
      "method": "Fishery"
    }
  }, 
  {
    "pk": "fis-spc2", 
    "model": "gwst_app.resource", 
    "fields": {
      "shape_color": "FFFF00", 
      "select_description": "", 
      "code": "fis_spc2", 
      "name": "Species 2", 
      "verbose_name": "Species 2 - 00002", 
      "method": "Fishery"
    }
  }, 
  {
    "pk": "fis-spc3", 
    "model": "gwst_app.resource", 
    "fields": {
      "shape_color": "FFFF00", 
      "select_description": "", 
      "code": "fis_spc3", 
      "name": "Species 3", 
      "verbose_name": "Species 3 - 00003", 
      "method": "Fishery"
    }
  }, 
  {
    "pk": "fis-spc4", 
    "model": "gwst_app.resource", 
    "fields": {
      "shape_color": "FFFF00", 
      "select_description": "", 
      "code": "fis_spc4", 
      "name": "Species 4", 
      "verbose_name": "Species 4 - 00004", 
      "method": "Fishery"
    }
  }, 
  {
    "pk": "fis-spc5", 
    "model": "gwst_app.resource", 
    "fields": {
      "shape_color": "FFFF00", 
      "select_description": "", 
      "code": "fis_spc5", 
      "name": "Species 5", 
      "verbose_name": "Species 5 - 00005", 
      "method": "Fishery"
    }
  }, 
  {
    "pk": 7, 
    "model": "gwst_app.interview", 
    "fields": {
      "multiple_user_groups": true, 
      "code": "ttrfs", 
      "description": "Tablet Test Rec Fishing Survey", 
      "shape_name_plural": "sites/routes", 
      "region": "ade73fb0-1168-11e1-beac-0016760580f0", 
      "resource_name_plural": "activities", 
      "draw_shape_text": "Draw Shape Text defined in Interview", 
      "resource_action": "do", 
      "group_status_text": "Group Status Text defined in Interview", 
      "resource_name": "activity", 
      "shape_name": "site/route", 
      "active": true, 
      "organization": "SeaPlan", 
      "assign_groups_text": "Assign Groups text defined in Interview", 
      "resource_action_past_tense": "done", 
      "clip_region": null, 
      "interview_complete_text": "Interview Complete text defined in Interview", 
      "name": "New England Recreational Fishing Survey"
    }
  }, 
  {
    "pk": 17, 
    "model": "gwst_app.interviewgroup", 
    "fields": {
      "shape_color": "FFFFFF", 
      "code": "ttfs-main", 
      "is_user_group": false, 
      "select_resource_text": "", 
      "resource_action": "target", 
      "default_pct_involvement": 200, 
      "question_width": 275, 
      "shape_name": "fishing ground", 
      "resource_name_plural": "species", 
      "shape_name_plural": "fishing grounds", 
      "interview": 7, 
      "resources": [], 
      "independent": false, 
      "resource_name": "species", 
      "description": "Main Questions", 
      "required_group": true, 
      "preselect": true, 
      "user_draws_shapes": false, 
      "member_title": "Angler", 
      "page_template": "base_form.html", 
      "name": "Main", 
      "resource_action_past_tense": "targeted"
    }
  }, 
  {
    "pk": 18, 
    "model": "gwst_app.interviewgroup", 
    "fields": {
      "shape_color": "FFFFFF", 
      "code": "ttfs-rfish", 
      "is_user_group": true, 
      "select_resource_text": "", 
      "resource_action": "target", 
      "default_pct_involvement": 100, 
      "question_width": 275, 
      "shape_name": "fishing ground", 
      "resource_name_plural": "species", 
      "shape_name_plural": "fishing grounds", 
      "interview": 7, 
      "resources": [], 
      "independent": false, 
      "resource_name": "species", 
      "description": "Recreational Fishing", 
      "required_group": true, 
      "preselect": true, 
      "user_draws_shapes": false, 
      "member_title": "Angler", 
      "page_template": "base_form.html", 
      "name": "Fishing", 
      "resource_action_past_tense": "targeted"
    }
  }, 
  {
    "pk": 19, 
    "model": "gwst_app.interviewgroup", 
    "fields": {
      "shape_color": "FFFFFF", 
      "code": "ttfs-discd", 
      "is_user_group": false, 
      "select_resource_text": "", 
      "resource_action": "target", 
      "default_pct_involvement": 0, 
      "question_width": 275, 
      "shape_name": "fishing ground", 
      "resource_name_plural": "species", 
      "shape_name_plural": "fishing grounds", 
      "interview": 7, 
      "resources": [
        "fis-spc1", 
        "fis-spc2", 
        "fis-spc3", 
        "fis-spc4", 
        "fis-spc5"
      ], 
      "independent": false, 
      "resource_name": "species", 
      "description": "Discard", 
      "required_group": false, 
      "preselect": true, 
      "user_draws_shapes": false, 
      "member_title": "Angler", 
      "page_template": "base_form.html", 
      "name": "Discard", 
      "resource_action_past_tense": "targeted"
    }
  }, 
  {
    "pk": 20, 
    "model": "gwst_app.interviewgroup", 
    "fields": {
      "shape_color": "FFFFFF", 
      "code": "ttfs-socec", 
      "is_user_group": false, 
      "select_resource_text": "", 
      "resource_action": "target", 
      "default_pct_involvement": -100, 
      "question_width": 275, 
      "shape_name": "fishing ground", 
      "resource_name_plural": "species", 
      "shape_name_plural": "fishing grounds", 
      "interview": 7, 
      "resources": [], 
      "independent": false, 
      "resource_name": "species", 
      "description": "Socio-Economic", 
      "required_group": false, 
      "preselect": true, 
      "user_draws_shapes": false, 
      "member_title": "Angler", 
      "page_template": "ne_soc_econ_form.html", 
      "name": "Socio-Economic", 
      "resource_action_past_tense": "targeted"
    }
  }, 
  {
    "pk": 21, 
    "model": "gwst_app.interviewgroup", 
    "fields": {
      "shape_color": "FFFFFF", 
      "code": "ttfs-avcat", 
      "is_user_group": false, 
      "select_resource_text": "Select each species found in the catch:", 
      "resource_action": "target", 
      "default_pct_involvement": 90, 
      "question_width": 275, 
      "shape_name": "fishing ground", 
      "resource_name_plural": "species", 
      "shape_name_plural": "fishing grounds", 
      "interview": 7, 
      "resources": [
        "fis-spc1", 
        "fis-spc2", 
        "fis-spc3", 
        "fis-spc4", 
        "fis-spc5"
      ], 
      "independent": false, 
      "resource_name": "species", 
      "description": "Available Catch", 
      "required_group": false, 
      "preselect": true, 
      "user_draws_shapes": false, 
      "member_title": "Angler", 
      "page_template": "base_form.html", 
      "name": "Available Catch", 
      "resource_action_past_tense": "targeted"
    }
  }, 
  {
    "pk": 22, 
    "model": "gwst_app.interviewgroup", 
    "fields": {
      "shape_color": "FFFFFF", 
      "code": "ttfs-uncat", 
      "is_user_group": false, 
      "select_resource_text": "Select the species that you landed that are not here for me to look at", 
      "resource_action": "target", 
      "default_pct_involvement": 95, 
      "question_width": 275, 
      "shape_name": "fishing ground", 
      "resource_name_plural": "species", 
      "shape_name_plural": "fishing grounds", 
      "interview": 7, 
      "resources": [
        "fis-spc1", 
        "fis-spc2", 
        "fis-spc3", 
        "fis-spc4", 
        "fis-spc5"
      ], 
      "independent": false, 
      "resource_name": "species", 
      "description": "Unavailable Catch", 
      "required_group": false, 
      "preselect": true, 
      "user_draws_shapes": false, 
      "member_title": "Angler", 
      "page_template": "base_form.html", 
      "name": "Unavailable Catch", 
      "resource_action_past_tense": "targeted"
    }
  }, 
  {
    "pk": 23, 
    "model": "gwst_app.interviewgroup", 
    "fields": {
      "shape_color": "FFFFFF", 
      "code": "ttfs-map", 
      "is_user_group": false, 
      "select_resource_text": "", 
      "resource_action": "target", 
      "default_pct_involvement": 85, 
      "question_width": 275, 
      "shape_name": "fishing ground", 
      "resource_name_plural": "species", 
      "shape_name_plural": "fishing grounds", 
      "interview": 7, 
      "resources": [
        "recfishing_act"
      ], 
      "independent": false, 
      "resource_name": "species", 
      "description": "Map Areas", 
      "required_group": false, 
      "preselect": true, 
      "user_draws_shapes": true, 
      "member_title": "Angler", 
      "page_template": "base_form.html", 
      "name": "Map Areas", 
      "resource_action_past_tense": "targeted"
    }
  }, 
  {
    "pk": "a4", 
    "model": "gwst_app.interviewansweroption", 
    "fields": {
      "display_order": 4.0, 
      "eng_text": "Male"
    }
  }, 
  {
    "pk": "a5", 
    "model": "gwst_app.interviewansweroption", 
    "fields": {
      "display_order": 5.0, 
      "eng_text": "Female"
    }
  }, 
  {
    "pk": "a20", 
    "model": "gwst_app.interviewansweroption", 
    "fields": {
      "display_order": 9999.0, 
      "eng_text": "Other"
    }
  }, 
  {
    "pk": "a21", 
    "model": "gwst_app.interviewansweroption", 
    "fields": {
      "display_order": 101.0, 
      "eng_text": "Significantly higher"
    }
  }, 
  {
    "pk": "a22", 
    "model": "gwst_app.interviewansweroption", 
    "fields": {
      "display_order": 102.0, 
      "eng_text": "Somewhat higher"
    }
  }, 
  {
    "pk": "a23", 
    "model": "gwst_app.interviewansweroption", 
    "fields": {
      "display_order": 103.0, 
      "eng_text": "Average"
    }
  }, 
  {
    "pk": "a24", 
    "model": "gwst_app.interviewansweroption", 
    "fields": {
      "display_order": 104.0, 
      "eng_text": "Somewhat lower"
    }
  }, 
  {
    "pk": "a25", 
    "model": "gwst_app.interviewansweroption", 
    "fields": {
      "display_order": 105.0, 
      "eng_text": "Significantly lower"
    }
  }, 
  {
    "pk": "a28", 
    "model": "gwst_app.interviewansweroption", 
    "fields": {
      "display_order": 1.0, 
      "eng_text": "Yes"
    }
  }, 
  {
    "pk": "a29", 
    "model": "gwst_app.interviewansweroption", 
    "fields": {
      "display_order": 2.0, 
      "eng_text": "No"
    }
  }, 
  {
    "pk": "347dac00-7b22-11df-94a8-001b210ee9bb", 
    "model": "gwst_app.interviewansweroption", 
    "fields": {
      "display_order": 625.0, 
      "eng_text": "1/4 day"
    }
  }, 
  {
    "pk": "39bbfccf-7b22-11df-9a97-001b210ee9bb", 
    "model": "gwst_app.interviewansweroption", 
    "fields": {
      "display_order": 650.0, 
      "eng_text": "1/2 day"
    }
  }, 
  {
    "pk": "40376180-7b22-11df-8ac7-001b210ee9bb", 
    "model": "gwst_app.interviewansweroption", 
    "fields": {
      "display_order": 675.0, 
      "eng_text": "3/4 day"
    }
  }, 
  {
    "pk": "4610b9cf-7b22-11df-856f-001b210ee9bb", 
    "model": "gwst_app.interviewansweroption", 
    "fields": {
      "display_order": 680.0, 
      "eng_text": "full day"
    }
  }, 
  {
    "pk": "50627ade-7b22-11df-b2b8-001b210ee9bb", 
    "model": "gwst_app.interviewansweroption", 
    "fields": {
      "display_order": 690.0, 
      "eng_text": "> 1 day"
    }
  }, 
  {
    "pk": "7f891600-fca8-11df-9ccc-0016760580f0", 
    "model": "gwst_app.interviewansweroption", 
    "fields": {
      "display_order": 10.0, 
      "eng_text": "White"
    }
  }, 
  {
    "pk": "8560e7b0-fca8-11df-8679-0016760580f0", 
    "model": "gwst_app.interviewansweroption", 
    "fields": {
      "display_order": 20.0, 
      "eng_text": "Black or African American"
    }
  }, 
  {
    "pk": "8e7e205e-fca8-11df-9c06-0016760580f0", 
    "model": "gwst_app.interviewansweroption", 
    "fields": {
      "display_order": 30.0, 
      "eng_text": "Spanish, Hispanic, or Latino"
    }
  }, 
  {
    "pk": "95612080-fca8-11df-8d3c-0016760580f0", 
    "model": "gwst_app.interviewansweroption", 
    "fields": {
      "display_order": 40.0, 
      "eng_text": "American Indian or Alaska Native"
    }
  }, 
  {
    "pk": "99b670e1-fca8-11df-aad3-0016760580f0", 
    "model": "gwst_app.interviewansweroption", 
    "fields": {
      "display_order": 50.0, 
      "eng_text": "Asian/Pacific Islander"
    }
  }, 
  {
    "pk": "9e5a7d80-fca8-11df-9e09-0016760580f0", 
    "model": "gwst_app.interviewansweroption", 
    "fields": {
      "display_order": 60.0, 
      "eng_text": "Other"
    }
  }, 
  {
    "pk": "73fc340f-1f5e-11e0-80d4-0016760580f0", 
    "model": "gwst_app.interviewansweroption", 
    "fields": {
      "display_order": 6.0, 
      "eng_text": "North"
    }
  }, 
  {
    "pk": "89bdd05e-1f5e-11e0-9cf3-0016760580f0", 
    "model": "gwst_app.interviewansweroption", 
    "fields": {
      "display_order": 7.0, 
      "eng_text": "South"
    }
  }, 
  {
    "pk": "173e57c0-8332-11e0-9d5a-0016760580f0", 
    "model": "gwst_app.interviewansweroption", 
    "fields": {
      "display_order": 30.0, 
      "eng_text": "neither"
    }
  }, 
  {
    "pk": "3bbc9a40-833b-11e0-a357-0016760580f0", 
    "model": "gwst_app.interviewansweroption", 
    "fields": {
      "display_order": 400.0, 
      "eng_text": "Significantly worse"
    }
  }, 
  {
    "pk": "4099430f-833b-11e0-ad60-0016760580f0", 
    "model": "gwst_app.interviewansweroption", 
    "fields": {
      "display_order": 410.0, 
      "eng_text": "Somewhat worse"
    }
  }, 
  {
    "pk": "44dd2e4f-833b-11e0-a4c2-0016760580f0", 
    "model": "gwst_app.interviewansweroption", 
    "fields": {
      "display_order": 420.0, 
      "eng_text": "The same"
    }
  }, 
  {
    "pk": "48817e30-833b-11e0-a8ff-0016760580f0", 
    "model": "gwst_app.interviewansweroption", 
    "fields": {
      "display_order": 430.0, 
      "eng_text": "Somewhat better"
    }
  }, 
  {
    "pk": "50eccc00-833b-11e0-bf4f-0016760580f0", 
    "model": "gwst_app.interviewansweroption", 
    "fields": {
      "display_order": 440.0, 
      "eng_text": "Significantly better"
    }
  }, 
  {
    "pk": "5c9f7ca1-833b-11e0-9310-0016760580f0", 
    "model": "gwst_app.interviewansweroption", 
    "fields": {
      "display_order": 450.0, 
      "eng_text": "I did not participate in this fishery in previous seasons"
    }
  }, 
  {
    "pk": "2eac280f-9868-11e0-871e-0016760580f0", 
    "model": "gwst_app.interviewansweroption", 
    "fields": {
      "display_order": 2210.0, 
      "eng_text": "Fishery"
    }
  }, 
  {
    "pk": "38f44c2e-9868-11e0-af39-0016760580f0", 
    "model": "gwst_app.interviewansweroption", 
    "fields": {
      "display_order": 2200.0, 
      "eng_text": "Activity"
    }
  }, 
  {
    "pk": "b7ef8261-116d-11e1-8fdf-0016760580f0", 
    "model": "gwst_app.interviewansweroption", 
    "fields": {
      "display_order": 10.0, 
      "eng_text": "Row Boat"
    }
  }, 
  {
    "pk": "c06138d1-116d-11e1-b55e-0016760580f0", 
    "model": "gwst_app.interviewansweroption", 
    "fields": {
      "display_order": 20.0, 
      "eng_text": "Power Boat"
    }
  }, 
  {
    "pk": "c6dec061-116d-11e1-a4ee-0016760580f0", 
    "model": "gwst_app.interviewansweroption", 
    "fields": {
      "display_order": 30.0, 
      "eng_text": "Sail Boat"
    }
  }, 
  {
    "pk": "cc759170-116d-11e1-aeb7-0016760580f0", 
    "model": "gwst_app.interviewansweroption", 
    "fields": {
      "display_order": 40.0, 
      "eng_text": "Submarine"
    }
  }, 
  {
    "pk": "9b91fa61-1a1b-11e1-bcad-0016760580f0", 
    "model": "gwst_app.interviewansweroption", 
    "fields": {
      "display_order": 210.0, 
      "eng_text": "Pier"
    }
  }, 
  {
    "pk": "a7147340-1a1b-11e1-9755-0016760580f0", 
    "model": "gwst_app.interviewansweroption", 
    "fields": {
      "display_order": 220.0, 
      "eng_text": "Dock"
    }
  }, 
  {
    "pk": "b1e1f400-1a1b-11e1-a0e2-0016760580f0", 
    "model": "gwst_app.interviewansweroption", 
    "fields": {
      "display_order": 230.0, 
      "eng_text": "Jetty, Breakwater, Breachway"
    }
  }, 
  {
    "pk": "c9dd2ca1-1a1b-11e1-bc28-0016760580f0", 
    "model": "gwst_app.interviewansweroption", 
    "fields": {
      "display_order": 240.0, 
      "eng_text": "Bridge, Causeway"
    }
  }, 
  {
    "pk": "e2996b4f-1a1b-11e1-a8b9-0016760580f0", 
    "model": "gwst_app.interviewansweroption", 
    "fields": {
      "display_order": 310.0, 
      "eng_text": "Other Man-made Structure"
    }
  }, 
  {
    "pk": "f35aaa30-1a1b-11e1-8f3f-0016760580f0", 
    "model": "gwst_app.interviewansweroption", 
    "fields": {
      "display_order": 260.0, 
      "eng_text": "Beach or Bank"
    }
  }, 
  {
    "pk": "fca5f7c0-1a1b-11e1-a68a-0016760580f0", 
    "model": "gwst_app.interviewansweroption", 
    "fields": {
      "display_order": 270.0, 
      "eng_text": "Head Boat"
    }
  }, 
  {
    "pk": "0c78b7ee-1a1c-11e1-acbe-0016760580f0", 
    "model": "gwst_app.interviewansweroption", 
    "fields": {
      "display_order": 280.0, 
      "eng_text": "Charter Boat"
    }
  }, 
  {
    "pk": "1b98a2de-1a1c-11e1-a930-0016760580f0", 
    "model": "gwst_app.interviewansweroption", 
    "fields": {
      "display_order": 290.0, 
      "eng_text": "Private Boat"
    }
  }, 
  {
    "pk": "2361bd40-1a1c-11e1-a570-0016760580f0", 
    "model": "gwst_app.interviewansweroption", 
    "fields": {
      "display_order": 300.0, 
      "eng_text": "Rental Boat"
    }
  }, 
  {
    "pk": "712f5780-1a1c-11e1-8d6d-0016760580f0", 
    "model": "gwst_app.interviewansweroption", 
    "fields": {
      "display_order": 710.0, 
      "eng_text": "Ocean/gulf"
    }
  }, 
  {
    "pk": "86c13140-1a1c-11e1-b769-0016760580f0", 
    "model": "gwst_app.interviewansweroption", 
    "fields": {
      "display_order": 720.0, 
      "eng_text": "Sound (Other than those specified)"
    }
  }, 
  {
    "pk": "948c619e-1a1c-11e1-a209-0016760580f0", 
    "model": "gwst_app.interviewansweroption", 
    "fields": {
      "display_order": 730.0, 
      "eng_text": "River (Other than those specified)"
    }
  }, 
  {
    "pk": "a037bf40-1a1c-11e1-9d68-0016760580f0", 
    "model": "gwst_app.interviewansweroption", 
    "fields": {
      "display_order": 740.0, 
      "eng_text": "Bay (Other than those specified)"
    }
  }, 
  {
    "pk": "b4130f61-1a1c-11e1-8e8b-0016760580f0", 
    "model": "gwst_app.interviewansweroption", 
    "fields": {
      "display_order": 850.0, 
      "eng_text": "Other (Specify)"
    }
  }, 
  {
    "pk": "bffef870-1a1c-11e1-8515-0016760580f0", 
    "model": "gwst_app.interviewansweroption", 
    "fields": {
      "display_order": 760.0, 
      "eng_text": "Cape Cod Bay"
    }
  }, 
  {
    "pk": "d0442980-1a1c-11e1-9b56-0016760580f0", 
    "model": "gwst_app.interviewansweroption", 
    "fields": {
      "display_order": 770.0, 
      "eng_text": "Narragansett Estuary"
    }
  }, 
  {
    "pk": "e1627c80-1a1c-11e1-b056-0016760580f0", 
    "model": "gwst_app.interviewansweroption", 
    "fields": {
      "display_order": 780.0, 
      "eng_text": "Buzzards Bay Estuary"
    }
  }, 
  {
    "pk": "ed9f6bc0-1a1c-11e1-9898-0016760580f0", 
    "model": "gwst_app.interviewansweroption", 
    "fields": {
      "display_order": 790.0, 
      "eng_text": "Long Island Estuary"
    }
  }, 
  {
    "pk": "fc2ba22e-1a1c-11e1-82ed-0016760580f0", 
    "model": "gwst_app.interviewansweroption", 
    "fields": {
      "display_order": 800.0, 
      "eng_text": "Hudson/Raritan Estuary"
    }
  }, 
  {
    "pk": "05581d1e-1a1d-11e1-98e8-0016760580f0", 
    "model": "gwst_app.interviewansweroption", 
    "fields": {
      "display_order": 810.0, 
      "eng_text": "Delaware Estuary"
    }
  }, 
  {
    "pk": "100bad40-1a1d-11e1-96d5-0016760580f0", 
    "model": "gwst_app.interviewansweroption", 
    "fields": {
      "display_order": 820.0, 
      "eng_text": "Chesapeake Estuary"
    }
  }, 
  {
    "pk": "1f07e38f-1a1d-11e1-9301-0016760580f0", 
    "model": "gwst_app.interviewansweroption", 
    "fields": {
      "display_order": 830.0, 
      "eng_text": "Albemarle/Pamlico Estuary"
    }
  }, 
  {
    "pk": "3342b8cf-1a1d-11e1-8a76-0016760580f0", 
    "model": "gwst_app.interviewansweroption", 
    "fields": {
      "display_order": 910.0, 
      "eng_text": "Three Miles or Less from Shore"
    }
  }, 
  {
    "pk": "3c31405e-1a1d-11e1-b04c-0016760580f0", 
    "model": "gwst_app.interviewansweroption", 
    "fields": {
      "display_order": 920.0, 
      "eng_text": "More than Three Miles"
    }
  }, 
  {
    "pk": "47df0f00-1a1d-11e1-aef6-0016760580f0", 
    "model": "gwst_app.interviewansweroption", 
    "fields": {
      "display_order": 930.0, 
      "eng_text": "Does not apply"
    }
  }, 
  {
    "pk": "55d06500-1a1d-11e1-93f9-0016760580f0", 
    "model": "gwst_app.interviewansweroption", 
    "fields": {
      "display_order": 950.0, 
      "eng_text": "Hook and Line"
    }
  }, 
  {
    "pk": "635d7af0-1a1d-11e1-b218-0016760580f0", 
    "model": "gwst_app.interviewansweroption", 
    "fields": {
      "display_order": 960.0, 
      "eng_text": "Dip Net, A-frame"
    }
  }, 
  {
    "pk": "6d1b8780-1a1d-11e1-82f0-0016760580f0", 
    "model": "gwst_app.interviewansweroption", 
    "fields": {
      "display_order": 970.0, 
      "eng_text": "Cast Net"
    }
  }, 
  {
    "pk": "78608230-1a1d-11e1-a8af-0016760580f0", 
    "model": "gwst_app.interviewansweroption", 
    "fields": {
      "display_order": 980.0, 
      "eng_text": "Gill Net"
    }
  }, 
  {
    "pk": "82c7c70f-1a1d-11e1-b9b1-0016760580f0", 
    "model": "gwst_app.interviewansweroption", 
    "fields": {
      "display_order": 990.0, 
      "eng_text": "Seine"
    }
  }, 
  {
    "pk": "8a06c9e1-1a1d-11e1-b81f-0016760580f0", 
    "model": "gwst_app.interviewansweroption", 
    "fields": {
      "display_order": 1000.0, 
      "eng_text": "Trawl"
    }
  }, 
  {
    "pk": "919b8dd1-1a1d-11e1-a6dd-0016760580f0", 
    "model": "gwst_app.interviewansweroption", 
    "fields": {
      "display_order": 1010.0, 
      "eng_text": "Trap"
    }
  }, 
  {
    "pk": "9ee38470-1a1d-11e1-89b9-0016760580f0", 
    "model": "gwst_app.interviewansweroption", 
    "fields": {
      "display_order": 1020.0, 
      "eng_text": "Spear"
    }
  }, 
  {
    "pk": "ac244f21-1a1d-11e1-a6f4-0016760580f0", 
    "model": "gwst_app.interviewansweroption", 
    "fields": {
      "display_order": 1030.0, 
      "eng_text": "Hand"
    }
  }, 
  {
    "pk": "bc4d1e8f-1a1d-11e1-9962-0016760580f0", 
    "model": "gwst_app.interviewansweroption", 
    "fields": {
      "display_order": 1070.0, 
      "eng_text": "Other (Specify)"
    }
  }, 
  {
    "pk": "c6339ab0-1a1d-11e1-aa20-0016760580f0", 
    "model": "gwst_app.interviewansweroption", 
    "fields": {
      "display_order": 1050.0, 
      "eng_text": "Unknown"
    }
  }, 
  {
    "pk": "d0583140-1a1d-11e1-a63e-0016760580f0", 
    "model": "gwst_app.interviewansweroption", 
    "fields": {
      "display_order": 1060.0, 
      "eng_text": "Refused"
    }
  }, 
  {
    "pk": "4889634f-1a1e-11e1-8a69-0016760580f0", 
    "model": "gwst_app.interviewansweroption", 
    "fields": {
      "display_order": 1100.0, 
      "eng_text": "Foreign Country"
    }
  }, 
  {
    "pk": "5624d11e-1a1e-11e1-9603-0016760580f0", 
    "model": "gwst_app.interviewansweroption", 
    "fields": {
      "display_order": 1210.0, 
      "eng_text": "Private Residence"
    }
  }, 
  {
    "pk": "6fe0a580-1a1e-11e1-80dd-0016760580f0", 
    "model": "gwst_app.interviewansweroption", 
    "fields": {
      "display_order": 1220.0, 
      "eng_text": "Institutional Housing"
    }
  }, 
  {
    "pk": "af5c2c1e-1a1e-11e1-973d-0016760580f0", 
    "model": "gwst_app.interviewansweroption", 
    "fields": {
      "display_order": 9910.0, 
      "eng_text": "Don't Know"
    }
  }, 
  {
    "pk": "bdf1ff80-1a1e-11e1-85af-0016760580f0", 
    "model": "gwst_app.interviewansweroption", 
    "fields": {
      "display_order": 9920.0, 
      "eng_text": "Don't Know/Not Applicable"
    }
  }, 
  {
    "pk": "c86ea121-1a1e-11e1-b833-0016760580f0", 
    "model": "gwst_app.interviewansweroption", 
    "fields": {
      "display_order": 9930.0, 
      "eng_text": "Refused"
    }
  }, 
  {
    "pk": "1d42f021-1a1f-11e1-b5fd-0016760580f0", 
    "model": "gwst_app.interviewansweroption", 
    "fields": {
      "display_order": 110.0, 
      "eng_text": "Name and/or phone number not given"
    }
  }, 
  {
    "pk": "33d41170-1a1f-11e1-a57a-0016760580f0", 
    "model": "gwst_app.interviewansweroption", 
    "fields": {
      "display_order": 120.0, 
      "eng_text": "Angler aged 16 years or younger (check both boxes)"
    }
  }, 
  {
    "pk": "bc2cff0f-1aaf-11e1-9de4-0016760580f0", 
    "model": "gwst_app.interviewansweroption", 
    "fields": {
      "display_order": 130.0, 
      "eng_text": "Maine"
    }
  }, 
  {
    "pk": "c51df7a1-1aaf-11e1-9b53-0016760580f0", 
    "model": "gwst_app.interviewansweroption", 
    "fields": {
      "display_order": 140.0, 
      "eng_text": "New Hampshire"
    }
  }, 
  {
    "pk": "ceb36d91-1aaf-11e1-b8a5-0016760580f0", 
    "model": "gwst_app.interviewansweroption", 
    "fields": {
      "display_order": 150.0, 
      "eng_text": "Massachusetts"
    }
  }, 
  {
    "pk": "db0a9b91-1aaf-11e1-8293-0016760580f0", 
    "model": "gwst_app.interviewansweroption", 
    "fields": {
      "display_order": 160.0, 
      "eng_text": "Rhode Island"
    }
  }, 
  {
    "pk": "e4398780-1aaf-11e1-8d94-0016760580f0", 
    "model": "gwst_app.interviewansweroption", 
    "fields": {
      "display_order": 170.0, 
      "eng_text": "Connecticut"
    }
  }, 
  {
    "pk": "5f3a5780-1ab4-11e1-a7aa-0016760580f0", 
    "model": "gwst_app.interviewansweroption", 
    "fields": {
      "display_order": 0.0, 
      "eng_text": "Unanswered"
    }
  }, 
  {
    "pk": "9401bfb0-2bf5-11e1-ba39-0016760580f0", 
    "model": "gwst_app.interviewansweroption", 
    "fields": {
      "display_order": 1300.0, 
      "eng_text": "Yes, BUT fish on another angler's form"
    }
  }, 
  {
    "pk": "aa0ac540-2bf5-11e1-b9bd-0016760580f0", 
    "model": "gwst_app.interviewansweroption", 
    "fields": {
      "display_order": 9940.0, 
      "eng_text": "Not Applicable"
    }
  }, 
  {
    "pk": "e3355291-2bf5-11e1-987b-0016760580f0", 
    "model": "gwst_app.interviewansweroption", 
    "fields": {
      "display_order": 1400.0, 
      "eng_text": "All Caught by Angler"
    }
  }, 
  {
    "pk": "382ce100-2bf6-11e1-bf62-0016760580f0", 
    "model": "gwst_app.interviewansweroption", 
    "fields": {
      "display_order": 1410.0, 
      "eng_text": "Other Contributors"
    }
  }, 
  {
    "pk": "43b48a00-2bf6-11e1-9068-0016760580f0", 
    "model": "gwst_app.interviewansweroption", 
    "fields": {
      "display_order": 1500.0, 
      "eng_text": "Eaten / Plan to eat"
    }
  }, 
  {
    "pk": "4e78bbf0-2bf6-11e1-a5b8-0016760580f0", 
    "model": "gwst_app.interviewansweroption", 
    "fields": {
      "display_order": 1510.0, 
      "eng_text": "Used / Plan to use for bait"
    }
  }, 
  {
    "pk": "54fdbd8f-2bf6-11e1-a326-0016760580f0", 
    "model": "gwst_app.interviewansweroption", 
    "fields": {
      "display_order": 1520.0, 
      "eng_text": "Sold / Plan to sell"
    }
  }, 
  {
    "pk": "653707c0-2bf6-11e1-9955-0016760580f0", 
    "model": "gwst_app.interviewansweroption", 
    "fields": {
      "display_order": 1530.0, 
      "eng_text": "Thrown back dead/ Plan to throw away"
    }
  }, 
  {
    "pk": "6cdede80-2bf6-11e1-99b3-0016760580f0", 
    "model": "gwst_app.interviewansweroption", 
    "fields": {
      "display_order": 1540.0, 
      "eng_text": "Some other purpose"
    }
  }, 
  {
    "pk": "7a3c31de-2bf6-11e1-94a5-0016760580f0", 
    "model": "gwst_app.interviewansweroption", 
    "fields": {
      "display_order": 9921.0, 
      "eng_text": "Don't know / Didn't ask"
    }
  }, 
  {
    "pk": "de6ba011-2bf6-11e1-85fa-0016760580f0", 
    "model": "gwst_app.interviewansweroption", 
    "fields": {
      "display_order": 1480.0, 
      "eng_text": "Thrown back alive"
    }
  }, 
  {
    "pk": "d1220ab0-2c15-11e1-a1dd-0016760580f0", 
    "model": "gwst_app.interviewansweroption", 
    "fields": {
      "display_order": 1600.0, 
      "eng_text": "One day"
    }
  }, 
  {
    "pk": "da76f52e-2c15-11e1-8ec4-0016760580f0", 
    "model": "gwst_app.interviewansweroption", 
    "fields": {
      "display_order": 1610.0, 
      "eng_text": "Longer"
    }
  }, 
  {
    "pk": "a1", 
    "model": "gwst_app.questiongroupvalidator", 
    "fields": {
      "description": "Sum to 100", 
      "param_4": "", 
      "param_1": "100", 
      "param_3": "", 
      "param_2": "", 
      "type": "sum"
    }
  }, 
  {
    "pk": 291, 
    "model": "gwst_app.interviewquestion", 
    "fields": {
      "all_resources": false, 
      "code": "tt-assnum", 
      "layout": "hoizontal", 
      "eng_text": "Assignment No.", 
      "int_group": 17, 
      "question_set": 1, 
      "display_order": 10.0, 
      "required": true, 
      "question_group": null, 
      "options": [], 
      "val_min": null, 
      "val_default": "", 
      "answer_type": "integer", 
      "eng_tooltip": "", 
      "val_max": null
    }
  }, 
  {
    "pk": 290, 
    "model": "gwst_app.interviewquestion", 
    "fields": {
      "all_resources": false, 
      "code": "tt-state", 
      "layout": "hoizontal", 
      "eng_text": "State", 
      "int_group": 17, 
      "question_set": 1, 
      "display_order": 30.0, 
      "required": false, 
      "question_group": null, 
      "options": [
        "bc2cff0f-1aaf-11e1-9de4-0016760580f0", 
        "c51df7a1-1aaf-11e1-9b53-0016760580f0", 
        "ceb36d91-1aaf-11e1-b8a5-0016760580f0", 
        "db0a9b91-1aaf-11e1-8293-0016760580f0", 
        "e4398780-1aaf-11e1-8d94-0016760580f0"
      ], 
      "val_min": null, 
      "val_default": "", 
      "answer_type": "radio", 
      "eng_tooltip": "", 
      "val_max": null
    }
  }, 
  {
    "pk": 295, 
    "model": "gwst_app.interviewquestion", 
    "fields": {
      "all_resources": false, 
      "code": "tt-county", 
      "layout": null, 
      "eng_text": "County Code", 
      "int_group": 17, 
      "question_set": 1, 
      "display_order": 40.0, 
      "required": false, 
      "question_group": null, 
      "options": [], 
      "val_min": null, 
      "val_default": "", 
      "answer_type": "text", 
      "eng_tooltip": "", 
      "val_max": null
    }
  }, 
  {
    "pk": 296, 
    "model": "gwst_app.interviewquestion", 
    "fields": {
      "all_resources": false, 
      "code": "tt-site", 
      "layout": null, 
      "eng_text": "Site code", 
      "int_group": 17, 
      "question_set": 1, 
      "display_order": 50.0, 
      "required": false, 
      "question_group": null, 
      "options": [], 
      "val_min": null, 
      "val_default": "", 
      "answer_type": "text", 
      "eng_tooltip": "", 
      "val_max": null
    }
  }, 
  {
    "pk": 327, 
    "model": "gwst_app.interviewquestion", 
    "fields": {
      "all_resources": false, 
      "code": "tt-intcept", 
      "layout": null, 
      "eng_text": "Intercept No.", 
      "int_group": 17, 
      "question_set": 1, 
      "display_order": 60.0, 
      "required": false, 
      "question_group": null, 
      "options": [], 
      "val_min": null, 
      "val_default": "", 
      "answer_type": "integer", 
      "eng_tooltip": "", 
      "val_max": null
    }
  }, 
  {
    "pk": 297, 
    "model": "gwst_app.interviewquestion", 
    "fields": {
      "all_resources": false, 
      "code": "tf-venue", 
      "layout": "hoizontal", 
      "eng_text": "Would you say you were fishing from", 
      "int_group": 18, 
      "question_set": 1, 
      "display_order": 10.0, 
      "required": false, 
      "question_group": null, 
      "options": [
        "0c78b7ee-1a1c-11e1-acbe-0016760580f0", 
        "1b98a2de-1a1c-11e1-a930-0016760580f0", 
        "2361bd40-1a1c-11e1-a570-0016760580f0", 
        "9b91fa61-1a1b-11e1-bcad-0016760580f0", 
        "a7147340-1a1b-11e1-9755-0016760580f0", 
        "b1e1f400-1a1b-11e1-a0e2-0016760580f0", 
        "c9dd2ca1-1a1b-11e1-bc28-0016760580f0", 
        "e2996b4f-1a1b-11e1-a8b9-0016760580f0", 
        "f35aaa30-1a1b-11e1-8f3f-0016760580f0", 
        "fca5f7c0-1a1b-11e1-a68a-0016760580f0"
      ], 
      "val_min": null, 
      "val_default": "", 
      "answer_type": "checkbox", 
      "eng_tooltip": "", 
      "val_max": null
    }
  }, 
  {
    "pk": 298, 
    "model": "gwst_app.interviewquestion", 
    "fields": {
      "all_resources": false, 
      "code": "tf-venoth", 
      "layout": null, 
      "eng_text": "If \"Other Man-mad Structure\" please specify", 
      "int_group": 18, 
      "question_set": 1, 
      "display_order": 20.0, 
      "required": false, 
      "question_group": null, 
      "options": [], 
      "val_min": null, 
      "val_default": "", 
      "answer_type": "text", 
      "eng_tooltip": "", 
      "val_max": null
    }
  }, 
  {
    "pk": 299, 
    "model": "gwst_app.interviewquestion", 
    "fields": {
      "all_resources": false, 
      "code": "tf-resstat", 
      "layout": null, 
      "eng_text": "What is your state of residence", 
      "int_group": 18, 
      "question_set": 1, 
      "display_order": 30.0, 
      "required": false, 
      "question_group": null, 
      "options": [
        "bc2cff0f-1aaf-11e1-9de4-0016760580f0", 
        "bc4d1e8f-1a1d-11e1-9962-0016760580f0", 
        "c51df7a1-1aaf-11e1-9b53-0016760580f0", 
        "ceb36d91-1aaf-11e1-b8a5-0016760580f0", 
        "db0a9b91-1aaf-11e1-8293-0016760580f0", 
        "e4398780-1aaf-11e1-8d94-0016760580f0"
      ], 
      "val_min": null, 
      "val_default": "", 
      "answer_type": "select", 
      "eng_tooltip": "", 
      "val_max": null
    }
  }, 
  {
    "pk": 301, 
    "model": "gwst_app.interviewquestion", 
    "fields": {
      "all_resources": false, 
      "code": "tf-othstat", 
      "layout": null, 
      "eng_text": "If \"Other\" please specify", 
      "int_group": 18, 
      "question_set": 1, 
      "display_order": 40.0, 
      "required": false, 
      "question_group": null, 
      "options": [], 
      "val_min": null, 
      "val_default": "", 
      "answer_type": "text", 
      "eng_tooltip": "", 
      "val_max": null
    }
  }, 
  {
    "pk": 300, 
    "model": "gwst_app.interviewquestion", 
    "fields": {
      "all_resources": false, 
      "code": "tf-dist", 
      "layout": null, 
      "eng_text": "What is your county of residence (city if unknown)", 
      "int_group": 18, 
      "question_set": 1, 
      "display_order": 50.0, 
      "required": false, 
      "question_group": null, 
      "options": [], 
      "val_min": null, 
      "val_default": "", 
      "answer_type": "text", 
      "eng_tooltip": "", 
      "val_max": null
    }
  }, 
  {
    "pk": 319, 
    "model": "gwst_app.interviewquestion", 
    "fields": {
      "all_resources": false, 
      "code": "td-alive", 
      "layout": null, 
      "eng_text": "How many fish did you throw back alive", 
      "int_group": 19, 
      "question_set": 1, 
      "display_order": 10.0, 
      "required": false, 
      "question_group": null, 
      "options": [], 
      "val_min": 0.0, 
      "val_default": "", 
      "answer_type": "integer", 
      "eng_tooltip": "", 
      "val_max": null
    }
  }, 
  {
    "pk": 320, 
    "model": "gwst_app.interviewquestion", 
    "fields": {
      "all_resources": false, 
      "code": "td-dead", 
      "layout": null, 
      "eng_text": "How many fish did you throw back dead or plan to throw away", 
      "int_group": 19, 
      "question_set": 1, 
      "display_order": 20.0, 
      "required": false, 
      "question_group": null, 
      "options": [], 
      "val_min": 0.0, 
      "val_default": "", 
      "answer_type": "integer", 
      "eng_tooltip": "", 
      "val_max": null
    }
  }, 
  {
    "pk": 321, 
    "model": "gwst_app.interviewquestion", 
    "fields": {
      "all_resources": false, 
      "code": "td-total", 
      "layout": null, 
      "eng_text": "How many fish did you catch total", 
      "int_group": 19, 
      "question_set": 1, 
      "display_order": 30.0, 
      "required": false, 
      "question_group": null, 
      "options": [], 
      "val_min": 0.0, 
      "val_default": "", 
      "answer_type": "integer", 
      "eng_tooltip": "", 
      "val_max": null
    }
  }, 
  {
    "pk": 324, 
    "model": "gwst_app.interviewquestion", 
    "fields": {
      "all_resources": true, 
      "code": "td-lngths", 
      "layout": null, 
      "eng_text": "Lengths", 
      "int_group": 19, 
      "question_set": 2, 
      "display_order": 130.0, 
      "required": false, 
      "question_group": null, 
      "options": [], 
      "val_min": null, 
      "val_default": "", 
      "answer_type": "textarea", 
      "eng_tooltip": "maintain order, separate with DASHES", 
      "val_max": null
    }
  }, 
  {
    "pk": 325, 
    "model": "gwst_app.interviewquestion", 
    "fields": {
      "all_resources": false, 
      "code": "td-comment", 
      "layout": "vertical", 
      "eng_text": "Comments", 
      "int_group": 19, 
      "question_set": 3, 
      "display_order": 210.0, 
      "required": false, 
      "question_group": null, 
      "options": [], 
      "val_min": null, 
      "val_default": "", 
      "answer_type": "textarea", 
      "eng_tooltip": "", 
      "val_max": null
    }
  }, 
  {
    "pk": 326, 
    "model": "gwst_app.interviewquestion", 
    "fields": {
      "all_resources": false, 
      "code": "ts-trpdura", 
      "layout": null, 
      "eng_text": "Is this fishing trip part of a longer trip in which you will spend at least one night away from your permanent or seasonal residence, or is this a one-day fishing trip", 
      "int_group": 20, 
      "question_set": 1, 
      "display_order": 10.0, 
      "required": false, 
      "question_group": null, 
      "options": [
        "af5c2c1e-1a1e-11e1-973d-0016760580f0", 
        "c86ea121-1a1e-11e1-b833-0016760580f0", 
        "d1220ab0-2c15-11e1-a1dd-0016760580f0", 
        "da76f52e-2c15-11e1-8ec4-0016760580f0"
      ], 
      "val_min": null, 
      "val_default": "", 
      "answer_type": "radio", 
      "eng_tooltip": "", 
      "val_max": null
    }
  }, 
  {
    "pk": 357, 
    "model": "gwst_app.interviewquestion", 
    "fields": {
      "all_resources": false, 
      "code": "ts-ntawyct", 
      "layout": "vertical", 
      "eng_text": "If \"longer\", how many nights will you be away from your residence on this trip", 
      "int_group": 20, 
      "question_set": 1, 
      "display_order": 20.0, 
      "required": false, 
      "question_group": null, 
      "options": [], 
      "val_min": 0.0, 
      "val_default": "", 
      "answer_type": "integer", 
      "eng_tooltip": "", 
      "val_max": 365.0
    }
  }, 
  {
    "pk": 358, 
    "model": "gwst_app.interviewquestion", 
    "fields": {
      "all_resources": false, 
      "code": "ts-ntawyun", 
      "layout": null, 
      "eng_text": "If unanswered, why", 
      "int_group": 20, 
      "question_set": 1, 
      "display_order": 30.0, 
      "required": false, 
      "question_group": null, 
      "options": [
        "bdf1ff80-1a1e-11e1-85af-0016760580f0", 
        "c86ea121-1a1e-11e1-b833-0016760580f0"
      ], 
      "val_min": null, 
      "val_default": "", 
      "answer_type": "radio", 
      "eng_tooltip": "", 
      "val_max": null
    }
  }, 
  {
    "pk": 359, 
    "model": "gwst_app.interviewquestion", 
    "fields": {
      "all_resources": false, 
      "code": "ts-dayfish", 
      "layout": null, 
      "eng_text": "How many days of this trip will you go fishing", 
      "int_group": 20, 
      "question_set": 1, 
      "display_order": 40.0, 
      "required": false, 
      "question_group": null, 
      "options": [], 
      "val_min": 0.0, 
      "val_default": "", 
      "answer_type": "integer", 
      "eng_tooltip": "", 
      "val_max": 365.0
    }
  }, 
  {
    "pk": 360, 
    "model": "gwst_app.interviewquestion", 
    "fields": {
      "all_resources": false, 
      "code": "ts-dyfshun", 
      "layout": null, 
      "eng_text": "If unanswered, why", 
      "int_group": 20, 
      "question_set": 1, 
      "display_order": 50.0, 
      "required": false, 
      "question_group": null, 
      "options": [
        "bdf1ff80-1a1e-11e1-85af-0016760580f0", 
        "c86ea121-1a1e-11e1-b833-0016760580f0"
      ], 
      "val_min": null, 
      "val_default": "", 
      "answer_type": "radio", 
      "eng_tooltip": "", 
      "val_max": null
    }
  }, 
  {
    "pk": 361, 
    "model": "gwst_app.interviewquestion", 
    "fields": {
      "all_resources": false, 
      "code": "ts-trppurp", 
      "layout": null, 
      "eng_text": "Did you make this trip <u>primarily</u> to go fishing", 
      "int_group": 20, 
      "question_set": 1, 
      "display_order": 60.0, 
      "required": false, 
      "question_group": null, 
      "options": [
        "a28", 
        "a29", 
        "bdf1ff80-1a1e-11e1-85af-0016760580f0", 
        "c86ea121-1a1e-11e1-b833-0016760580f0"
      ], 
      "val_min": null, 
      "val_default": "", 
      "answer_type": "radio", 
      "eng_tooltip": "", 
      "val_max": null
    }
  }, 
  {
    "pk": 362, 
    "model": "gwst_app.interviewquestion", 
    "fields": {
      "all_resources": false, 
      "code": "ts-travct", 
      "layout": null, 
      "eng_text": "Including yourself, how many people are traveling together today", 
      "int_group": 20, 
      "question_set": 1, 
      "display_order": 70.0, 
      "required": false, 
      "question_group": null, 
      "options": [], 
      "val_min": null, 
      "val_default": "", 
      "answer_type": "integer", 
      "eng_tooltip": "", 
      "val_max": null
    }
  }, 
  {
    "pk": 363, 
    "model": "gwst_app.interviewquestion", 
    "fields": {
      "all_resources": false, 
      "code": "ts-tpctun", 
      "layout": null, 
      "eng_text": "If unanswered, why", 
      "int_group": 20, 
      "question_set": 1, 
      "display_order": 80.0, 
      "required": false, 
      "question_group": null, 
      "options": [
        "bdf1ff80-1a1e-11e1-85af-0016760580f0", 
        "c86ea121-1a1e-11e1-b833-0016760580f0"
      ], 
      "val_min": null, 
      "val_default": "", 
      "answer_type": "radio", 
      "eng_tooltip": "", 
      "val_max": null
    }
  }, 
  {
    "pk": 364, 
    "model": "gwst_app.interviewquestion", 
    "fields": {
      "all_resources": false, 
      "code": "ts-numfish", 
      "layout": null, 
      "eng_text": "Including yourself, how many people fished today", 
      "int_group": 20, 
      "question_set": 1, 
      "display_order": 90.0, 
      "required": false, 
      "question_group": null, 
      "options": [], 
      "val_min": null, 
      "val_default": "", 
      "answer_type": "integer", 
      "eng_tooltip": "", 
      "val_max": null
    }
  }, 
  {
    "pk": 365, 
    "model": "gwst_app.interviewquestion", 
    "fields": {
      "all_resources": false, 
      "code": "ts-nmfshun", 
      "layout": null, 
      "eng_text": "If unanswered, why", 
      "int_group": 20, 
      "question_set": 1, 
      "display_order": 100.0, 
      "required": false, 
      "question_group": null, 
      "options": [
        "bdf1ff80-1a1e-11e1-85af-0016760580f0", 
        "c86ea121-1a1e-11e1-b833-0016760580f0"
      ], 
      "val_min": null, 
      "val_default": "", 
      "answer_type": "radio", 
      "eng_tooltip": "", 
      "val_max": null
    }
  }, 
  {
    "pk": 366, 
    "model": "gwst_app.interviewquestion", 
    "fields": {
      "all_resources": false, 
      "code": "ts-a-amt", 
      "layout": null, 
      "eng_text": "Auto/truck fuel", 
      "int_group": 20, 
      "question_set": 2, 
      "display_order": 110.0, 
      "required": false, 
      "question_group": null, 
      "options": [], 
      "val_min": null, 
      "val_default": "", 
      "answer_type": "money", 
      "eng_tooltip": "", 
      "val_max": null
    }
  }, 
  {
    "pk": 367, 
    "model": "gwst_app.interviewquestion", 
    "fields": {
      "all_resources": false, 
      "code": "ts-a-covrd", 
      "layout": null, 
      "eng_text": "Auto/truck fuel # you paid for", 
      "int_group": 20, 
      "question_set": 2, 
      "display_order": 120.0, 
      "required": false, 
      "question_group": null, 
      "options": [], 
      "val_min": null, 
      "val_default": "", 
      "answer_type": "integer", 
      "eng_tooltip": "", 
      "val_max": null
    }
  }, 
  {
    "pk": 368, 
    "model": "gwst_app.interviewquestion", 
    "fields": {
      "all_resources": false, 
      "code": "ts-b-amt", 
      "layout": null, 
      "eng_text": "Auto/RV rental", 
      "int_group": 20, 
      "question_set": 2, 
      "display_order": 130.0, 
      "required": false, 
      "question_group": null, 
      "options": [], 
      "val_min": null, 
      "val_default": "", 
      "answer_type": "money", 
      "eng_tooltip": "", 
      "val_max": null
    }
  }, 
  {
    "pk": 369, 
    "model": "gwst_app.interviewquestion", 
    "fields": {
      "all_resources": false, 
      "code": "ts-b-covrd", 
      "layout": null, 
      "eng_text": "Auto/RV rental # you paid for", 
      "int_group": 20, 
      "question_set": 2, 
      "display_order": 140.0, 
      "required": false, 
      "question_group": null, 
      "options": [], 
      "val_min": null, 
      "val_default": "", 
      "answer_type": "integer", 
      "eng_tooltip": "", 
      "val_max": null
    }
  }, 
  {
    "pk": 370, 
    "model": "gwst_app.interviewquestion", 
    "fields": {
      "all_resources": false, 
      "code": "ts-c-amt", 
      "layout": null, 
      "eng_text": "Public transportation", 
      "int_group": 20, 
      "question_set": 2, 
      "display_order": 150.0, 
      "required": false, 
      "question_group": null, 
      "options": [], 
      "val_min": null, 
      "val_default": "", 
      "answer_type": "money", 
      "eng_tooltip": "", 
      "val_max": null
    }
  }, 
  {
    "pk": 371, 
    "model": "gwst_app.interviewquestion", 
    "fields": {
      "all_resources": false, 
      "code": "ts-c-covrd", 
      "layout": null, 
      "eng_text": "Public transportation # you paid for", 
      "int_group": 20, 
      "question_set": 2, 
      "display_order": 160.0, 
      "required": false, 
      "question_group": null, 
      "options": [], 
      "val_min": null, 
      "val_default": "", 
      "answer_type": "integer", 
      "eng_tooltip": "", 
      "val_max": null
    }
  }, 
  {
    "pk": 372, 
    "model": "gwst_app.interviewquestion", 
    "fields": {
      "all_resources": false, 
      "code": "ts-d-amt", 
      "layout": null, 
      "eng_text": "Lodging", 
      "int_group": 20, 
      "question_set": 2, 
      "display_order": 170.0, 
      "required": false, 
      "question_group": null, 
      "options": [], 
      "val_min": null, 
      "val_default": "", 
      "answer_type": "money", 
      "eng_tooltip": "", 
      "val_max": null
    }
  }, 
  {
    "pk": 373, 
    "model": "gwst_app.interviewquestion", 
    "fields": {
      "all_resources": false, 
      "code": "ts-d-covrd", 
      "layout": null, 
      "eng_text": "Lodging # you paid for", 
      "int_group": 20, 
      "question_set": 2, 
      "display_order": 180.0, 
      "required": false, 
      "question_group": null, 
      "options": [], 
      "val_min": null, 
      "val_default": "", 
      "answer_type": "integer", 
      "eng_tooltip": "", 
      "val_max": null
    }
  }, 
  {
    "pk": 374, 
    "model": "gwst_app.interviewquestion", 
    "fields": {
      "all_resources": false, 
      "code": "ts-e-amt", 
      "layout": null, 
      "eng_text": "Food and drink from grocery stores", 
      "int_group": 20, 
      "question_set": 2, 
      "display_order": 190.0, 
      "required": false, 
      "question_group": null, 
      "options": [], 
      "val_min": null, 
      "val_default": "", 
      "answer_type": "money", 
      "eng_tooltip": "", 
      "val_max": null
    }
  }, 
  {
    "pk": 375, 
    "model": "gwst_app.interviewquestion", 
    "fields": {
      "all_resources": false, 
      "code": "ts-e-covrd", 
      "layout": null, 
      "eng_text": "Food and drink from grocery store # you paid for", 
      "int_group": 20, 
      "question_set": 2, 
      "display_order": 200.0, 
      "required": false, 
      "question_group": null, 
      "options": [], 
      "val_min": null, 
      "val_default": "", 
      "answer_type": "integer", 
      "eng_tooltip": "", 
      "val_max": null
    }
  }, 
  {
    "pk": 376, 
    "model": "gwst_app.interviewquestion", 
    "fields": {
      "all_resources": false, 
      "code": "ts-f-amt", 
      "layout": null, 
      "eng_text": "Food and drink from restaurants", 
      "int_group": 20, 
      "question_set": 2, 
      "display_order": 210.0, 
      "required": false, 
      "question_group": null, 
      "options": [], 
      "val_min": null, 
      "val_default": "", 
      "answer_type": "money", 
      "eng_tooltip": "", 
      "val_max": null
    }
  }, 
  {
    "pk": 377, 
    "model": "gwst_app.interviewquestion", 
    "fields": {
      "all_resources": false, 
      "code": "ts-f-covrd", 
      "layout": null, 
      "eng_text": "Food and drink from restaurants # you paid for", 
      "int_group": 20, 
      "question_set": 2, 
      "display_order": 220.0, 
      "required": false, 
      "question_group": null, 
      "options": [], 
      "val_min": null, 
      "val_default": "", 
      "answer_type": "integer", 
      "eng_tooltip": "", 
      "val_max": null
    }
  }, 
  {
    "pk": 378, 
    "model": "gwst_app.interviewquestion", 
    "fields": {
      "all_resources": false, 
      "code": "ts-g-amt", 
      "layout": null, 
      "eng_text": "Fishing tackle bought for this trip", 
      "int_group": 20, 
      "question_set": 2, 
      "display_order": 230.0, 
      "required": false, 
      "question_group": null, 
      "options": [], 
      "val_min": null, 
      "val_default": "", 
      "answer_type": "money", 
      "eng_tooltip": "", 
      "val_max": null
    }
  }, 
  {
    "pk": 379, 
    "model": "gwst_app.interviewquestion", 
    "fields": {
      "all_resources": false, 
      "code": "ts-g-covrd", 
      "layout": null, 
      "eng_text": "Fishing tackle bought for this trip # you paid for", 
      "int_group": 20, 
      "question_set": 2, 
      "display_order": 240.0, 
      "required": false, 
      "question_group": null, 
      "options": [], 
      "val_min": null, 
      "val_default": "", 
      "answer_type": "integer", 
      "eng_tooltip": "", 
      "val_max": null
    }
  }, 
  {
    "pk": 380, 
    "model": "gwst_app.interviewquestion", 
    "fields": {
      "all_resources": false, 
      "code": "ts-h-amt", 
      "layout": null, 
      "eng_text": "Bait", 
      "int_group": 20, 
      "question_set": 2, 
      "display_order": 250.0, 
      "required": false, 
      "question_group": null, 
      "options": [], 
      "val_min": null, 
      "val_default": "", 
      "answer_type": "money", 
      "eng_tooltip": "", 
      "val_max": null
    }
  }, 
  {
    "pk": 381, 
    "model": "gwst_app.interviewquestion", 
    "fields": {
      "all_resources": false, 
      "code": "ts-h-covrd", 
      "layout": null, 
      "eng_text": "Bait # you paid for", 
      "int_group": 20, 
      "question_set": 2, 
      "display_order": 260.0, 
      "required": false, 
      "question_group": null, 
      "options": [], 
      "val_min": null, 
      "val_default": "", 
      "answer_type": "integer", 
      "eng_tooltip": "", 
      "val_max": null
    }
  }, 
  {
    "pk": 382, 
    "model": "gwst_app.interviewquestion", 
    "fields": {
      "all_resources": false, 
      "code": "ts-i-amt", 
      "layout": null, 
      "eng_text": "Ice", 
      "int_group": 20, 
      "question_set": 2, 
      "display_order": 270.0, 
      "required": false, 
      "question_group": null, 
      "options": [], 
      "val_min": null, 
      "val_default": "", 
      "answer_type": "money", 
      "eng_tooltip": "", 
      "val_max": null
    }
  }, 
  {
    "pk": 383, 
    "model": "gwst_app.interviewquestion", 
    "fields": {
      "all_resources": false, 
      "code": "ts-i-covrd", 
      "layout": null, 
      "eng_text": "Ice # you paid for", 
      "int_group": 20, 
      "question_set": 2, 
      "display_order": 280.0, 
      "required": false, 
      "question_group": null, 
      "options": [], 
      "val_min": null, 
      "val_default": "", 
      "answer_type": "integer", 
      "eng_tooltip": "", 
      "val_max": null
    }
  }, 
  {
    "pk": 384, 
    "model": "gwst_app.interviewquestion", 
    "fields": {
      "all_resources": false, 
      "code": "ts-j-amt", 
      "layout": null, 
      "eng_text": "Tournament/derby/jackpot fees", 
      "int_group": 20, 
      "question_set": 2, 
      "display_order": 290.0, 
      "required": false, 
      "question_group": null, 
      "options": [], 
      "val_min": null, 
      "val_default": "", 
      "answer_type": "money", 
      "eng_tooltip": "", 
      "val_max": null
    }
  }, 
  {
    "pk": 385, 
    "model": "gwst_app.interviewquestion", 
    "fields": {
      "all_resources": false, 
      "code": "ts-j-covrd", 
      "layout": null, 
      "eng_text": "Tournament/derby/jackpot fees # you paid for", 
      "int_group": 20, 
      "question_set": 2, 
      "display_order": 300.0, 
      "required": false, 
      "question_group": null, 
      "options": [], 
      "val_min": null, 
      "val_default": "", 
      "answer_type": "integer", 
      "eng_tooltip": "", 
      "val_max": null
    }
  }, 
  {
    "pk": 386, 
    "model": "gwst_app.interviewquestion", 
    "fields": {
      "all_resources": false, 
      "code": "ts-k-amt", 
      "layout": null, 
      "eng_text": "Parking/access/boat launching/moorage fees", 
      "int_group": 20, 
      "question_set": 2, 
      "display_order": 310.0, 
      "required": false, 
      "question_group": null, 
      "options": [], 
      "val_min": null, 
      "val_default": "", 
      "answer_type": "money", 
      "eng_tooltip": "", 
      "val_max": null
    }
  }, 
  {
    "pk": 387, 
    "model": "gwst_app.interviewquestion", 
    "fields": {
      "all_resources": false, 
      "code": "ts-k-covrd", 
      "layout": null, 
      "eng_text": "Parking/access/boat launching/moorage fees # you paid for", 
      "int_group": 20, 
      "question_set": 2, 
      "display_order": 320.0, 
      "required": false, 
      "question_group": null, 
      "options": [], 
      "val_min": null, 
      "val_default": "", 
      "answer_type": "integer", 
      "eng_tooltip": "", 
      "val_max": null
    }
  }, 
  {
    "pk": 388, 
    "model": "gwst_app.interviewquestion", 
    "fields": {
      "all_resources": false, 
      "code": "ts-l-amt", 
      "layout": null, 
      "eng_text": "Gifts & souvenirs", 
      "int_group": 20, 
      "question_set": 2, 
      "display_order": 330.0, 
      "required": false, 
      "question_group": null, 
      "options": [], 
      "val_min": null, 
      "val_default": "", 
      "answer_type": "money", 
      "eng_tooltip": "", 
      "val_max": null
    }
  }, 
  {
    "pk": 389, 
    "model": "gwst_app.interviewquestion", 
    "fields": {
      "all_resources": false, 
      "code": "ts-l-covrd", 
      "layout": null, 
      "eng_text": "Gifts & souvenirs # you paid for", 
      "int_group": 20, 
      "question_set": 2, 
      "display_order": 340.0, 
      "required": false, 
      "question_group": null, 
      "options": [], 
      "val_min": null, 
      "val_default": "", 
      "answer_type": "integer", 
      "eng_tooltip": "", 
      "val_max": null
    }
  }, 
  {
    "pk": 392, 
    "model": "gwst_app.interviewquestion", 
    "fields": {
      "all_resources": false, 
      "code": "ts-m-other", 
      "layout": null, 
      "eng_text": "Other", 
      "int_group": 20, 
      "question_set": 2, 
      "display_order": 345.0, 
      "required": false, 
      "question_group": null, 
      "options": [], 
      "val_min": null, 
      "val_default": "", 
      "answer_type": "text", 
      "eng_tooltip": "", 
      "val_max": null
    }
  }, 
  {
    "pk": 390, 
    "model": "gwst_app.interviewquestion", 
    "fields": {
      "all_resources": false, 
      "code": "ts-m-amt", 
      "layout": null, 
      "eng_text": "Other costs", 
      "int_group": 20, 
      "question_set": 2, 
      "display_order": 350.0, 
      "required": false, 
      "question_group": null, 
      "options": [], 
      "val_min": null, 
      "val_default": "", 
      "answer_type": "money", 
      "eng_tooltip": "", 
      "val_max": null
    }
  }, 
  {
    "pk": 391, 
    "model": "gwst_app.interviewquestion", 
    "fields": {
      "all_resources": false, 
      "code": "ts-m-covrd", 
      "layout": null, 
      "eng_text": "Other costs # you paid for", 
      "int_group": 20, 
      "question_set": 2, 
      "display_order": 360.0, 
      "required": false, 
      "question_group": null, 
      "options": [], 
      "val_min": null, 
      "val_default": "", 
      "answer_type": "integer", 
      "eng_tooltip": "", 
      "val_max": null
    }
  }, 
  {
    "pk": 393, 
    "model": "gwst_app.interviewquestion", 
    "fields": {
      "all_resources": false, 
      "code": "ts-n-amt", 
      "layout": null, 
      "eng_text": "Boat fuel", 
      "int_group": 20, 
      "question_set": 2, 
      "display_order": 380.0, 
      "required": false, 
      "question_group": null, 
      "options": [], 
      "val_min": null, 
      "val_default": "", 
      "answer_type": "money", 
      "eng_tooltip": "", 
      "val_max": null
    }
  }, 
  {
    "pk": 394, 
    "model": "gwst_app.interviewquestion", 
    "fields": {
      "all_resources": false, 
      "code": "ts-n-covrd", 
      "layout": null, 
      "eng_text": "Boat fuel # you paid for", 
      "int_group": 20, 
      "question_set": 2, 
      "display_order": 390.0, 
      "required": false, 
      "question_group": null, 
      "options": [], 
      "val_min": null, 
      "val_default": "", 
      "answer_type": "integer", 
      "eng_tooltip": "", 
      "val_max": null
    }
  }, 
  {
    "pk": 395, 
    "model": "gwst_app.interviewquestion", 
    "fields": {
      "all_resources": false, 
      "code": "ts-o-amt", 
      "layout": null, 
      "eng_text": "Boat rental", 
      "int_group": 20, 
      "question_set": 2, 
      "display_order": 400.0, 
      "required": false, 
      "question_group": null, 
      "options": [], 
      "val_min": null, 
      "val_default": "", 
      "answer_type": "money", 
      "eng_tooltip": "", 
      "val_max": null
    }
  }, 
  {
    "pk": 396, 
    "model": "gwst_app.interviewquestion", 
    "fields": {
      "all_resources": false, 
      "code": "ts-o-covrd", 
      "layout": null, 
      "eng_text": "Boat rental # you paid for", 
      "int_group": 20, 
      "question_set": 2, 
      "display_order": 410.0, 
      "required": false, 
      "question_group": null, 
      "options": [], 
      "val_min": null, 
      "val_default": "", 
      "answer_type": "integer", 
      "eng_tooltip": "", 
      "val_max": null
    }
  }, 
  {
    "pk": 397, 
    "model": "gwst_app.interviewquestion", 
    "fields": {
      "all_resources": false, 
      "code": "ts-p-amt", 
      "layout": null, 
      "eng_text": "Party, charter, or guide fees", 
      "int_group": 20, 
      "question_set": 2, 
      "display_order": 420.0, 
      "required": false, 
      "question_group": null, 
      "options": [], 
      "val_min": null, 
      "val_default": "", 
      "answer_type": "money", 
      "eng_tooltip": "", 
      "val_max": null
    }
  }, 
  {
    "pk": 398, 
    "model": "gwst_app.interviewquestion", 
    "fields": {
      "all_resources": false, 
      "code": "ts-p-covrd", 
      "layout": null, 
      "eng_text": "Party, charter, or guide fees # you paid for", 
      "int_group": 20, 
      "question_set": 2, 
      "display_order": 430.0, 
      "required": false, 
      "question_group": null, 
      "options": [], 
      "val_min": null, 
      "val_default": "", 
      "answer_type": "integer", 
      "eng_tooltip": "", 
      "val_max": null
    }
  }, 
  {
    "pk": 399, 
    "model": "gwst_app.interviewquestion", 
    "fields": {
      "all_resources": false, 
      "code": "ts-q-amt", 
      "layout": null, 
      "eng_text": "Fish filleting fee paid to charter operator or crew", 
      "int_group": 20, 
      "question_set": 2, 
      "display_order": 440.0, 
      "required": false, 
      "question_group": null, 
      "options": [], 
      "val_min": null, 
      "val_default": "", 
      "answer_type": "money", 
      "eng_tooltip": "", 
      "val_max": null
    }
  }, 
  {
    "pk": 400, 
    "model": "gwst_app.interviewquestion", 
    "fields": {
      "all_resources": false, 
      "code": "ts-q-covrd", 
      "layout": null, 
      "eng_text": "Fish filleting fee paid to charter operator or crew # you paid for", 
      "int_group": 20, 
      "question_set": 2, 
      "display_order": 450.0, 
      "required": false, 
      "question_group": null, 
      "options": [], 
      "val_min": null, 
      "val_default": "", 
      "answer_type": "integer", 
      "eng_tooltip": "", 
      "val_max": null
    }
  }, 
  {
    "pk": 401, 
    "model": "gwst_app.interviewquestion", 
    "fields": {
      "all_resources": false, 
      "code": "ts-r-amt", 
      "layout": null, 
      "eng_text": "Processing, freezing, or shipping paid to processing company", 
      "int_group": 20, 
      "question_set": 2, 
      "display_order": 460.0, 
      "required": false, 
      "question_group": null, 
      "options": [], 
      "val_min": null, 
      "val_default": "", 
      "answer_type": "money", 
      "eng_tooltip": "", 
      "val_max": null
    }
  }, 
  {
    "pk": 402, 
    "model": "gwst_app.interviewquestion", 
    "fields": {
      "all_resources": false, 
      "code": "ts-r-covrd", 
      "layout": null, 
      "eng_text": "Processing, freezing, or shipping paid to processing company # you paid for", 
      "int_group": 20, 
      "question_set": 2, 
      "display_order": 470.0, 
      "required": false, 
      "question_group": null, 
      "options": [], 
      "val_min": null, 
      "val_default": "", 
      "answer_type": "integer", 
      "eng_tooltip": "", 
      "val_max": null
    }
  }, 
  {
    "pk": 403, 
    "model": "gwst_app.interviewquestion", 
    "fields": {
      "all_resources": false, 
      "code": "ts-pctstat", 
      "layout": null, 
      "eng_text": "What percentage of the expenditures you just described were made in this state", 
      "int_group": 20, 
      "question_set": 2, 
      "display_order": 480.0, 
      "required": false, 
      "question_group": null, 
      "options": [], 
      "val_min": 0.0, 
      "val_default": "", 
      "answer_type": "percent", 
      "eng_tooltip": "", 
      "val_max": 100.0
    }
  }, 
  {
    "pk": 404, 
    "model": "gwst_app.interviewquestion", 
    "fields": {
      "all_resources": false, 
      "code": "ts-pctstun", 
      "layout": null, 
      "eng_text": "If unanswered, why", 
      "int_group": 20, 
      "question_set": 2, 
      "display_order": 490.0, 
      "required": false, 
      "question_group": null, 
      "options": [
        "bdf1ff80-1a1e-11e1-85af-0016760580f0", 
        "c86ea121-1a1e-11e1-b833-0016760580f0"
      ], 
      "val_min": null, 
      "val_default": "", 
      "answer_type": "radio", 
      "eng_tooltip": "", 
      "val_max": null
    }
  }, 
  {
    "pk": 331, 
    "model": "gwst_app.interviewquestion", 
    "fields": {
      "all_resources": false, 
      "code": "ac-seefish", 
      "layout": null, 
      "eng_text": "Did you catch any fish while you were fishing that I might be able to look at", 
      "int_group": 21, 
      "question_set": 1, 
      "display_order": 210.0, 
      "required": false, 
      "question_group": null, 
      "options": [
        "9401bfb0-2bf5-11e1-ba39-0016760580f0", 
        "a28", 
        "a29"
      ], 
      "val_min": null, 
      "val_default": "", 
      "answer_type": "select", 
      "eng_tooltip": "", 
      "val_max": null
    }
  }, 
  {
    "pk": 329, 
    "model": "gwst_app.interviewquestion", 
    "fields": {
      "all_resources": false, 
      "code": "ac-seeothf", 
      "layout": null, 
      "eng_text": "If fish are on another angler's form, which interview # or which interviewer, date, and assignment number was it", 
      "int_group": 21, 
      "question_set": 1, 
      "display_order": 220.0, 
      "required": false, 
      "question_group": null, 
      "options": [], 
      "val_min": null, 
      "val_default": "", 
      "answer_type": "text", 
      "eng_tooltip": "", 
      "val_max": null
    }
  }, 
  {
    "pk": 330, 
    "model": "gwst_app.interviewquestion", 
    "fields": {
      "all_resources": false, 
      "code": "ac-whocght", 
      "layout": null, 
      "eng_text": "Did you catch these yourself or did someone else catch some of them", 
      "int_group": 21, 
      "question_set": 1, 
      "display_order": 230.0, 
      "required": false, 
      "question_group": null, 
      "options": [
        "382ce100-2bf6-11e1-bf62-0016760580f0", 
        "aa0ac540-2bf5-11e1-b9bd-0016760580f0", 
        "e3355291-2bf5-11e1-987b-0016760580f0"
      ], 
      "val_min": null, 
      "val_default": "", 
      "answer_type": "select", 
      "eng_tooltip": "", 
      "val_max": null
    }
  }, 
  {
    "pk": 332, 
    "model": "gwst_app.interviewquestion", 
    "fields": {
      "all_resources": false, 
      "code": "ac-separat", 
      "layout": null, 
      "eng_text": "Can you separate out your individual catch", 
      "int_group": 21, 
      "question_set": 1, 
      "display_order": 240.0, 
      "required": false, 
      "question_group": null, 
      "options": [
        "a28", 
        "a29", 
        "aa0ac540-2bf5-11e1-b9bd-0016760580f0"
      ], 
      "val_min": null, 
      "val_default": "", 
      "answer_type": "select", 
      "eng_tooltip": "", 
      "val_max": null
    }
  }, 
  {
    "pk": 333, 
    "model": "gwst_app.interviewquestion", 
    "fields": {
      "all_resources": false, 
      "code": "ac-ctangca", 
      "layout": null, 
      "eng_text": "How many anglers including yourself have their catch here", 
      "int_group": 21, 
      "question_set": 1, 
      "display_order": 250.0, 
      "required": false, 
      "question_group": null, 
      "options": [], 
      "val_min": null, 
      "val_default": "", 
      "answer_type": "integer", 
      "eng_tooltip": "", 
      "val_max": null
    }
  }, 
  {
    "pk": 334, 
    "model": "gwst_app.interviewquestion", 
    "fields": {
      "all_resources": false, 
      "code": "ac-ctangbt", 
      "layout": null, 
      "eng_text": "How many people fished on your boat today", 
      "int_group": 21, 
      "question_set": 1, 
      "display_order": 260.0, 
      "required": false, 
      "question_group": null, 
      "options": [], 
      "val_min": null, 
      "val_default": "", 
      "answer_type": "integer", 
      "eng_tooltip": "", 
      "val_max": null
    }
  }, 
  {
    "pk": 335, 
    "model": "gwst_app.interviewquestion", 
    "fields": {
      "all_resources": false, 
      "code": "ac-1stint", 
      "layout": null, 
      "eng_text": "Interview # or interviewer, date, and assignment # of first interview for fishing party", 
      "int_group": 21, 
      "question_set": 1, 
      "display_order": 270.0, 
      "required": false, 
      "question_group": null, 
      "options": [], 
      "val_min": null, 
      "val_default": "", 
      "answer_type": "text", 
      "eng_tooltip": "", 
      "val_max": null
    }
  }, 
  {
    "pk": 336, 
    "model": "gwst_app.interviewquestion", 
    "fields": {
      "all_resources": false, 
      "code": "ac-veslist", 
      "layout": null, 
      "eng_text": "Is this vessel on the list", 
      "int_group": 21, 
      "question_set": 1, 
      "display_order": 280.0, 
      "required": false, 
      "question_group": null, 
      "options": [
        "a28", 
        "a29", 
        "af5c2c1e-1a1e-11e1-973d-0016760580f0"
      ], 
      "val_min": null, 
      "val_default": "", 
      "answer_type": "select", 
      "eng_tooltip": "", 
      "val_max": null
    }
  }, 
  {
    "pk": 337, 
    "model": "gwst_app.interviewquestion", 
    "fields": {
      "all_resources": false, 
      "code": "ac-vesname", 
      "layout": null, 
      "eng_text": "What is the name (or registration #) of the vessel", 
      "int_group": 21, 
      "question_set": 1, 
      "display_order": 290.0, 
      "required": false, 
      "question_group": null, 
      "options": [], 
      "val_min": null, 
      "val_default": "", 
      "answer_type": "text", 
      "eng_tooltip": "", 
      "val_max": null
    }
  }, 
  {
    "pk": 349, 
    "model": "gwst_app.interviewquestion", 
    "fields": {
      "all_resources": false, 
      "code": "ac-look", 
      "layout": null, 
      "eng_text": "May I look at your fish", 
      "int_group": 21, 
      "question_set": 2, 
      "display_order": 10.0, 
      "required": false, 
      "question_group": null, 
      "options": [
        "a28", 
        "a29"
      ], 
      "val_min": null, 
      "val_default": "", 
      "answer_type": "select", 
      "eng_tooltip": "", 
      "val_max": null
    }
  }, 
  {
    "pk": 346, 
    "model": "gwst_app.interviewquestion", 
    "fields": {
      "all_resources": true, 
      "code": "ac-numfish", 
      "layout": null, 
      "eng_text": "Number of fish", 
      "int_group": 21, 
      "question_set": 3, 
      "display_order": 110.0, 
      "required": false, 
      "question_group": null, 
      "options": [], 
      "val_min": 1.0, 
      "val_default": "", 
      "answer_type": "integer", 
      "eng_tooltip": "", 
      "val_max": 999.0
    }
  }, 
  {
    "pk": 347, 
    "model": "gwst_app.interviewquestion", 
    "fields": {
      "all_resources": true, 
      "code": "ac-length", 
      "layout": null, 
      "eng_text": "Length (mm)", 
      "int_group": 21, 
      "question_set": 3, 
      "display_order": 120.0, 
      "required": false, 
      "question_group": null, 
      "options": [], 
      "val_min": 1.0, 
      "val_default": "", 
      "answer_type": "integer", 
      "eng_tooltip": "", 
      "val_max": 9999.0
    }
  }, 
  {
    "pk": 348, 
    "model": "gwst_app.interviewquestion", 
    "fields": {
      "all_resources": true, 
      "code": "ac-weight", 
      "layout": null, 
      "eng_text": "Weight (kg)", 
      "int_group": 21, 
      "question_set": 3, 
      "display_order": 130.0, 
      "required": false, 
      "question_group": null, 
      "options": [], 
      "val_min": 0.01, 
      "val_default": "", 
      "answer_type": "decimal", 
      "eng_tooltip": "", 
      "val_max": 999.99000000000001
    }
  }, 
  {
    "pk": 351, 
    "model": "gwst_app.interviewquestion", 
    "fields": {
      "all_resources": true, 
      "code": "ac-disp", 
      "layout": null, 
      "eng_text": "Disposition method", 
      "int_group": 21, 
      "question_set": 3, 
      "display_order": 140.0, 
      "required": false, 
      "question_group": null, 
      "options": [
        "43b48a00-2bf6-11e1-9068-0016760580f0", 
        "4e78bbf0-2bf6-11e1-a5b8-0016760580f0", 
        "54fdbd8f-2bf6-11e1-a326-0016760580f0", 
        "653707c0-2bf6-11e1-9955-0016760580f0", 
        "6cdede80-2bf6-11e1-99b3-0016760580f0", 
        "7a3c31de-2bf6-11e1-94a5-0016760580f0", 
        "c86ea121-1a1e-11e1-b833-0016760580f0"
      ], 
      "val_min": null, 
      "val_default": "", 
      "answer_type": "select", 
      "eng_tooltip": "", 
      "val_max": null
    }
  }, 
  {
    "pk": 350, 
    "model": "gwst_app.interviewquestion", 
    "fields": {
      "all_resources": true, 
      "code": "ac-usemaj", 
      "layout": null, 
      "eng_text": "What do you do with the majority of this species", 
      "int_group": 21, 
      "question_set": 3, 
      "display_order": 150.0, 
      "required": false, 
      "question_group": null, 
      "options": [], 
      "val_min": null, 
      "val_default": "", 
      "answer_type": "text", 
      "eng_tooltip": "", 
      "val_max": null
    }
  }, 
  {
    "pk": 352, 
    "model": "gwst_app.interviewquestion", 
    "fields": {
      "all_resources": true, 
      "code": "ac-notes", 
      "layout": null, 
      "eng_text": "Notes/Comments", 
      "int_group": 21, 
      "question_set": 3, 
      "display_order": 160.0, 
      "required": false, 
      "question_group": null, 
      "options": [], 
      "val_min": null, 
      "val_default": "", 
      "answer_type": "textarea", 
      "eng_tooltip": "", 
      "val_max": null
    }
  }, 
  {
    "pk": 354, 
    "model": "gwst_app.interviewquestion", 
    "fields": {
      "all_resources": false, 
      "code": "un-hbride", 
      "layout": null, 
      "eng_text": "Was this a Head Boat ride", 
      "int_group": 22, 
      "question_set": 1, 
      "display_order": 10.0, 
      "required": false, 
      "question_group": null, 
      "options": [
        "a28", 
        "a29"
      ], 
      "val_min": null, 
      "val_default": "", 
      "answer_type": "select", 
      "eng_tooltip": "", 
      "val_max": null
    }
  }, 
  {
    "pk": 355, 
    "model": "gwst_app.interviewquestion", 
    "fields": {
      "all_resources": false, 
      "code": "un-discmon", 
      "layout": null, 
      "eng_text": "If yes, is this one of the anglers you monitored for discard (type 9) catch", 
      "int_group": 22, 
      "question_set": 1, 
      "display_order": 20.0, 
      "required": false, 
      "question_group": null, 
      "options": [
        "a28", 
        "a29"
      ], 
      "val_min": null, 
      "val_default": "", 
      "answer_type": "select", 
      "eng_tooltip": "", 
      "val_max": null
    }
  }, 
  {
    "pk": 356, 
    "model": "gwst_app.interviewquestion", 
    "fields": {
      "all_resources": false, 
      "code": "un-notes", 
      "layout": null, 
      "eng_text": "Notes/comments", 
      "int_group": 22, 
      "question_set": 1, 
      "display_order": 30.0, 
      "required": false, 
      "question_group": null, 
      "options": [], 
      "val_min": null, 
      "val_default": "", 
      "answer_type": "textarea", 
      "eng_tooltip": "", 
      "val_max": null
    }
  }, 
  {
    "pk": 303, 
    "model": "gwst_app.interviewquestion", 
    "fields": {
      "all_resources": true, 
      "code": "un-spcount", 
      "layout": null, 
      "eng_text": "Number of fish", 
      "int_group": 22, 
      "question_set": 2, 
      "display_order": 70.0, 
      "required": false, 
      "question_group": null, 
      "options": [], 
      "val_min": null, 
      "val_default": "", 
      "answer_type": "integer", 
      "eng_tooltip": "", 
      "val_max": null
    }
  }, 
  {
    "pk": 304, 
    "model": "gwst_app.interviewquestion", 
    "fields": {
      "all_resources": true, 
      "code": "un-spdisp", 
      "layout": null, 
      "eng_text": "Disposition method", 
      "int_group": 22, 
      "question_set": 2, 
      "display_order": 80.0, 
      "required": false, 
      "question_group": null, 
      "options": [
        "43b48a00-2bf6-11e1-9068-0016760580f0", 
        "4e78bbf0-2bf6-11e1-a5b8-0016760580f0", 
        "54fdbd8f-2bf6-11e1-a326-0016760580f0", 
        "653707c0-2bf6-11e1-9955-0016760580f0", 
        "6cdede80-2bf6-11e1-99b3-0016760580f0", 
        "de6ba011-2bf6-11e1-85fa-0016760580f0"
      ], 
      "val_min": null, 
      "val_default": "", 
      "answer_type": "select", 
      "eng_tooltip": "", 
      "val_max": null
    }
  }, 
  {
    "pk": 353, 
    "model": "gwst_app.interviewquestion", 
    "fields": {
      "all_resources": false, 
      "code": "mp-drawyn", 
      "layout": null, 
      "eng_text": "Would you like to map where you caught the majority of your fish today", 
      "int_group": 23, 
      "question_set": 1, 
      "display_order": 10.0, 
      "required": false, 
      "question_group": null, 
      "options": [
        "a28", 
        "a29"
      ], 
      "val_min": null, 
      "val_default": "", 
      "answer_type": "radio", 
      "eng_tooltip": "", 
      "val_max": null
    }
  }
]