[
  {
    "pk": 1, 
    "model": "auth.user", 
    "fields": {
      "username": "ken", 
      "first_name": "", 
      "last_name": "", 
      "is_active": true, 
      "is_superuser": true, 
      "is_staff": true, 
      "last_login": "2009-06-02 11:17:09", 
      "groups": [], 
      "user_permissions": [], 
      "password": "sha1$a4475$a288560222f949e68985d76550dce47203e01ed7", 
      "email": "k@e.org", 
      "date_joined": "2009-05-21 10:51:22"
    }
  }, 
  {
    "pk": 12, 
    "model": "auth.user", 
    "fields": {
      "username": "twelch", 
      "first_name": "", 
      "last_name": "", 
      "is_active": true, 
      "is_superuser": false, 
      "is_staff": false, 
      "last_login": "2009-07-01 13:21:23", 
      "groups": [], 
      "user_permissions": [], 
      "password": "sha1$27391$54af43a321920966da0cc5d5931fe311bfcf09ec", 
      "email": "", 
      "date_joined": "2009-07-01 13:21:23"
    }
  }, 
  {
    "pk": 3, 
    "model": "auth.user", 
    "fields": {
      "username": "testadmin", 
      "first_name": "testadmin", 
      "last_name": "ta", 
      "is_active": true, 
      "is_superuser": true, 
      "is_staff": true, 
      "last_login": "2009-07-14 13:36:24", 
      "groups": [], 
      "user_permissions": [], 
      "password": "sha1$6c215$989ff2bd2d3f6625d73b0dc628245cb4d047b001", 
      "email": "ta@t.org", 
      "date_joined": "2009-06-02 11:51:40"
    }
  }, 
  {
    "pk": 2, 
    "model": "auth.user", 
    "fields": {
      "username": "test", 
      "first_name": "test", 
      "last_name": "tester", 
      "is_active": true, 
      "is_superuser": false, 
      "is_staff": false, 
      "last_login": "2009-07-14 13:48:42", 
      "groups": [], 
      "user_permissions": [], 
      "password": "sha1$6ed65$0060004f9cf22802e107939f5adc4365956e08ee", 
      "email": "t@t.org", 
      "date_joined": "2009-06-02 11:50:33"
    }
  }, 
  {
    "pk": 2, 
    "model": "gwst_app.region", 
    "fields": {
      "code": "ORCC", 
      "name": "Oregon Central Coast", 
      "bounds": null
    }
  }, 
  {
    "pk": 1, 
    "model": "gwst_app.region", 
    "fields": {
      "code": "NCCA", 
      "name": "California North Coast", 
      "bounds": null
    }
  }, 
  {
    "pk": 1, 
    "model": "gwst_app.resource", 
    "fields": {
      "shape_color": "FF", 
      "code": "sal", 
      "name": "Salmon"
    }
  }, 
  {
    "pk": 2, 
    "model": "gwst_app.resource", 
    "fields": {
      "shape_color": "FF", 
      "code": "tun", 
      "name": "Tuna"
    }
  }, 
  {
    "pk": 3, 
    "model": "gwst_app.resource", 
    "fields": {
      "shape_color": "FF", 
      "code": "rock", 
      "name": "Rockfish"
    }
  }, 
  {
    "pk": 2, 
    "model": "gwst_app.interview", 
    "fields": {
      "code": "ORRrecfish", 
      "name": "ORCC rec fisherman", 
      "region": 2, 
      "draw_shape_text": "", 
      "active": false, 
      "organization": "Ecotrust", 
      "group_status_text": "", 
      "description": "Oregon central coast rec fishermen"
    }
  }, 
  {
    "pk": 1, 
    "model": "gwst_app.interview", 
    "fields": {
      "code": "NCrecfish", 
      "name": "MLPA North Coast Recreational Fishing Survey", 
      "region": 1, 
      "draw_shape_text": "Please watch the demonstration videos or read the instructions carefully.  They will help you complete this section successfully.  \r\n<br/>\r\nStep 1. Learn how to use the map. (Watch Video) (Text Instructions)\r\n<br/>\r\nStep 2.  Draw Shapes. (Watch Video) (Text Instructions)\r\n<br/>\r\nStep 3.  Assign pennies. (Watch Video) (Text Instructions)\r\n<br/>\r\nYou are done with a user group when you have allocated 100 pennies for each fishery you drew shapes for.  If I drew shapes for Rockfish and Salmon in the kayak group I would need to allocate 100 pennies in each of those two groups.\r\n<br/>\r\nAdvanced features are available such as copying one or all shapes from one fishery to another.  This is a timesaver if you target multiple species in the same areas.  (Watch Video) (Text Instructions).\r\n<br/>\r\n", 
      "active": true, 
      "organization": "Ecotrust", 
      "group_status_text": "Please carefully read all instructions and complete the survey sections one at a time.  Each section will ask you a few questions.  Some sections will also ask you to draw shapes representing your fishing grounds.  Finalize each section once you are done.\r\n<br/><br/>\r\nIf you have questions about Ecotrust's involvement in the MLPA process and what your incentive is to reveal your fishing grounds to us, please <a href='http://www.ecotrust.org/mlpa/'>visit our MLPA page</a>.\r\n<br/><br/>\r\nWe are listening to your feedback. If you have technical problems or are finding the online interview too difficult to complete, please email us at fish@ecotrust.org or call us using the number provided in your registration email.\r\n", 
      "description": "rec fish"
    }
  }, 
  {
    "pk": 4, 
    "model": "gwst_app.interviewgroup", 
    "fields": {
      "shape_color": "FF", 
      "code": "div", 
      "name": "divers", 
      "required_group": false, 
      "user_draws_shapes": true, 
      "interview": 2, 
      "resources": [
        1
      ], 
      "description": "free divers"
    }
  }, 
  {
    "pk": 6, 
    "model": "gwst_app.interviewgroup", 
    "fields": {
      "shape_color": "FF", 
      "code": "main", 
      "name": "main questions", 
      "required_group": true, 
      "user_draws_shapes": false, 
      "interview": 1, 
      "resources": [], 
      "description": "NC recfish main questions"
    }
  }, 
  {
    "pk": 5, 
    "model": "gwst_app.interviewgroup", 
    "fields": {
      "shape_color": "FF", 
      "code": "pri", 
      "name": "sport boat", 
      "required_group": false, 
      "user_draws_shapes": true, 
      "interview": 2, 
      "resources": [
        3
      ], 
      "description": "private vessels"
    }
  }, 
  {
    "pk": 3, 
    "model": "gwst_app.interviewgroup", 
    "fields": {
      "shape_color": "FF", 
      "code": "prvsl", 
      "name": "private vessel", 
      "required_group": false, 
      "user_draws_shapes": true, 
      "interview": 1, 
      "resources": [
        1
      ], 
      "description": "private vessel anglers"
    }
  }, 
  {
    "pk": 2, 
    "model": "gwst_app.interviewgroup", 
    "fields": {
      "shape_color": "FF", 
      "code": "kyk", 
      "name": "kayak", 
      "required_group": false, 
      "user_draws_shapes": true, 
      "interview": 1, 
      "resources": [
        2
      ], 
      "description": "kayakers"
    }
  }, 
  {
    "pk": 1, 
    "model": "gwst_app.interviewgroup", 
    "fields": {
      "shape_color": "FF", 
      "code": "div", 
      "name": "dive", 
      "required_group": false, 
      "user_draws_shapes": true, 
      "interview": 1, 
      "resources": [
        1, 
        3
      ], 
      "description": "free divers"
    }
  }, 
  {
    "pk": 1, 
    "model": "gwst_app.interviewgroupmembership", 
    "fields": {
      "status": "not yet started", 
      "user_status_msg": "no shapes drawn", 
      "date_completed": null, 
      "int_group": 6, 
      "completed": false, 
      "num_complete_resources": 0, 
      "reviewed": false, 
      "date_reviewed": null, 
      "user": 1, 
      "date_started": null, 
      "percent_involvement": null, 
      "num_incomplete_resources": 0
    }
  }, 
  {
    "pk": 2, 
    "model": "gwst_app.interviewgroupmembership", 
    "fields": {
      "status": "in-progress", 
      "user_status_msg": "no shapes drawn", 
      "date_completed": null, 
      "int_group": 1, 
      "completed": false, 
      "num_complete_resources": 0, 
      "reviewed": false, 
      "date_reviewed": null, 
      "user": 1, 
      "date_started": "2009-05-29 13:01:33", 
      "percent_involvement": null, 
      "num_incomplete_resources": 0
    }
  }, 
  {
    "pk": 3, 
    "model": "gwst_app.interviewgroupmembership", 
    "fields": {
      "status": "not yet started", 
      "user_status_msg": "no shapes drawn", 
      "date_completed": null, 
      "int_group": 6, 
      "completed": false, 
      "num_complete_resources": 0, 
      "reviewed": false, 
      "date_reviewed": null, 
      "user": 3, 
      "date_started": null, 
      "percent_involvement": null, 
      "num_incomplete_resources": 0
    }
  }, 
  {
    "pk": 5, 
    "model": "gwst_app.interviewgroupmembership", 
    "fields": {
      "status": "not yet started", 
      "user_status_msg": "no shapes drawn", 
      "date_completed": null, 
      "int_group": 3, 
      "completed": false, 
      "num_complete_resources": 0, 
      "reviewed": false, 
      "date_reviewed": null, 
      "user": 2, 
      "date_started": null, 
      "percent_involvement": 30, 
      "num_incomplete_resources": 0
    }
  }, 
  {
    "pk": 6, 
    "model": "gwst_app.interviewgroupmembership", 
    "fields": {
      "status": "not yet started", 
      "user_status_msg": "no shapes drawn", 
      "date_completed": null, 
      "int_group": 2, 
      "completed": false, 
      "num_complete_resources": 0, 
      "reviewed": false, 
      "date_reviewed": null, 
      "user": 2, 
      "date_started": "2009-07-07 15:32:03", 
      "percent_involvement": 40, 
      "num_incomplete_resources": 0
    }
  }, 
  {
    "pk": 4, 
    "model": "gwst_app.interviewgroupmembership", 
    "fields": {
      "status": "not yet started", 
      "user_status_msg": "no shapes drawn", 
      "date_completed": "2009-07-13 17:45:30", 
      "int_group": 6, 
      "completed": false, 
      "num_complete_resources": 0, 
      "reviewed": false, 
      "date_reviewed": null, 
      "user": 2, 
      "date_started": "2009-07-13 17:45:27", 
      "percent_involvement": null, 
      "num_incomplete_resources": 0
    }
  }, 
  {
    "pk": 7, 
    "model": "gwst_app.interviewgroupmembership", 
    "fields": {
      "status": "not yet started", 
      "user_status_msg": "no shapes drawn", 
      "date_completed": null, 
      "int_group": 1, 
      "completed": false, 
      "num_complete_resources": 0, 
      "reviewed": false, 
      "date_reviewed": null, 
      "user": 2, 
      "date_started": "2009-07-14 14:01:19", 
      "percent_involvement": 30, 
      "num_incomplete_resources": 0
    }
  }, 
  {
    "pk": 1, 
    "model": "gwst_app.interviewansweroption", 
    "fields": {
      "display_order": 0.0, 
      "eng_text": "Yes!"
    }
  }, 
  {
    "pk": 2, 
    "model": "gwst_app.interviewansweroption", 
    "fields": {
      "display_order": 1.5, 
      "eng_text": "No."
    }
  }, 
  {
    "pk": 3, 
    "model": "gwst_app.interviewansweroption", 
    "fields": {
      "display_order": 2.0, 
      "eng_text": "Don't mind if I do!"
    }
  }, 
  {
    "pk": 4, 
    "model": "gwst_app.interviewansweroption", 
    "fields": {
      "display_order": 4.0, 
      "eng_text": "Male"
    }
  }, 
  {
    "pk": 5, 
    "model": "gwst_app.interviewansweroption", 
    "fields": {
      "display_order": 5.0, 
      "eng_text": "Female"
    }
  }, 
  {
    "pk": 6, 
    "model": "gwst_app.interviewansweroption", 
    "fields": {
      "display_order": 1.0, 
      "eng_text": "Swimming"
    }
  }, 
  {
    "pk": 7, 
    "model": "gwst_app.interviewansweroption", 
    "fields": {
      "display_order": 2.0, 
      "eng_text": "Kayak"
    }
  }, 
  {
    "pk": 8, 
    "model": "gwst_app.interviewansweroption", 
    "fields": {
      "display_order": 3.0, 
      "eng_text": "Private Boat"
    }
  }, 
  {
    "pk": 9, 
    "model": "gwst_app.interviewansweroption", 
    "fields": {
      "display_order": 1.0, 
      "eng_text": "Free dive"
    }
  }, 
  {
    "pk": 10, 
    "model": "gwst_app.interviewansweroption", 
    "fields": {
      "display_order": 2.0, 
      "eng_text": "Scuba Dive"
    }
  }, 
  {
    "pk": 1, 
    "model": "gwst_app.questiongroupvalidator", 
    "fields": {
      "description": "Sum to 100", 
      "param_4": "", 
      "param_1": "100", 
      "param_3": "", 
      "param_2": "", 
      "type": "sum"
    }
  }, 
  {
    "pk": 1, 
    "model": "gwst_app.questiongroup", 
    "fields": {
      "code": "dive_perc", 
      "eng_text": "What percentage of your dives are", 
      "validators": [
        1
      ]
    }
  }, 
  {
    "pk": 1, 
    "model": "gwst_app.interviewquestion", 
    "fields": {
      "code": "num_dives", 
      "eng_text": "Average number of dives per trip", 
      "int_group": 1, 
      "question_set": null, 
      "display_order": 1.0, 
      "required": true, 
      "question_group": null, 
      "options": [], 
      "val_min": 1.0, 
      "val_default": "", 
      "answer_type": "integer", 
      "eng_tooltip": "", 
      "val_max": 100.0
    }
  }, 
  {
    "pk": 31, 
    "model": "gwst_app.interviewquestion", 
    "fields": {
      "code": "access", 
      "eng_text": "Primary access method to dive locations", 
      "int_group": 1, 
      "question_set": null, 
      "display_order": 2.0, 
      "required": true, 
      "question_group": null, 
      "options": [
        6, 
        7, 
        8
      ], 
      "val_min": null, 
      "val_default": "", 
      "answer_type": "select", 
      "eng_tooltip": "", 
      "val_max": null
    }
  }, 
  {
    "pk": 32, 
    "model": "gwst_app.interviewquestion", 
    "fields": {
      "code": "dive_meth", 
      "eng_text": "Primary dive method", 
      "int_group": 1, 
      "question_set": null, 
      "display_order": 3.0, 
      "required": true, 
      "question_group": null, 
      "options": [
        9, 
        10
      ], 
      "val_min": null, 
      "val_default": "", 
      "answer_type": "select", 
      "eng_tooltip": "", 
      "val_max": null
    }
  }, 
  {
    "pk": 33, 
    "model": "gwst_app.interviewquestion", 
    "fields": {
      "code": "dive_shore", 
      "eng_text": "What percentage of your dives are shore based?", 
      "int_group": 1, 
      "question_set": null, 
      "display_order": 4.0, 
      "required": true, 
      "question_group": 1, 
      "options": [], 
      "val_min": 0.0, 
      "val_default": "0", 
      "answer_type": "integer", 
      "eng_tooltip": "Percentage of dives from which you start out from the mainland", 
      "val_max": 100.0
    }
  }, 
  {
    "pk": 34, 
    "model": "gwst_app.interviewquestion", 
    "fields": {
      "code": "dive_isle", 
      "eng_text": "What percentage of your dives are island based?", 
      "int_group": 1, 
      "question_set": null, 
      "display_order": 5.0, 
      "required": true, 
      "question_group": 1, 
      "options": [], 
      "val_min": 0.0, 
      "val_default": "0", 
      "answer_type": "integer", 
      "eng_tooltip": "Percentage of dives from which you start out from an island", 
      "val_max": 100.0
    }
  }, 
  {
    "pk": 2, 
    "model": "gwst_app.interviewquestion", 
    "fields": {
      "code": "launch1", 
      "eng_text": "Launch port/site 1", 
      "int_group": 2, 
      "question_set": null, 
      "display_order": 1.0, 
      "required": false, 
      "question_group": null, 
      "options": [], 
      "val_min": null, 
      "val_default": "", 
      "answer_type": "text", 
      "eng_tooltip": "Ports and sites you launch your kayak from", 
      "val_max": null
    }
  }, 
  {
    "pk": 26, 
    "model": "gwst_app.interviewquestion", 
    "fields": {
      "code": "launch2", 
      "eng_text": "Launch port/site 2", 
      "int_group": 2, 
      "question_set": null, 
      "display_order": 2.0, 
      "required": false, 
      "question_group": null, 
      "options": [], 
      "val_min": null, 
      "val_default": "", 
      "answer_type": "text", 
      "eng_tooltip": "Ports and sites you launch your kayak from", 
      "val_max": null
    }
  }, 
  {
    "pk": 27, 
    "model": "gwst_app.interviewquestion", 
    "fields": {
      "code": "launch3", 
      "eng_text": "Launch port/site 3", 
      "int_group": 2, 
      "question_set": null, 
      "display_order": 3.0, 
      "required": false, 
      "question_group": null, 
      "options": [], 
      "val_min": null, 
      "val_default": "", 
      "answer_type": "text", 
      "eng_tooltip": "Ports and sites you launch your kayak from", 
      "val_max": null
    }
  }, 
  {
    "pk": 28, 
    "model": "gwst_app.interviewquestion", 
    "fields": {
      "code": "launch4", 
      "eng_text": "Launch port/site 4", 
      "int_group": 2, 
      "question_set": null, 
      "display_order": 4.0, 
      "required": false, 
      "question_group": null, 
      "options": [], 
      "val_min": null, 
      "val_default": "", 
      "answer_type": "text", 
      "eng_tooltip": "Ports and sites you launch your kayak from", 
      "val_max": null
    }
  }, 
  {
    "pk": 29, 
    "model": "gwst_app.interviewquestion", 
    "fields": {
      "code": "years_exp", 
      "eng_text": "How many years experience do you have fishing from a kayak?", 
      "int_group": 2, 
      "question_set": null, 
      "display_order": 5.0, 
      "required": false, 
      "question_group": null, 
      "options": [], 
      "val_min": 0.0, 
      "val_default": "", 
      "answer_type": "integer", 
      "eng_tooltip": "", 
      "val_max": 100.0
    }
  }, 
  {
    "pk": 30, 
    "model": "gwst_app.interviewquestion", 
    "fields": {
      "code": "days_fish", 
      "eng_text": "How many days on average do you spend each year fishing from a kayak?", 
      "int_group": 2, 
      "question_set": null, 
      "display_order": 6.0, 
      "required": false, 
      "question_group": null, 
      "options": [], 
      "val_min": 1.0, 
      "val_default": "", 
      "answer_type": "integer", 
      "eng_tooltip": "", 
      "val_max": 365.0
    }
  }, 
  {
    "pk": 12, 
    "model": "gwst_app.interviewquestion", 
    "fields": {
      "code": "boat_type", 
      "eng_text": "Type of boat", 
      "int_group": 3, 
      "question_set": null, 
      "display_order": 1.0, 
      "required": false, 
      "question_group": null, 
      "options": [], 
      "val_min": null, 
      "val_default": "", 
      "answer_type": "text", 
      "eng_tooltip": "", 
      "val_max": null
    }
  }, 
  {
    "pk": 13, 
    "model": "gwst_app.interviewquestion", 
    "fields": {
      "code": "dfg_num", 
      "eng_text": "Department of Fish and Game Boat Number", 
      "int_group": 3, 
      "question_set": null, 
      "display_order": 2.0, 
      "required": false, 
      "question_group": null, 
      "options": [], 
      "val_min": null, 
      "val_default": "", 
      "answer_type": "text", 
      "eng_tooltip": "", 
      "val_max": null
    }
  }, 
  {
    "pk": 14, 
    "model": "gwst_app.interviewquestion", 
    "fields": {
      "code": "yrs_op", 
      "eng_text": "Years operating a sport boat", 
      "int_group": 3, 
      "question_set": null, 
      "display_order": 3.0, 
      "required": false, 
      "question_group": null, 
      "options": [], 
      "val_min": null, 
      "val_default": "", 
      "answer_type": "text", 
      "eng_tooltip": "", 
      "val_max": null
    }
  }, 
  {
    "pk": 15, 
    "model": "gwst_app.interviewquestion", 
    "fields": {
      "code": "yrs_own", 
      "eng_text": "Years owning a sport boat", 
      "int_group": 3, 
      "question_set": null, 
      "display_order": 4.0, 
      "required": false, 
      "question_group": null, 
      "options": [], 
      "val_min": null, 
      "val_default": "", 
      "answer_type": "text", 
      "eng_tooltip": "", 
      "val_max": null
    }
  }, 
  {
    "pk": 16, 
    "model": "gwst_app.interviewquestion", 
    "fields": {
      "code": "v_length", 
      "eng_text": "Vessel length (in feet)", 
      "int_group": 3, 
      "question_set": null, 
      "display_order": 5.0, 
      "required": false, 
      "question_group": null, 
      "options": [], 
      "val_min": null, 
      "val_default": "", 
      "answer_type": "integer", 
      "eng_tooltip": "", 
      "val_max": null
    }
  }, 
  {
    "pk": 17, 
    "model": "gwst_app.interviewquestion", 
    "fields": {
      "code": "storage", 
      "eng_text": "Storage location", 
      "int_group": 3, 
      "question_set": null, 
      "display_order": 6.0, 
      "required": false, 
      "question_group": null, 
      "options": [], 
      "val_min": null, 
      "val_default": "", 
      "answer_type": "text", 
      "eng_tooltip": "", 
      "val_max": null
    }
  }, 
  {
    "pk": 18, 
    "model": "gwst_app.interviewquestion", 
    "fields": {
      "code": "homeport", 
      "eng_text": "Home port (dock/moorage)", 
      "int_group": 3, 
      "question_set": null, 
      "display_order": 7.0, 
      "required": false, 
      "question_group": null, 
      "options": [], 
      "val_min": null, 
      "val_default": "", 
      "answer_type": "text", 
      "eng_tooltip": "", 
      "val_max": null
    }
  }, 
  {
    "pk": 19, 
    "model": "gwst_app.interviewquestion", 
    "fields": {
      "code": "launch1", 
      "eng_text": "Launch Port 1", 
      "int_group": 3, 
      "question_set": null, 
      "display_order": 8.0, 
      "required": false, 
      "question_group": null, 
      "options": [], 
      "val_min": null, 
      "val_default": "", 
      "answer_type": "text", 
      "eng_tooltip": "", 
      "val_max": null
    }
  }, 
  {
    "pk": 20, 
    "model": "gwst_app.interviewquestion", 
    "fields": {
      "code": "launch2", 
      "eng_text": "Launch Port 2", 
      "int_group": 3, 
      "question_set": null, 
      "display_order": 9.0, 
      "required": false, 
      "question_group": null, 
      "options": [], 
      "val_min": null, 
      "val_default": "", 
      "answer_type": "text", 
      "eng_tooltip": "", 
      "val_max": null
    }
  }, 
  {
    "pk": 21, 
    "model": "gwst_app.interviewquestion", 
    "fields": {
      "code": "launch3", 
      "eng_text": "Launch Port 3", 
      "int_group": 3, 
      "question_set": null, 
      "display_order": 10.0, 
      "required": false, 
      "question_group": null, 
      "options": [], 
      "val_min": null, 
      "val_default": "", 
      "answer_type": "text", 
      "eng_tooltip": "", 
      "val_max": null
    }
  }, 
  {
    "pk": 22, 
    "model": "gwst_app.interviewquestion", 
    "fields": {
      "code": "launch4", 
      "eng_text": "Launch Port 4", 
      "int_group": 3, 
      "question_set": null, 
      "display_order": 11.0, 
      "required": false, 
      "question_group": null, 
      "options": [], 
      "val_min": null, 
      "val_default": "", 
      "answer_type": "text", 
      "eng_tooltip": "", 
      "val_max": null
    }
  }, 
  {
    "pk": 23, 
    "model": "gwst_app.interviewquestion", 
    "fields": {
      "code": "yrs_exp", 
      "eng_text": "Years experience fishing from a sport boat", 
      "int_group": 3, 
      "question_set": null, 
      "display_order": 12.0, 
      "required": false, 
      "question_group": null, 
      "options": [], 
      "val_min": 1.0, 
      "val_default": "", 
      "answer_type": "integer", 
      "eng_tooltip": "", 
      "val_max": 120.0
    }
  }, 
  {
    "pk": 24, 
    "model": "gwst_app.interviewquestion", 
    "fields": {
      "code": "avg_ppl", 
      "eng_text": "Average number of individuals with you on a boat per trip", 
      "int_group": 3, 
      "question_set": null, 
      "display_order": 13.0, 
      "required": false, 
      "question_group": null, 
      "options": [], 
      "val_min": 1.0, 
      "val_default": "", 
      "answer_type": "integer", 
      "eng_tooltip": "", 
      "val_max": 100.0
    }
  }, 
  {
    "pk": 25, 
    "model": "gwst_app.interviewquestion", 
    "fields": {
      "code": "avg_days", 
      "eng_text": "Average number of days fishing from a sport boat per year", 
      "int_group": 3, 
      "question_set": null, 
      "display_order": 14.0, 
      "required": false, 
      "question_group": null, 
      "options": [], 
      "val_min": null, 
      "val_default": "", 
      "answer_type": "integer", 
      "eng_tooltip": "", 
      "val_max": null
    }
  }, 
  {
    "pk": 3, 
    "model": "gwst_app.interviewquestion", 
    "fields": {
      "code": "city", 
      "eng_text": "City/Town", 
      "int_group": 6, 
      "question_set": null, 
      "display_order": 1.0, 
      "required": false, 
      "question_group": null, 
      "options": [], 
      "val_min": null, 
      "val_default": "", 
      "answer_type": "text", 
      "eng_tooltip": "#", 
      "val_max": null
    }
  }, 
  {
    "pk": 4, 
    "model": "gwst_app.interviewquestion", 
    "fields": {
      "code": "state", 
      "eng_text": "State", 
      "int_group": 6, 
      "question_set": null, 
      "display_order": 2.0, 
      "required": false, 
      "question_group": null, 
      "options": [], 
      "val_min": null, 
      "val_default": "OR", 
      "answer_type": "text", 
      "eng_tooltip": "", 
      "val_max": null
    }
  }, 
  {
    "pk": 5, 
    "model": "gwst_app.interviewquestion", 
    "fields": {
      "code": "phone", 
      "eng_text": "Phone Number", 
      "int_group": 6, 
      "question_set": null, 
      "display_order": 3.0, 
      "required": false, 
      "question_group": null, 
      "options": [], 
      "val_min": null, 
      "val_default": "", 
      "answer_type": "text", 
      "eng_tooltip": "", 
      "val_max": null
    }
  }, 
  {
    "pk": 6, 
    "model": "gwst_app.interviewquestion", 
    "fields": {
      "code": "age", 
      "eng_text": "Age", 
      "int_group": 6, 
      "question_set": null, 
      "display_order": 4.0, 
      "required": false, 
      "question_group": null, 
      "options": [], 
      "val_min": 10.0, 
      "val_default": "", 
      "answer_type": "integer", 
      "eng_tooltip": "", 
      "val_max": 120.0
    }
  }, 
  {
    "pk": 7, 
    "model": "gwst_app.interviewquestion", 
    "fields": {
      "code": "gender", 
      "eng_text": "Gender", 
      "int_group": 6, 
      "question_set": null, 
      "display_order": 5.0, 
      "required": false, 
      "question_group": null, 
      "options": [
        4, 
        5
      ], 
      "val_min": null, 
      "val_default": "", 
      "answer_type": "select", 
      "eng_tooltip": "", 
      "val_max": null
    }
  }, 
  {
    "pk": 8, 
    "model": "gwst_app.interviewquestion", 
    "fields": {
      "code": "boat_type", 
      "eng_text": "Type of boat", 
      "int_group": 5, 
      "question_set": null, 
      "display_order": 1.0, 
      "required": false, 
      "question_group": null, 
      "options": [], 
      "val_min": null, 
      "val_default": "", 
      "answer_type": "text", 
      "eng_tooltip": "", 
      "val_max": null
    }
  }, 
  {
    "pk": 9, 
    "model": "gwst_app.interviewquestion", 
    "fields": {
      "code": "boat_num", 
      "eng_text": "Department of Fish and Game boat number", 
      "int_group": 5, 
      "question_set": null, 
      "display_order": 2.0, 
      "required": false, 
      "question_group": null, 
      "options": [], 
      "val_min": null, 
      "val_default": "", 
      "answer_type": "text", 
      "eng_tooltip": "", 
      "val_max": null
    }
  }, 
  {
    "pk": 10, 
    "model": "gwst_app.interviewquestion", 
    "fields": {
      "code": "yrs_op", 
      "eng_text": "Years operating a sport boat", 
      "int_group": 5, 
      "question_set": null, 
      "display_order": 3.0, 
      "required": false, 
      "question_group": null, 
      "options": [], 
      "val_min": null, 
      "val_default": "", 
      "answer_type": "text", 
      "eng_tooltip": "", 
      "val_max": null
    }
  }, 
  {
    "pk": 1, 
    "model": "gwst_app.interviewanswer", 
    "fields": {
      "last_modified": "2009-07-13 17:41:16", 
      "num_times_saved": 1, 
      "int_question": 3, 
      "creation_date": "2009-07-13 17:41:16", 
      "option_val": null, 
      "boolean_val": null, 
      "user": 2, 
      "decimal_val": null, 
      "integer_val": null, 
      "text_val": "r3ew"
    }
  }, 
  {
    "pk": 2, 
    "model": "gwst_app.interviewanswer", 
    "fields": {
      "last_modified": "2009-07-13 17:41:16", 
      "num_times_saved": 1, 
      "int_question": 4, 
      "creation_date": "2009-07-13 17:41:16", 
      "option_val": null, 
      "boolean_val": null, 
      "user": 2, 
      "decimal_val": null, 
      "integer_val": null, 
      "text_val": "OR"
    }
  }, 
  {
    "pk": 3, 
    "model": "gwst_app.interviewanswer", 
    "fields": {
      "last_modified": "2009-07-13 17:41:16", 
      "num_times_saved": 1, 
      "int_question": 5, 
      "creation_date": "2009-07-13 17:41:16", 
      "option_val": null, 
      "boolean_val": null, 
      "user": 2, 
      "decimal_val": null, 
      "integer_val": null, 
      "text_val": "e343"
    }
  }, 
  {
    "pk": 4, 
    "model": "gwst_app.interviewanswer", 
    "fields": {
      "last_modified": "2009-07-13 17:41:16", 
      "num_times_saved": 1, 
      "int_question": 6, 
      "creation_date": "2009-07-13 17:41:16", 
      "option_val": null, 
      "boolean_val": null, 
      "user": 2, 
      "decimal_val": null, 
      "integer_val": 44, 
      "text_val": "44"
    }
  }, 
  {
    "pk": 5, 
    "model": "gwst_app.interviewanswer", 
    "fields": {
      "last_modified": "2009-07-13 17:41:16", 
      "num_times_saved": 1, 
      "int_question": 7, 
      "creation_date": "2009-07-13 17:41:16", 
      "option_val": 4, 
      "boolean_val": null, 
      "user": 2, 
      "decimal_val": null, 
      "integer_val": null, 
      "text_val": "Male"
    }
  }, 
  {
    "pk": 6, 
    "model": "gwst_app.interviewanswer", 
    "fields": {
      "last_modified": "2009-07-14 13:53:14", 
      "num_times_saved": 1, 
      "int_question": 1, 
      "creation_date": "2009-07-14 13:53:14", 
      "option_val": null, 
      "boolean_val": null, 
      "user": 2, 
      "decimal_val": null, 
      "integer_val": null, 
      "text_val": "None"
    }
  }, 
  {
    "pk": 7, 
    "model": "gwst_app.interviewanswer", 
    "fields": {
      "last_modified": "2009-07-14 13:53:14", 
      "num_times_saved": 1, 
      "int_question": 31, 
      "creation_date": "2009-07-14 13:53:14", 
      "option_val": null, 
      "boolean_val": null, 
      "user": 2, 
      "decimal_val": null, 
      "integer_val": null, 
      "text_val": null
    }
  }, 
  {
    "pk": 8, 
    "model": "gwst_app.interviewanswer", 
    "fields": {
      "last_modified": "2009-07-14 13:53:14", 
      "num_times_saved": 1, 
      "int_question": 32, 
      "creation_date": "2009-07-14 13:53:14", 
      "option_val": null, 
      "boolean_val": null, 
      "user": 2, 
      "decimal_val": null, 
      "integer_val": null, 
      "text_val": null
    }
  }, 
  {
    "pk": 9, 
    "model": "gwst_app.interviewanswer", 
    "fields": {
      "last_modified": "2009-07-14 13:53:14", 
      "num_times_saved": 1, 
      "int_question": 33, 
      "creation_date": "2009-07-14 13:53:14", 
      "option_val": null, 
      "boolean_val": null, 
      "user": 2, 
      "decimal_val": null, 
      "integer_val": null, 
      "text_val": "None"
    }
  }, 
  {
    "pk": 10, 
    "model": "gwst_app.interviewanswer", 
    "fields": {
      "last_modified": "2009-07-14 13:53:14", 
      "num_times_saved": 1, 
      "int_question": 34, 
      "creation_date": "2009-07-14 13:53:14", 
      "option_val": null, 
      "boolean_val": null, 
      "user": 2, 
      "decimal_val": null, 
      "integer_val": null, 
      "text_val": "None"
    }
  }, 
  {
    "pk": 1, 
    "model": "gwst_app.interviewstatus", 
    "fields": {
      "completed": false, 
      "first_login": "2009-07-13 17:45:14", 
      "creation_date": "2009-07-13 17:41:16", 
      "num_logins": 2, 
      "last_login": "2009-07-14 13:48:42", 
      "user": 2, 
      "interview": 1, 
      "complete_date": null, 
      "notes": null
    }
  }, 
  {
    "pk": 1, 
    "model": "gwst_app.faqgroup", 
    "fields": {
      "faq_group_name": "Drawing Shapes"
    }
  }, 
  {
    "pk": 1, 
    "model": "gwst_app.faq", 
    "fields": {
      "answer": "The precision of your shapes is important; however, we understand that accuracy will vary between users.  Please just do the best you can with the time you have and provide us with any extra information on boundaries so that our team can make your shapes more accurate.", 
      "importance": 1, 
      "question": "How much precision should I use when drawing shapes?", 
      "faq_group": 1
    }
  }, 
  {
    "pk": 2, 
    "model": "gwst_app.faq", 
    "fields": {
      "answer": "The number of shapes you draw is your choice.  Most people draw anywhere from 2-10 shapes per resource.", 
      "importance": 1, 
      "question": "How many shapes should I draw?", 
      "faq_group": 1
    }
  }, 
  {
    "pk": 3, 
    "model": "gwst_app.faq", 
    "fields": {
      "answer": "The map takes the longest to load.  People without a broadband internet connection may need to wait up to a minute or two the first time they draw shapes.  If you wait and still nothing loads then try refreshing the page. If still nothing then verify you are using a supported browser (IE 6+, Firefox 1.0+, Safari 1.2+, Chrome 2+). If you have a supported browser then next verify you have 'javascript' enabled in your browser preferences. Seek the help of friends and family if you're unsure how to do any of these steps or email us at fish@ecotrust.org.  Another option is simply to try another computer. Computers more than 5 years old are more likely to have issues.", 
      "importance": 1, 
      "question": "Why is the map is not loading for me when I go to draw shapes?", 
      "faq_group": 1
    }
  }
]
